# Blender 4.4.3
# www.blender.org
mtllib USACE-3D-22-002-dam.mtl
o penstocks
v 10.248527 7.295829 4.485591
v 10.248527 7.295829 6.204204
v 10.247149 7.295829 6.203397
v 14.492441 7.295829 5.377110
v 14.492441 7.295829 5.312685
v 10.247149 7.295829 4.486398
v 10.088519 7.295829 4.579321
v 13.736998 7.295829 6.112085
v 13.736998 7.295829 4.577711
v 9.818872 7.295829 4.737277
v 12.467961 7.295829 4.717897
v 12.501043 7.295829 4.737277
v 13.894255 7.295829 6.204204
v 13.895627 7.295830 6.203400
v 13.895627 7.295829 4.486395
v 13.894255 7.295829 4.485591
v 10.405778 7.295829 6.112089
v 10.405778 7.295829 4.577706
v 12.150702 7.295829 4.532052
v 12.071390 7.295829 4.485591
v 12.309332 7.295829 4.624974
v 13.578368 7.295829 6.019162
v 13.578368 7.295829 4.670633
v 10.088518 7.295829 6.110474
v 12.679011 7.295829 5.344898
v 14.501876 7.295829 5.344898
v 13.419739 7.295829 5.799348
v 13.419739 7.295829 4.890447
v 13.464602 7.295829 4.737277
v 12.626591 7.295829 5.165923
v 13.464602 7.295829 5.952519
v 14.054256 7.295829 6.110477
v 14.054256 7.295829 4.579318
v 12.501043 7.295829 5.952519
v 12.626591 7.295829 5.523873
v 14.323908 7.295829 5.952519
v 13.286633 7.295829 5.344898
v 14.323908 7.295829 4.737277
v 12.071390 7.295829 6.204204
v 10.678180 7.295829 4.737277
v 12.150702 7.295829 6.157744
v 12.467961 7.295829 5.971899
v 12.309332 7.295829 6.064821
v 10.564407 7.295829 4.670630
v 10.856148 7.295829 5.344898
v 10.723037 7.295829 4.890429
v 11.674814 7.295828 5.971895
v 11.641737 7.295829 5.952519
v 11.992073 7.295829 6.157741
v 11.833444 7.295829 6.064818
v 10.678180 7.295829 5.952519
v 11.516184 7.295829 5.523855
v 11.463769 7.295829 5.344898
v 10.723037 7.295828 5.799366
v 11.641737 7.295829 4.737277
v 11.516184 7.295829 5.165940
v 11.992073 7.295829 4.532054
v 11.833444 7.295829 4.624977
v 10.564407 7.295829 6.019165
v 11.674814 7.295829 4.717901
v 9.818872 7.295829 5.952519
v 9.650334 7.295829 5.377092
v 9.640905 7.295829 5.344898
v 9.650334 7.295829 5.312703
v 14.456224 11.117315 1.367548
v 12.132026 12.334187 1.130327
v 14.501876 11.310922 1.329805
v 10.248527 12.378307 1.121725
v 14.456224 11.504529 1.292063
v 9.818872 12.065678 1.182671
v 10.272669 10.261103 1.534460
v 10.248527 10.243536 1.537885
v 12.071390 12.378307 1.121725
v 13.894255 10.243536 1.537885
v 13.991385 10.314211 1.524107
v 13.991384 12.307632 1.135503
v 14.323908 12.065678 1.182671
v 10.678180 10.556166 1.476940
v 9.807829 12.018842 1.191801
v 9.640905 11.310922 1.329805
v 13.526546 10.511093 1.485727
v 13.526545 12.110750 1.173884
v 13.894255 12.378307 1.121725
v 10.856148 11.310922 1.329805
v 12.679011 11.310922 1.329805
v 12.596866 10.962543 1.397719
v 12.596865 11.659302 1.261891
v 9.807829 10.603001 1.467809
v 9.818872 10.556166 1.476940
v 10.737509 10.807777 1.427889
v 10.737508 11.814066 1.231720
v 12.071390 10.243536 1.537885
v 11.641737 12.065678 1.182671
v 12.132027 10.287657 1.529284
v 10.678180 12.065678 1.182671
v 11.667188 10.537647 1.480550
v 11.667187 12.084196 1.179061
v 10.272669 12.360741 1.125150
v 13.464602 12.065678 1.182671
v 12.501043 10.556166 1.476940
v 13.286633 11.310922 1.329805
v 11.463769 11.310922 1.329805
v 13.464602 10.556166 1.476940
v 11.641737 10.556166 1.476940
v 12.501043 12.065678 1.182671
v 14.323908 10.556166 1.476940
vn -0.0000 -1.0000 -0.0000
vn -0.0000 -0.1913 -0.9815
vn 0.3827 -0.6533 -0.6533
vn 0.9239 -0.2706 -0.2706
vn 0.9239 0.2706 0.2706
vn 0.3827 0.6533 0.6533
vn -0.3827 0.6533 0.6533
vn -0.9239 0.2706 0.2706
vn -0.9239 -0.2706 -0.2706
vn -0.3827 -0.6533 -0.6533
vt 0.213585 0.055629
vt 0.213585 0.016928
vt 0.233215 0.006304
vt 0.272625 0.109287
vt 0.244864 0.098663
vt 0.215242 0.059962
vt 0.261053 0.006196
vt 0.300547 0.109395
vt 0.289099 0.115591
vt 0.288958 0.115537
vt 0.244764 0.000054
vt 0.244864 0.000000
vt 0.277386 0.012446
vt 0.312096 0.103146
vt 0.296984 0.027230
vt 0.320377 0.088361
vt 0.320377 0.098663
vt 0.289099 0.016928
vt 0.320377 0.057796
vt 0.204371 0.613846
vt 0.213585 0.625883
vt 0.213585 0.637921
vt 0.178900 0.583712
vt 0.182306 0.585016
vt 0.213585 0.666751
vt 0.211177 0.668055
vt 0.162568 0.577462
vt 0.199628 0.674304
vt 0.146236 0.571213
vt 0.188080 0.680554
vt 0.182306 0.683679
vt 0.174140 0.680554
vt 0.132297 0.571213
vt 0.138071 0.568088
vt 0.157808 0.674304
vt 0.120749 0.577463
vt 0.001657 0.628048
vt 0.000000 0.625883
vt 0.000000 0.623718
vt 0.141477 0.668055
vt 0.109200 0.583713
vt 0.138071 0.666751
vt 0.116005 0.637920
vt 0.106792 0.613847
vt 0.106792 0.585016
vt 0.106792 0.625883
vt 0.019630 0.574392
vt 0.059040 0.677375
vt 0.031279 0.666751
vt 0.000000 0.585016
vt 0.083398 0.595316
vt 0.106792 0.656450
vt 0.063800 0.580533
vt 0.075514 0.585016
vt 0.106792 0.666751
vt 0.098510 0.671234
vt 0.047468 0.574283
vt 0.086962 0.677484
vt 0.075514 0.683679
vt 0.075372 0.683625
vt 0.031178 0.568142
vt 0.031279 0.568088
vt 0.213585 0.057796
vt 0.213585 0.597893
vt 0.221609 0.582333
vt 0.213585 0.613453
vt 0.315868 0.533611
vt 0.282721 0.662175
vt 0.244864 0.683679
vt 0.237793 0.677999
vt 0.279099 0.517787
vt 0.289099 0.512107
vt 0.213585 0.085786
vt 0.199147 0.113785
vt 0.213585 0.057786
vt 0.108645 0.147934
vt 0.140692 0.023638
vt 0.182306 0.000000
vt 0.186720 0.003546
vt 0.144314 0.168025
vt 0.138071 0.171572
vt 0.106792 0.085786
vt 0.085941 0.126224
vt 0.106792 0.045348
vt 0.075514 0.000000
vt 0.077271 0.001412
vt 0.033765 0.170160
vt 0.031279 0.171572
vt 0.000000 0.146446
vt 0.000000 0.142682
vt 0.029338 0.028890
vt 0.031279 0.025126
vt 0.000000 0.085786
vt 0.075514 0.146446
vt 0.106792 0.025126
vt 0.138071 0.025126
vt 0.106792 0.146446
vt 0.182306 0.146446
vt 0.213585 0.025126
vt 0.289099 0.658553
vt 0.320377 0.537233
vt 0.320377 0.597893
vt 0.244864 0.537233
vt 0.213585 0.658553
vt 0.653711 0.060660
vt 0.653711 0.600757
vt 0.630316 0.570190
vt 0.622432 0.559890
vt 0.622432 0.121319
vt 0.632859 0.101098
vt 0.697946 0.000000
vt 0.697946 0.641625
vt 0.686796 0.631324
vt 0.683199 0.020222
vt 0.427170 0.000000
vt 0.427170 0.683679
vt 0.415722 0.677484
vt 0.404174 0.671234
vt 0.395891 0.666751
vt 0.395891 0.025126
vt 0.425412 0.001412
vt 0.471405 0.025126
vt 0.471405 0.666751
vt 0.443644 0.677375
vt 0.427312 0.683625
vt 0.893208 0.040868
vt 0.894865 0.038702
vt 0.924486 0.000000
vt 0.924487 0.641625
vt 0.922545 0.637861
vt 0.893208 0.580965
vt 0.848973 0.081735
vt 0.890864 0.043033
vt 0.851717 0.524070
vt 0.848973 0.520305
vt 0.578197 0.060660
vt 0.578197 0.600757
vt 0.568984 0.588719
vt 0.546918 0.559890
vt 0.546918 0.121319
vt 0.563760 0.088659
vt 0.622432 0.000000
vt 0.622432 0.641625
vt 0.591227 0.612795
vt 0.598615 0.032660
vt 0.502684 0.000000
vt 0.502684 0.683679
vt 0.496910 0.680554
vt 0.485362 0.674304
vt 0.473813 0.668055
vt 0.471405 0.025126
vt 0.498269 0.003546
vt 0.546919 0.025126
vt 0.546919 0.666751
vt 0.543513 0.668054
vt 0.527182 0.674304
vt 0.510850 0.680554
vt 0.544298 0.023638
vt 0.804738 0.600757
vt 0.795526 0.612793
vt 0.773459 0.641625
vt 0.773459 0.000000
vt 0.804738 0.060660
vt 0.848973 0.559890
vt 0.817766 0.588721
vt 0.848973 0.121319
vt 0.729224 0.060660
vt 0.729224 0.600757
vt 0.727566 0.598591
vt 0.697946 0.559890
vt 0.697946 0.121319
vt 0.721201 0.076220
vt 0.773459 0.000000
vt 0.773459 0.641625
vt 0.731570 0.602924
vt 0.740571 0.045099
vt 0.351656 0.000000
vt 0.351656 0.683679
vt 0.351557 0.683625
vt 0.340008 0.677375
vt 0.320377 0.666751
vt 0.320377 0.025126
vt 0.344585 0.005681
vt 0.395891 0.025126
vt 0.384178 0.671234
vt 0.367847 0.677483
vt 0.389513 0.021504
vt 0.955765 0.600757
vt 0.932371 0.631323
vt 0.924486 0.641625
vt 0.955765 0.060660
vt 1.000000 0.559889
vt 0.988849 0.570191
vt 1.000000 0.121319
s 0
usemtl penstocks
f 4/1/1 36/2/1 32/3/1 33/4/1 38/5/1 5/6/1
f 8/7/1 9/8/1 16/9/1 15/10/1 14/11/1 13/12/1
f 22/13/1 23/14/1 9/8/1 8/7/1
f 27/15/1 28/16/1 29/17/1 23/14/1 22/13/1 31/18/1
f 27/15/1 37/19/1 28/16/1
f 30/20/1 25/21/1 35/22/1
f 11/23/1 12/24/1 30/20/1 35/22/1 34/25/1 42/26/1
f 21/27/1 11/23/1 42/26/1 43/28/1
f 19/29/1 21/27/1 43/28/1 41/30/1
f 19/29/1 41/30/1 39/31/1 49/32/1 57/33/1 20/34/1
f 49/32/1 50/35/1 58/36/1 57/33/1
f 62/37/1 63/38/1 64/39/1
f 50/35/1 47/40/1 60/41/1 58/36/1
f 47/40/1 48/42/1 52/43/1 56/44/1 55/45/1 60/41/1
f 52/43/1 53/46/1 56/44/1
f 15/10/1 33/4/1 32/3/1 14/11/1
f 7/47/1 24/48/1 61/49/1 62/37/1 64/39/1 10/50/1
f 46/51/1 45/46/1 54/52/1
f 44/53/1 40/54/1 46/51/1 54/52/1 51/55/1 59/56/1
f 18/57/1 44/53/1 59/56/1 17/58/1
f 18/57/1 17/58/1 2/59/1 3/60/1 6/61/1 1/62/1
f 7/47/1 6/61/1 3/60/1 24/48/1
f 26/63/1 4/1/1 5/6/1
f 67/64/2 65/65/2 69/66/2
f 81/67/2 82/68/2 83/69/2 76/70/2 75/71/2 74/72/2
f 85/73/2 86/74/2 87/75/2
f 96/76/2 97/77/2 73/78/2 66/79/2 94/80/2 92/81/2
f 84/82/2 90/83/2 91/84/2
f 68/85/2 98/86/2 71/87/2 72/88/2 89/89/2 88/90/2 79/91/2 70/92/2
f 79/91/2 88/90/2 80/93/2
f 78/94/2 71/87/2 98/86/2 95/95/2 91/84/2 90/83/2
f 102/82/2 93/96/2 97/77/2 96/76/2 104/97/2
f 100/98/2 94/80/2 66/79/2 105/99/2 87/75/2 86/74/2
f 99/100/2 82/68/2 81/67/2 103/101/2 101/102/2
f 106/103/2 75/71/2 76/70/2 77/104/2 69/66/2 65/65/2
f 40/54/3 44/53/3 18/57/3 1/62/3 72/88/3 71/87/3 78/94/3
f 84/105/4 45/106/4 46/107/4 40/108/4 78/109/4 90/110/4
f 95/111/5 51/112/5 54/113/5 45/106/5 84/105/5 91/114/5
f 68/115/6 2/116/6 17/117/6 59/118/6 51/119/6 95/120/6 98/121/6
f 70/122/7 61/123/7 24/124/7 3/125/7 2/116/7 68/115/7
f 63/126/8 62/127/8 61/128/8 70/129/8 79/130/8 80/131/8
f 10/132/9 64/133/9 63/126/9 80/131/9 88/134/9 89/135/9
f 1/62/10 6/61/10 7/47/10 10/50/10 89/89/10 72/88/10
f 12/24/3 11/23/3 21/27/3 19/29/3 20/34/3 92/81/3 94/80/3 100/98/3
f 85/136/4 25/137/4 30/138/4 12/139/4 100/140/4 86/141/4
f 105/142/5 34/143/5 35/144/5 25/137/5 85/136/5 87/145/5
f 73/146/6 39/147/6 41/148/6 43/149/6 42/150/6 34/123/6 105/151/6 66/152/6
f 93/153/7 48/154/7 47/155/7 50/156/7 49/157/7 39/147/7 73/146/7 97/158/7
f 53/159/8 52/160/8 48/161/8 93/162/8 102/163/8
f 55/164/9 56/165/9 53/159/9 102/163/9 104/166/9
f 20/34/10 57/33/10 58/36/10 60/41/10 55/45/10 104/97/10 96/76/10 92/81/10
f 38/5/3 33/4/3 15/10/3 16/9/3 74/72/3 75/71/3 106/103/3
f 67/167/4 26/168/4 5/169/4 38/170/4 106/171/4 65/172/4
f 77/173/5 36/174/5 4/175/5 26/168/5 67/167/5 69/176/5
f 83/177/6 13/178/6 14/179/6 32/180/6 36/181/6 77/182/6 76/183/6
f 99/184/7 31/119/7 22/185/7 8/186/7 13/178/7 83/177/7 82/187/7
f 37/188/8 27/189/8 31/190/8 99/128/8 101/191/8
f 29/192/9 28/193/9 37/188/9 101/191/9 103/194/9
f 16/9/10 9/8/10 23/14/10 29/17/10 103/101/10 81/67/10 74/72/10
o powerhouse
v 8.878153 4.608519 2.879658
v 9.807833 4.608519 2.879658
v 10.737511 4.608519 2.879658
v 11.667191 4.608519 2.879658
v 12.596869 4.608519 2.879658
v 13.526548 4.608519 2.879658
v 14.456228 4.608519 2.879658
v 9.342993 4.608519 2.879658
v 10.272672 4.608519 2.879658
v 11.202351 4.608519 2.879658
v 12.132030 4.608519 2.879658
v 13.061709 4.608519 2.879658
v 13.991388 4.608519 2.879658
v 14.921067 4.608519 2.879658
v 8.161543 7.295824 11.203795
v 8.161543 7.295824 6.642169
v 15.981237 7.295824 11.203795
v 15.981237 7.295824 6.642169
v 7.897601 7.295824 11.357767
v 7.897601 7.295824 6.488197
v 16.245180 7.295824 11.357767
v 16.245180 7.295824 6.488197
v 8.066908 7.623713 11.188459
v 8.066908 7.623713 6.657505
v 16.075872 7.623713 11.188459
v 16.075872 7.623713 6.657505
v 7.897601 7.623713 11.357767
v 7.897601 7.623713 6.488197
v 16.245180 7.623713 6.488197
v 16.245180 7.623713 11.357767
v 8.214202 8.762216 11.041164
v 8.214202 8.762216 6.804800
v 15.928578 8.762216 11.041164
v 15.928578 8.762216 6.804800
v 13.928866 7.295824 11.203795
v 10.213914 7.295824 11.203795
v 10.088521 7.295824 6.488197
v 14.054259 7.295824 6.488197
v 14.054259 7.295824 11.357767
v 10.088521 7.295824 11.357767
v 10.088521 7.623713 6.488197
v 14.054259 7.623713 6.488197
v 14.054259 7.623713 11.357767
v 10.088521 7.623713 11.357767
v 10.168955 7.623713 6.657505
v 13.973825 7.623713 6.657505
v 13.973825 7.623713 11.188459
v 10.168955 7.623713 11.188459
v 10.168955 8.762216 6.804800
v 13.973825 8.762216 6.804800
v 13.973825 8.762216 11.041164
v 10.168955 8.762216 11.041164
v 13.928866 7.295824 11.532602
v 10.213914 7.295824 11.532602
v 14.054259 7.295824 11.686574
v 10.088521 7.295824 11.686574
v 14.054259 7.623713 11.686574
v 10.088521 7.623713 11.686574
v 13.973825 7.623713 11.517266
v 10.168955 7.623713 11.517266
v 13.973825 8.762216 11.517266
v 10.168955 8.762216 11.517266
v 8.161543 7.295824 10.437881
v 8.161543 7.295824 9.985919
v 8.161543 7.295824 9.148982
v 8.161543 7.295824 8.697020
v 8.161543 7.295824 7.860083
v 8.161543 7.295824 7.408121
v 15.981237 7.295824 7.408121
v 15.981237 7.295824 7.860083
v 15.981237 7.295824 8.697020
v 15.981237 7.295824 9.148982
v 15.981237 7.295824 9.985919
v 15.981237 7.295824 10.437881
v 7.897601 7.295824 10.514157
v 7.897601 7.295824 10.031685
v 7.897601 7.295824 9.164237
v 7.897601 7.295824 8.681765
v 7.897601 7.295824 7.814317
v 7.897601 7.295824 7.331844
v 16.245180 7.295824 7.331844
v 16.245180 7.295824 7.814317
v 16.245180 7.295824 8.681765
v 16.245180 7.295824 9.164237
v 16.245180 7.295824 10.031685
v 16.245180 7.295824 10.514157
v 7.897601 7.623713 10.514157
v 7.897601 7.623713 10.031685
v 7.897601 7.623713 9.164237
v 7.897601 7.623713 8.681765
v 7.897601 7.623713 7.814317
v 7.897601 7.623713 7.331844
v 16.245180 7.623713 7.331844
v 16.245180 7.623713 7.814317
v 16.245180 7.623713 8.681765
v 16.245180 7.623713 9.164237
v 16.245180 7.623713 10.031685
v 16.245180 7.623713 10.514157
v 8.066908 7.623713 10.430284
v 8.066908 7.623713 9.981360
v 8.066908 7.623713 9.147462
v 8.066908 7.623713 8.698540
v 8.066908 7.623713 7.864641
v 8.066908 7.623713 7.415718
v 16.075872 7.623713 7.415718
v 16.075872 7.623713 7.864641
v 16.075872 7.623713 8.698540
v 16.075872 7.623713 9.147462
v 16.075872 7.623713 9.981360
v 16.075872 7.623713 10.430284
v 8.214202 8.762216 10.430284
v 8.214202 8.762216 9.981360
v 8.214202 8.762216 9.147462
v 8.214202 8.762216 8.698540
v 8.214202 8.762216 7.864641
v 8.214202 8.762216 7.415718
v 15.928578 8.762216 7.415718
v 15.928578 8.762216 7.864641
v 15.928578 8.762216 8.698540
v 15.928578 8.762216 9.147462
v 15.928578 8.762216 9.981360
v 15.928578 8.762216 10.430284
v 8.161543 4.791684 11.203795
v 8.161543 6.642407 11.203795
v 8.161543 6.642407 6.642169
v 8.161543 4.791684 6.642169
v 15.981237 6.642407 6.642169
v 15.981237 4.791684 6.642169
v 15.981237 6.642407 11.203795
v 15.981237 4.791684 11.203795
v 13.928866 6.642407 11.203795
v 13.928866 4.791684 11.203795
v 10.213914 6.642407 11.203795
v 10.213914 4.791684 11.203795
v 13.928866 6.642407 11.532602
v 13.928866 4.791684 11.532602
v 10.213914 6.642407 11.532602
v 10.213914 4.791684 11.532602
v 15.981237 6.642407 7.408121
v 15.981237 4.791684 7.408121
v 15.981237 6.642407 7.860083
v 15.981237 4.791684 7.860083
v 15.981237 6.642407 8.697020
v 15.981237 4.791684 8.697020
v 15.981237 6.642407 9.148982
v 15.981237 4.791684 9.148982
v 15.981237 6.642407 9.985919
v 15.981237 4.791684 9.985919
v 15.981237 6.642407 10.437881
v 15.981237 4.791684 10.437881
v 8.161543 6.642407 10.437881
v 8.161543 4.791684 10.437881
v 8.161543 6.642407 9.985919
v 8.161543 4.791684 9.985919
v 8.161543 6.642407 9.148982
v 8.161543 4.791684 9.148982
v 8.161543 6.642407 8.697020
v 8.161543 4.791684 8.697020
v 8.161543 6.642407 7.860083
v 8.161543 4.791684 7.860083
v 8.161543 6.642407 7.408121
v 8.161543 4.791684 7.408121
v 9.803440 7.295824 11.203795
v 9.392965 7.295824 11.203795
v 8.982491 7.295824 11.203795
v 8.572017 7.295824 11.203795
v 9.650337 7.295824 11.357767
v 9.212152 7.295824 11.357767
v 8.773969 7.295824 11.357767
v 8.335784 7.295824 11.357767
v 9.650337 7.623713 11.357767
v 9.212152 7.623713 11.357767
v 8.773969 7.623713 11.357767
v 8.335784 7.623713 11.357767
v 9.748546 7.623713 11.188459
v 9.328136 7.623713 11.188459
v 8.907726 7.623713 11.188459
v 8.487317 7.623713 11.188459
v 9.748546 8.762216 11.041164
v 9.328136 8.762216 11.041164
v 8.907726 8.762216 11.041164
v 8.487317 8.762216 11.041164
v 8.572017 7.295824 6.642169
v 8.773969 7.295824 6.642169
v 8.335785 7.295824 6.488197
v 8.773969 7.295824 6.488197
v 9.212152 7.295824 6.488197
v 9.650337 7.295824 6.488197
v 8.335785 7.623713 6.488197
v 8.773969 7.623713 6.488197
v 9.212152 7.623713 6.488197
v 9.650337 7.623713 6.488197
v 8.487317 7.623713 6.657505
v 8.907726 7.623713 6.657505
v 9.328136 7.623713 6.657505
v 9.748546 7.623713 6.657505
v 8.487317 8.762216 6.804800
v 8.907726 8.762216 6.804800
v 9.328136 8.762216 6.804800
v 9.748546 8.762216 6.804800
v 8.572017 4.791684 6.642169
v 8.773969 4.791684 6.642169
v 8.572017 6.642407 6.642169
v 8.773969 6.642407 6.642169
v 9.803440 4.791684 11.203795
v 9.392965 4.791684 11.203795
v 8.982491 4.791684 11.203795
v 8.572017 4.791684 11.203795
v 9.803440 6.642407 11.203795
v 9.392965 6.642407 11.203795
v 8.982491 6.642407 11.203795
v 8.572017 6.642407 11.203795
v 15.368812 7.295824 6.642169
v 15.570764 7.295824 6.642169
v 14.492443 7.295824 6.488197
v 14.930628 7.295824 6.488197
v 15.368812 7.295824 6.488197
v 15.806996 7.295824 6.488197
v 14.492443 7.623713 6.488197
v 14.930628 7.623713 6.488197
v 15.368812 7.623713 6.488197
v 15.806996 7.623713 6.488197
v 14.394235 7.623713 6.657505
v 14.814645 7.623713 6.657505
v 15.235054 7.623713 6.657505
v 15.655463 7.623713 6.657505
v 14.394235 8.762216 6.804800
v 14.814645 8.762216 6.804800
v 15.235054 8.762216 6.804800
v 15.655463 8.762216 6.804800
v 15.570764 7.295824 11.203795
v 15.160290 7.295824 11.203795
v 14.749815 7.295824 11.203795
v 14.339340 7.295824 11.203795
v 15.806995 7.295824 11.357767
v 15.368812 7.295824 11.357767
v 14.930628 7.295824 11.357767
v 14.492443 7.295824 11.357767
v 15.806995 7.623713 11.357767
v 15.368812 7.623713 11.357767
v 14.930628 7.623713 11.357767
v 14.492443 7.623713 11.357767
v 15.655463 7.623713 11.188459
v 15.235054 7.623713 11.188459
v 14.814644 7.623713 11.188459
v 14.394235 7.623713 11.188459
v 15.655463 8.762216 11.041164
v 15.235054 8.762216 11.041164
v 14.814644 8.762216 11.041164
v 14.394235 8.762216 11.041164
v 15.570764 4.791684 11.203795
v 15.160290 4.791684 11.203795
v 14.749815 4.791684 11.203795
v 14.339340 4.791684 11.203795
v 15.570764 6.642407 11.203795
v 15.160290 6.642407 11.203795
v 14.749815 6.642407 11.203795
v 14.339340 6.642407 11.203795
v 15.368812 4.791684 6.642169
v 15.570764 4.791684 6.642169
v 15.368812 6.642407 6.642169
v 15.570764 6.642407 6.642169
v 9.392965 4.791684 11.083491
v 8.982491 4.791684 11.083491
v 9.392965 6.642407 11.083491
v 8.982491 6.642407 11.083491
v 15.160290 4.791684 11.083491
v 14.749815 4.791684 11.083491
v 15.160290 6.642407 11.083491
v 14.749815 6.642407 11.083491
v 8.281848 6.642407 10.437881
v 8.281848 4.791684 10.437881
v 8.281848 6.642407 9.985919
v 8.281848 4.791684 9.985919
v 8.281848 6.642407 9.148982
v 8.281848 4.791684 9.148982
v 8.281848 6.642407 8.697020
v 8.281848 4.791684 8.697020
v 8.281848 6.642407 7.860083
v 8.281848 4.791684 7.860083
v 8.281848 6.642407 7.408121
v 8.281848 4.791684 7.408121
v 15.860932 6.642407 7.408121
v 15.860932 4.791684 7.408121
v 15.860932 6.642407 7.860083
v 15.860932 4.791684 7.860083
v 15.860932 6.642407 8.697020
v 15.860932 4.791684 8.697020
v 15.860932 6.642407 9.148982
v 15.860932 4.791684 9.148982
v 15.860932 6.642407 9.985919
v 15.860932 4.791684 9.985919
v 15.860932 6.642407 10.437881
v 15.860932 4.791684 10.437881
v 8.066908 8.762216 7.415718
v 8.066908 8.762216 6.657505
v 15.655463 8.762216 6.657505
v 16.075872 8.762216 6.657505
v 16.075872 8.762216 10.430284
v 16.075872 8.762216 11.188459
v 8.487317 8.762216 11.188459
v 8.066908 8.762216 11.188459
v 9.748546 8.762216 6.657505
v 10.168955 8.762216 6.657505
v 13.973825 8.762216 6.657505
v 14.394235 8.762216 11.188459
v 13.973825 8.762216 11.188459
v 10.168955 8.762216 11.188459
v 8.066908 8.762216 10.430284
v 8.066908 8.762216 9.981360
v 8.066908 8.762216 9.147462
v 8.066908 8.762216 8.698540
v 8.066908 8.762216 7.864641
v 16.075872 8.762216 7.415718
v 16.075872 8.762216 7.864641
v 16.075872 8.762216 8.698540
v 16.075872 8.762216 9.147462
v 16.075872 8.762216 9.981360
v 9.748546 8.762216 11.188459
v 9.328136 8.762216 11.188459
v 8.907726 8.762216 11.188459
v 8.487317 8.762216 6.657505
v 8.907726 8.762216 6.657505
v 9.328136 8.762216 6.657505
v 14.394235 8.762216 6.657505
v 14.814645 8.762216 6.657505
v 15.235054 8.762216 6.657505
v 15.655463 8.762216 11.188459
v 15.235054 8.762216 11.188459
v 14.814644 8.762216 11.188459
v 13.973825 8.614888 10.430284
v 13.973825 8.614888 11.041164
v 10.168955 8.614888 10.430284
v 10.168955 8.614888 11.041164
v 13.973825 8.614888 6.804800
v 13.973825 8.614888 7.415718
v 10.168955 8.614888 6.804800
v 10.168955 8.614888 7.415718
v 15.655463 8.614888 7.415718
v 15.928578 8.614888 7.415718
v 15.655463 8.614888 7.864641
v 15.928578 8.614888 7.864641
v 15.655463 8.614888 8.698540
v 15.928578 8.614888 8.698540
v 15.655463 8.614888 9.147462
v 15.928578 8.614888 9.147462
v 15.655463 8.614888 9.981360
v 15.928578 8.614888 9.981360
v 15.655463 8.614888 10.430284
v 15.928578 8.614888 10.430284
v 9.748546 8.614888 7.415718
v 9.748546 8.614888 10.430284
v 8.214202 8.614888 7.415718
v 8.487317 8.614888 7.415718
v 8.907726 8.614888 7.415718
v 9.328136 8.614888 7.415718
v 8.214202 8.614888 7.864641
v 8.487317 8.614888 7.864641
v 8.907726 8.614888 7.864641
v 8.214202 8.614888 8.698540
v 8.487317 8.614888 8.698540
v 8.907726 8.614888 8.698540
v 8.214202 8.614888 9.147462
v 8.487317 8.614888 9.147462
v 8.907726 8.614888 9.147462
v 8.214202 8.614888 9.981360
v 8.487317 8.614888 9.981360
v 8.907726 8.614888 9.981360
v 8.214202 8.614888 10.430284
v 8.487317 8.614888 10.430284
v 8.907726 8.614888 10.430284
v 9.328136 8.614888 10.430284
v 9.748546 8.614888 6.804800
v 9.328136 8.614888 6.804800
v 8.907726 8.614888 6.804800
v 8.487317 8.614888 6.804800
v 9.748546 8.614888 11.041164
v 9.328136 8.614888 11.041164
v 8.907726 8.614888 11.041164
v 8.487317 8.614888 11.041164
v 14.394235 8.614888 7.415718
v 14.814645 8.614888 7.415718
v 15.235054 8.614888 7.415718
v 15.235054 8.614888 7.864641
v 15.235054 8.614888 8.698540
v 15.235054 8.614888 9.147462
v 15.235054 8.614888 9.981360
v 14.394235 8.614888 10.430284
v 14.814645 8.614888 10.430284
v 15.235054 8.614888 10.430284
v 15.655463 8.614888 6.804800
v 15.235054 8.614888 6.804800
v 14.814645 8.614888 6.804800
v 14.394235 8.614888 6.804800
v 15.655463 8.614888 11.041164
v 15.235054 8.614888 11.041164
v 14.814644 8.614888 11.041164
v 14.394235 8.614888 11.041164
v 8.214202 8.614888 6.804800
v 15.928578 8.614888 6.804800
v 15.928578 8.614888 11.041164
v 8.214202 8.614888 11.041164
v 13.780269 7.295824 11.203795
v 13.631670 7.295824 11.203795
v 13.483072 7.295824 11.203795
v 13.334475 7.295824 11.203795
v 13.185876 7.295824 11.203795
v 13.037278 7.295824 11.203795
v 12.888680 7.295824 11.203795
v 12.740082 7.295824 11.203795
v 12.591484 7.295824 11.203795
v 12.442885 7.295824 11.203795
v 12.294288 7.295824 11.203795
v 12.145689 7.295824 11.203795
v 11.997091 7.295824 11.203795
v 11.848494 7.295824 11.203795
v 11.699895 7.295824 11.203795
v 11.551297 7.295824 11.203795
v 11.402699 7.295824 11.203795
v 11.254101 7.295824 11.203795
v 11.105503 7.295824 11.203795
v 10.956904 7.295824 11.203795
v 10.808307 7.295824 11.203795
v 10.659708 7.295824 11.203795
v 10.511110 7.295824 11.203795
v 10.362513 7.295824 11.203795
v 10.247150 7.295824 6.488197
v 10.405781 7.295824 6.488197
v 10.564409 7.295824 6.488197
v 10.723040 7.295824 6.488197
v 10.881669 7.295824 6.488197
v 11.040298 7.295824 6.488197
v 11.198928 7.295824 6.488197
v 11.357557 7.295824 6.488197
v 11.516187 7.295824 6.488197
v 11.674816 7.295824 6.488197
v 11.833447 7.295824 6.488197
v 11.992076 7.295824 6.488197
v 12.150705 7.295824 6.488197
v 12.309335 7.295824 6.488197
v 12.467964 7.295824 6.488197
v 12.626594 7.295824 6.488197
v 12.785223 7.295824 6.488197
v 12.943852 7.295824 6.488197
v 13.102483 7.295824 6.488197
v 13.261112 7.295824 6.488197
v 13.419742 7.295824 6.488197
v 13.578371 7.295824 6.488197
v 13.737000 7.295824 6.488197
v 13.895630 7.295824 6.488197
v 13.895630 7.295824 11.357767
v 13.737000 7.295824 11.357767
v 13.578371 7.295824 11.357767
v 13.419741 7.295824 11.357767
v 13.261111 7.295824 11.357767
v 13.102482 7.295824 11.357767
v 12.943852 7.295824 11.357767
v 12.785223 7.295824 11.357767
v 12.626594 7.295824 11.357767
v 12.467964 7.295824 11.357767
v 12.309335 7.295824 11.357767
v 12.150705 7.295824 11.357767
v 11.992075 7.295824 11.357767
v 11.833446 7.295824 11.357767
v 11.674816 7.295824 11.357767
v 11.516187 7.295824 11.357767
v 11.357557 7.295824 11.357767
v 11.198928 7.295824 11.357767
v 11.040298 7.295824 11.357767
v 10.881669 7.295824 11.357767
v 10.723040 7.295824 11.357767
v 10.564409 7.295824 11.357767
v 10.405781 7.295824 11.357767
v 10.247150 7.295824 11.357767
v 10.247150 7.623713 6.488197
v 10.405781 7.623713 6.488197
v 10.564409 7.623713 6.488197
v 10.723040 7.623713 6.488197
v 10.881669 7.623713 6.488197
v 11.040298 7.623713 6.488197
v 11.198928 7.623713 6.488197
v 11.357557 7.623713 6.488197
v 11.516187 7.623713 6.488197
v 11.674816 7.623713 6.488197
v 11.833447 7.623713 6.488197
v 11.992076 7.623713 6.488197
v 12.150705 7.623713 6.488197
v 12.309335 7.623713 6.488197
v 12.467964 7.623713 6.488197
v 12.626594 7.623713 6.488197
v 12.785223 7.623713 6.488197
v 12.943852 7.623713 6.488197
v 13.102483 7.623713 6.488197
v 13.261112 7.623713 6.488197
v 13.419742 7.623713 6.488197
v 13.578371 7.623713 6.488197
v 13.737000 7.623713 6.488197
v 13.895630 7.623713 6.488197
v 10.321150 7.623713 6.657505
v 10.473345 7.623713 6.657505
v 10.625540 7.623713 6.657505
v 10.777735 7.623713 6.657505
v 10.929930 7.623713 6.657505
v 11.082124 7.623713 6.657505
v 11.234319 7.623713 6.657505
v 11.386514 7.623713 6.657505
v 11.538709 7.623713 6.657505
v 11.690904 7.623713 6.657505
v 11.843098 7.623713 6.657505
v 11.995293 7.623713 6.657505
v 12.147488 7.623713 6.657505
v 12.299683 7.623713 6.657505
v 12.451878 7.623713 6.657505
v 12.604073 7.623713 6.657505
v 12.756268 7.623713 6.657505
v 12.908462 7.623713 6.657505
v 13.060657 7.623713 6.657505
v 13.212852 7.623713 6.657505
v 13.365047 7.623713 6.657505
v 13.517241 7.623713 6.657505
v 13.669436 7.623713 6.657505
v 13.821630 7.623713 6.657505
v 10.321150 8.762216 6.657505
v 10.473345 8.762216 6.657505
v 10.625540 8.762216 6.657505
v 10.777735 8.762216 6.657505
v 10.929930 8.762216 6.657505
v 11.082124 8.762216 6.657505
v 11.234319 8.762216 6.657505
v 11.386514 8.762216 6.657505
v 11.538709 8.762216 6.657505
v 11.690904 8.762216 6.657505
v 11.843098 8.762216 6.657505
v 11.995293 8.762216 6.657505
v 12.147488 8.762216 6.657505
v 12.299683 8.762216 6.657505
v 12.451878 8.762216 6.657505
v 12.604073 8.762216 6.657505
v 12.756268 8.762216 6.657505
v 12.908462 8.762216 6.657505
v 13.060657 8.762216 6.657505
v 13.212852 8.762216 6.657505
v 13.365047 8.762216 6.657505
v 13.517241 8.762216 6.657505
v 13.669436 8.762216 6.657505
v 13.821630 8.762216 6.657505
v 13.821630 8.762216 11.188459
v 13.669436 8.762216 11.188459
v 13.517241 8.762216 11.188459
v 13.365047 8.762216 11.188459
v 13.212852 8.762216 11.188459
v 13.060657 8.762216 11.188459
v 12.908462 8.762216 11.188459
v 12.756267 8.762216 11.188459
v 12.604073 8.762216 11.188459
v 12.451878 8.762216 11.188459
v 12.299683 8.762216 11.188459
v 12.147488 8.762216 11.188459
v 11.995293 8.762216 11.188459
v 11.843098 8.762216 11.188459
v 11.690903 8.762216 11.188459
v 11.538709 8.762216 11.188459
v 11.386514 8.762216 11.188459
v 11.234319 8.762216 11.188459
v 11.082124 8.762216 11.188459
v 10.929930 8.762216 11.188459
v 10.777735 8.762216 11.188459
v 10.625540 8.762216 11.188459
v 10.473345 8.762216 11.188459
v 10.321150 8.762216 11.188459
v 13.780269 7.295824 11.532602
v 13.631670 7.295824 11.532602
v 13.483072 7.295824 11.532602
v 13.334475 7.295824 11.532602
v 13.185876 7.295824 11.532602
v 13.037278 7.295824 11.532602
v 12.888680 7.295824 11.532602
v 12.740082 7.295824 11.532602
v 12.591484 7.295824 11.532602
v 12.442885 7.295824 11.532602
v 12.294288 7.295824 11.532602
v 12.145689 7.295824 11.532602
v 11.997091 7.295824 11.532602
v 11.848494 7.295824 11.532602
v 11.699895 7.295824 11.532602
v 11.551297 7.295824 11.532602
v 11.402699 7.295824 11.532602
v 11.254101 7.295824 11.532602
v 11.105503 7.295824 11.532602
v 10.956904 7.295824 11.532602
v 10.808307 7.295824 11.532602
v 10.659708 7.295824 11.532602
v 10.511110 7.295824 11.532602
v 10.362513 7.295824 11.532602
v 13.895630 7.295824 11.686574
v 13.737000 7.295824 11.686574
v 13.578371 7.295824 11.686574
v 13.419741 7.295824 11.686574
v 13.261111 7.295824 11.686574
v 13.102482 7.295824 11.686574
v 12.943852 7.295824 11.686574
v 12.785223 7.295824 11.686574
v 12.626594 7.295824 11.686574
v 12.467964 7.295824 11.686574
v 12.309335 7.295824 11.686574
v 12.150705 7.295824 11.686574
v 11.992075 7.295824 11.686574
v 11.833446 7.295824 11.686574
v 11.674816 7.295824 11.686574
v 11.516187 7.295824 11.686574
v 11.357557 7.295824 11.686574
v 11.198928 7.295824 11.686574
v 11.040298 7.295824 11.686574
v 10.881669 7.295824 11.686574
v 10.723040 7.295824 11.686574
v 10.564409 7.295824 11.686574
v 10.405781 7.295824 11.686574
v 10.247150 7.295824 11.686574
v 13.895630 7.623713 11.686574
v 13.737000 7.623713 11.686574
v 13.578371 7.623713 11.686574
v 13.419741 7.623713 11.686574
v 13.261111 7.623713 11.686574
v 13.102482 7.623713 11.686574
v 12.943852 7.623713 11.686574
v 12.785223 7.623713 11.686574
v 12.626594 7.623713 11.686574
v 12.467964 7.623713 11.686574
v 12.309335 7.623713 11.686574
v 12.150705 7.623713 11.686574
v 11.992075 7.623713 11.686574
v 11.833446 7.623713 11.686574
v 11.674816 7.623713 11.686574
v 11.516187 7.623713 11.686574
v 11.357557 7.623713 11.686574
v 11.198928 7.623713 11.686574
v 11.040298 7.623713 11.686574
v 10.881669 7.623713 11.686574
v 10.723040 7.623713 11.686574
v 10.564409 7.623713 11.686574
v 10.405781 7.623713 11.686574
v 10.247150 7.623713 11.686574
v 13.821630 7.623713 11.517266
v 13.669436 7.623713 11.517266
v 13.517241 7.623713 11.517266
v 13.365047 7.623713 11.517266
v 13.212852 7.623713 11.517266
v 13.060657 7.623713 11.517266
v 12.908462 7.623713 11.517266
v 12.756267 7.623713 11.517266
v 12.604073 7.623713 11.517266
v 12.451878 7.623713 11.517266
v 12.299683 7.623713 11.517266
v 12.147488 7.623713 11.517266
v 11.995293 7.623713 11.517266
v 11.843098 7.623713 11.517266
v 11.690903 7.623713 11.517266
v 11.538709 7.623713 11.517266
v 11.386514 7.623713 11.517266
v 11.234319 7.623713 11.517266
v 11.082124 7.623713 11.517266
v 10.929930 7.623713 11.517266
v 10.777735 7.623713 11.517266
v 10.625540 7.623713 11.517266
v 10.473345 7.623713 11.517266
v 10.321150 7.623713 11.517266
v 13.821630 8.762216 11.517266
v 13.669436 8.762216 11.517266
v 13.517241 8.762216 11.517266
v 13.365047 8.762216 11.517266
v 13.212852 8.762216 11.517266
v 13.060657 8.762216 11.517266
v 12.908462 8.762216 11.517266
v 12.756267 8.762216 11.517266
v 12.604073 8.762216 11.517266
v 12.451878 8.762216 11.517266
v 12.299683 8.762216 11.517266
v 12.147488 8.762216 11.517266
v 11.995293 8.762216 11.517266
v 11.843098 8.762216 11.517266
v 11.690903 8.762216 11.517266
v 11.538709 8.762216 11.517266
v 11.386514 8.762216 11.517266
v 11.234319 8.762216 11.517266
v 11.082124 8.762216 11.517266
v 10.929930 8.762216 11.517266
v 10.777735 8.762216 11.517266
v 10.625540 8.762216 11.517266
v 10.473345 8.762216 11.517266
v 10.321150 8.762216 11.517266
v 13.780269 4.791684 11.532602
v 13.631670 4.791684 11.532602
v 13.483072 4.791684 11.532602
v 13.334475 4.791684 11.532602
v 13.185876 4.791684 11.532602
v 13.037278 4.791684 11.532602
v 12.888680 4.791684 11.532602
v 12.740082 4.791684 11.532602
v 12.591484 4.791684 11.532602
v 12.442885 4.791684 11.532602
v 12.294288 4.791684 11.532602
v 12.145689 4.791684 11.532602
v 11.997091 4.791684 11.532602
v 11.848494 4.791684 11.532602
v 11.699895 4.791684 11.532602
v 11.551297 4.791684 11.532602
v 11.402699 4.791684 11.532602
v 11.254101 4.791684 11.532602
v 11.105503 4.791684 11.532602
v 10.956904 4.791684 11.532602
v 10.808307 4.791684 11.532602
v 10.659708 4.791684 11.532602
v 10.511110 4.791684 11.532602
v 10.362513 4.791684 11.532602
v 13.780269 6.642407 11.532602
v 13.631670 6.642407 11.532602
v 13.483072 6.642407 11.532602
v 13.334475 6.642407 11.532602
v 13.185876 6.642407 11.532602
v 13.037278 6.642407 11.532602
v 12.888680 6.642407 11.532602
v 12.740082 6.642407 11.532602
v 12.591484 6.642407 11.532602
v 12.442885 6.642407 11.532602
v 12.294288 6.642407 11.532602
v 12.145689 6.642407 11.532602
v 11.997091 6.642407 11.532602
v 11.848494 6.642407 11.532602
v 11.699895 6.642407 11.532602
v 11.551297 6.642407 11.532602
v 11.402699 6.642407 11.532602
v 11.254101 6.642407 11.532602
v 11.105503 6.642407 11.532602
v 10.956904 6.642407 11.532602
v 10.808307 6.642407 11.532602
v 10.659708 6.642407 11.532602
v 10.511110 6.642407 11.532602
v 10.362513 6.642407 11.532602
v 10.321150 8.762216 6.804800
v 10.473345 8.762216 6.804800
v 10.625540 8.762216 6.804800
v 10.777735 8.762216 6.804800
v 10.929930 8.762216 6.804800
v 11.082124 8.762216 6.804800
v 11.234319 8.762216 6.804800
v 11.386514 8.762216 6.804800
v 11.538709 8.762216 6.804800
v 11.690904 8.762216 6.804800
v 11.843098 8.762216 6.804800
v 11.995293 8.762216 6.804800
v 12.147488 8.762216 6.804800
v 12.299683 8.762216 6.804800
v 12.451878 8.762216 6.804800
v 12.604073 8.762216 6.804800
v 12.756268 8.762216 6.804800
v 12.908462 8.762216 6.804800
v 13.060657 8.762216 6.804800
v 13.212852 8.762216 6.804800
v 13.365047 8.762216 6.804800
v 13.517241 8.762216 6.804800
v 13.669436 8.762216 6.804800
v 13.821630 8.762216 6.804800
v 13.821630 8.762216 11.041164
v 13.669436 8.762216 11.041164
v 13.517241 8.762216 11.041164
v 13.365047 8.762216 11.041164
v 13.212852 8.762216 11.041164
v 13.060657 8.762216 11.041164
v 12.908462 8.762216 11.041164
v 12.756267 8.762216 11.041164
v 12.604073 8.762216 11.041164
v 12.451878 8.762216 11.041164
v 12.299683 8.762216 11.041164
v 12.147488 8.762216 11.041164
v 11.995293 8.762216 11.041164
v 11.843098 8.762216 11.041164
v 11.690903 8.762216 11.041164
v 11.538709 8.762216 11.041164
v 11.386514 8.762216 11.041164
v 11.234319 8.762216 11.041164
v 11.082124 8.762216 11.041164
v 10.929930 8.762216 11.041164
v 10.777735 8.762216 11.041164
v 10.625540 8.762216 11.041164
v 10.473345 8.762216 11.041164
v 10.321150 8.762216 11.041164
v 10.321150 8.614888 7.415718
v 10.473345 8.614888 7.415718
v 10.625540 8.614888 7.415718
v 10.777735 8.614888 7.415718
v 10.929930 8.614888 7.415718
v 11.082124 8.614888 7.415718
v 11.234319 8.614888 7.415718
v 11.386514 8.614888 7.415718
v 11.538709 8.614888 7.415718
v 11.690904 8.614888 7.415718
v 11.843098 8.614888 7.415718
v 11.995293 8.614888 7.415718
v 12.147488 8.614888 7.415718
v 12.299683 8.614888 7.415718
v 12.451878 8.614888 7.415718
v 12.604073 8.614888 7.415718
v 12.756268 8.614888 7.415718
v 12.908462 8.614888 7.415718
v 13.060657 8.614888 7.415718
v 13.212852 8.614888 7.415718
v 13.365047 8.614888 7.415718
v 13.517241 8.614888 7.415718
v 13.669436 8.614888 7.415718
v 13.821630 8.614888 7.415718
v 10.321150 8.614888 10.430284
v 10.473345 8.614888 10.430284
v 10.625540 8.614888 10.430284
v 10.777735 8.614888 10.430284
v 10.929930 8.614888 10.430284
v 11.082124 8.614888 10.430284
v 11.234319 8.614888 10.430284
v 11.386514 8.614888 10.430284
v 11.538709 8.614888 10.430284
v 11.690904 8.614888 10.430284
v 11.843098 8.614888 10.430284
v 11.995293 8.614888 10.430284
v 12.147488 8.614888 10.430284
v 12.299683 8.614888 10.430284
v 12.451878 8.614888 10.430284
v 12.604073 8.614888 10.430284
v 12.756267 8.614888 10.430284
v 12.908462 8.614888 10.430284
v 13.060657 8.614888 10.430284
v 13.212852 8.614888 10.430284
v 13.365047 8.614888 10.430284
v 13.517241 8.614888 10.430284
v 13.669436 8.614888 10.430284
v 13.821630 8.614888 10.430284
v 10.321150 8.614888 6.804800
v 10.473345 8.614888 6.804800
v 10.625540 8.614888 6.804800
v 10.777735 8.614888 6.804800
v 10.929930 8.614888 6.804800
v 11.082124 8.614888 6.804800
v 11.234319 8.614888 6.804800
v 11.386514 8.614888 6.804800
v 11.538709 8.614888 6.804800
v 11.690904 8.614888 6.804800
v 11.843098 8.614888 6.804800
v 11.995293 8.614888 6.804800
v 12.147488 8.614888 6.804800
v 12.299683 8.614888 6.804800
v 12.451878 8.614888 6.804800
v 12.604073 8.614888 6.804800
v 12.756268 8.614888 6.804800
v 12.908462 8.614888 6.804800
v 13.060657 8.614888 6.804800
v 13.212852 8.614888 6.804800
v 13.365047 8.614888 6.804800
v 13.517241 8.614888 6.804800
v 13.669436 8.614888 6.804800
v 13.821630 8.614888 6.804800
v 13.821630 8.614888 11.041164
v 13.669436 8.614888 11.041164
v 13.517241 8.614888 11.041164
v 13.365047 8.614888 11.041164
v 13.212852 8.614888 11.041164
v 13.060657 8.614888 11.041164
v 12.908462 8.614888 11.041164
v 12.756267 8.614888 11.041164
v 12.604073 8.614888 11.041164
v 12.451878 8.614888 11.041164
v 12.299683 8.614888 11.041164
v 12.147488 8.614888 11.041164
v 11.995293 8.614888 11.041164
v 11.843098 8.614888 11.041164
v 11.690903 8.614888 11.041164
v 11.538709 8.614888 11.041164
v 11.386514 8.614888 11.041164
v 11.234319 8.614888 11.041164
v 11.082124 8.614888 11.041164
v 10.929930 8.614888 11.041164
v 10.777735 8.614888 11.041164
v 10.625540 8.614888 11.041164
v 10.473345 8.614888 11.041164
v 10.321150 8.614888 11.041164
v 13.928866 4.791684 11.436358
v 10.362513 4.791684 11.436358
v 10.362513 6.642407 11.436358
v 13.780269 4.791684 11.436358
v 13.334475 4.791684 11.436358
v 13.185876 4.791684 11.436358
v 12.740082 4.791684 11.436358
v 12.591484 4.791684 11.436358
v 12.145689 4.791684 11.436358
v 11.997091 4.791684 11.436358
v 11.551297 4.791684 11.436358
v 11.402699 4.791684 11.436358
v 10.956904 4.791684 11.436358
v 10.808307 4.791684 11.436358
v 13.780269 6.642407 11.436358
v 13.334475 6.642407 11.436358
v 13.185876 6.642407 11.436358
v 12.740082 6.642407 11.436358
v 12.591484 6.642407 11.436358
v 12.145689 6.642407 11.436358
v 11.997091 6.642407 11.436358
v 11.551297 6.642407 11.436358
v 11.402699 6.642407 11.436358
v 10.956904 6.642407 11.436358
v 10.808307 6.642407 11.436358
v 13.928866 6.642407 11.436360
v 10.213914 6.642407 11.436360
v 10.213914 4.791684 11.436360
v 15.368812 7.295824 6.488197
v 10.362513 7.295824 11.447453
v 10.362513 7.295824 11.357767
v 10.247150 7.295824 11.532602
v 10.213914 7.295824 11.357767
v 13.928866 7.295824 11.357767
v 13.895630 7.295824 11.532602
v 10.405781 7.295824 11.532602
v 10.511110 7.295824 11.468246
v 10.511110 7.295824 11.357767
v 10.564409 7.295824 11.532602
v 10.659708 7.295824 11.357767
v 10.659708 7.295824 11.489039
v 10.723040 7.295824 11.532602
v 10.808307 7.295824 11.509832
v 10.877892 7.295824 11.357767
v 10.808307 7.295824 11.357767
v 10.881669 7.295824 11.532602
v 11.026489 7.295824 11.357767
v 10.956904 7.295824 11.357767
v 10.956904 7.295824 11.530625
v 11.040298 7.295824 11.532602
v 11.105503 7.295824 11.357767
v 11.175087 7.295824 11.357767
v 11.198928 7.295824 11.532602
v 11.254101 7.295824 11.357767
v 11.323685 7.295824 11.357767
v 11.357557 7.295824 11.532602
v 11.402699 7.295824 11.357767
v 11.472283 7.295824 11.357767
v 11.516187 7.295824 11.532602
v 11.551297 7.295824 11.357767
v 11.620881 7.295824 11.357767
v 11.674816 7.295824 11.532602
v 11.699895 7.295824 11.357767
v 11.769480 7.295824 11.357767
v 11.833446 7.295824 11.532602
v 11.848494 7.295824 11.357767
v 11.918077 7.295824 11.357767
v 11.992075 7.295824 11.532602
v 12.145689 7.295824 11.357767
v 12.145689 7.295824 11.368164
v 11.997091 7.295824 11.357767
v 12.150705 7.295824 11.532602
v 12.294288 7.295824 11.388956
v 12.294288 7.295824 11.357767
v 12.215274 7.295824 11.357767
v 12.309335 7.295824 11.532602
v 12.363872 7.295824 11.357767
v 12.442885 7.295824 11.357767
v 12.442885 7.295824 11.409750
v 12.467964 7.295824 11.532602
v 12.512470 7.295824 11.357767
v 12.591484 7.295824 11.357767
v 12.591484 7.295824 11.430543
v 12.626594 7.295824 11.532602
v 12.740082 7.295824 11.357767
v 12.661068 7.295824 11.357767
v 12.740082 7.295824 11.451336
v 12.785223 7.295824 11.532602
v 12.888680 7.295824 11.357767
v 12.809666 7.295824 11.357767
v 12.888680 7.295824 11.472129
v 12.943852 7.295824 11.532602
v 13.037278 7.295824 11.357767
v 12.958264 7.295824 11.357767
v 13.037278 7.295824 11.492922
v 13.102482 7.295824 11.532602
v 13.106862 7.295824 11.357767
v 13.255461 7.295824 11.357767
v 13.185876 7.295824 11.513715
v 13.185876 7.295824 11.357767
v 13.261111 7.295824 11.532602
v 13.404058 7.295824 11.357767
v 13.334475 7.295824 11.357767
v 13.419741 7.295824 11.532602
v 13.552656 7.295824 11.357767
v 13.483072 7.295824 11.357767
v 13.578371 7.295824 11.532602
v 13.631670 7.295824 11.357767
v 13.701255 7.295824 11.357767
v 13.737000 7.295824 11.532602
v 13.849853 7.295824 11.357767
v 13.780269 7.295824 11.357767
v 13.419742 7.295824 2.355786
v 11.667191 4.608519 11.532602
v 11.699895 4.608519 11.532602
v 11.674816 7.295824 2.355786
v 8.161543 4.608519 7.860083
v 13.102483 7.295824 2.355786
v 9.803440 4.608519 11.203795
v 15.981237 4.608519 8.697020
v 15.981237 4.608519 6.642169
v 15.981237 4.608519 7.860083
v 11.833447 7.295824 2.355786
v 15.981237 4.608519 7.408121
v 11.357557 7.295824 2.355786
v 11.551297 4.608519 11.532602
v 11.516187 7.295824 2.355786
v 11.667190 7.295824 2.355786
v 13.261112 7.295824 2.355786
v 8.878153 7.295824 2.355786
v 11.402699 4.608519 11.532602
v 8.773969 7.295824 2.355786
v 9.392965 4.608519 11.203795
v 8.161543 4.608519 8.697020
v 13.061708 7.295824 2.355786
v 12.943852 7.295824 2.355786
v 11.202351 7.295824 2.355786
v 9.342993 4.608519 11.203795
v 11.254101 4.608519 11.532602
v 8.161543 4.608519 9.148982
v 9.212153 7.295824 2.355786
v 11.202351 4.608519 11.532602
v 15.385907 4.608519 11.203795
v 15.570764 4.608519 11.203795
v 12.785223 7.295824 2.355786
v 15.385907 4.608519 6.642169
v 15.570764 4.608519 6.642169
v 8.161543 4.608519 9.985919
v 15.981237 4.608519 11.203795
v 15.981237 4.608519 9.148982
v 15.981237 4.608519 9.985919
v 15.981237 4.608519 10.437881
v 8.982491 4.608519 11.203795
v 8.878153 4.608519 11.203795
v 11.105503 4.608519 11.532602
v 13.928866 4.608519 11.532602
v 8.161543 4.608519 10.437881
v 13.780269 4.608519 11.532602
v 14.921067 4.608519 11.203795
v 8.572017 4.608519 11.203795
v 10.956904 4.608519 11.532602
v 10.213914 4.608519 11.532602
v 8.161543 4.608519 11.203795
v 12.309335 7.295824 2.355786
v 12.467964 7.295824 2.355786
v 14.456228 4.608519 11.203795
v 12.596869 7.295824 2.355786
v 14.749815 4.608519 11.203795
v 10.213914 4.608519 11.203795
v 8.161543 4.608519 6.642169
v 10.808307 4.608519 11.532602
v 13.991388 4.608519 11.203795
v 13.631670 4.608519 11.532602
v 11.198928 7.295824 2.355786
v 8.161543 4.608519 7.408121
v 12.150705 7.295824 2.355786
v 10.737511 4.608519 11.532602
v 12.132030 7.295824 2.355786
v 8.572017 4.608519 6.642169
v 10.659708 4.608519 11.532602
v 12.591484 4.608519 11.532602
v 12.596869 4.608519 11.532602
v 13.526548 4.608519 11.532602
v 13.483072 4.608519 11.532602
v 13.928866 4.608519 11.203795
v 11.040298 7.295824 2.355786
v 8.773969 4.608519 6.642169
v 12.145689 4.608519 11.532602
v 12.132030 4.608519 11.532602
v 12.442885 4.608519 11.532602
v 13.037278 4.608519 11.532602
v 13.334475 4.608519 11.532602
v 13.061709 4.608519 11.532602
v 12.294288 4.608519 11.532602
v 15.368812 4.608519 6.642169
v 10.511110 4.608519 11.532602
v 13.991387 7.295824 2.355786
v 13.895630 7.295824 2.355786
v 13.185876 4.608519 11.532602
v 13.526548 7.295824 2.355786
v 12.888680 4.608519 11.532602
v 10.362513 4.608519 11.532602
v 14.054258 7.295824 2.355786
v 12.740082 4.608519 11.532602
v 12.626594 7.295824 2.355786
v 10.881669 7.295824 2.355786
v 9.807832 7.295824 2.355786
v 9.650337 7.295824 2.355786
v 11.997091 4.608519 11.532602
v 11.848494 4.608519 11.532602
v 15.160290 4.608519 11.203795
v 10.088522 7.295824 2.355786
v 10.272672 4.608519 11.532602
v 15.368812 4.791684 2.843951
v 15.368812 4.608519 2.879658
v 10.737511 7.295824 2.355786
v 10.723040 7.295824 2.355786
v 14.456227 7.295824 2.355786
v 10.564409 7.295824 2.355786
v 14.339340 4.608519 11.203795
v 9.807833 4.608519 11.203795
v 15.368812 6.642407 2.483165
v 15.368812 7.295824 2.355786
v 10.405781 7.295824 2.355786
v 11.992076 7.295824 2.355786
v 14.492443 7.295824 2.355786
v 10.272671 7.295824 2.355786
v 10.247150 7.295824 2.355786
v 8.773969 4.608519 2.879658
v 8.773969 4.791684 2.843951
v 14.930628 7.295824 2.355786
v 14.921066 7.295824 2.355786
v 13.737000 7.295824 2.355786
v 9.342993 7.295824 2.355786
v 13.578371 7.295824 2.355786
v 8.773969 6.642407 2.483165
v 8.161543 7.295824 8.923000
v 15.981237 7.295824 8.923001
v 7.897601 7.295824 8.923000
v 16.245180 7.295824 8.923000
v 7.897601 7.623713 8.923000
v 16.245180 7.623713 8.923000
v 8.066908 7.623713 8.923000
v 16.075872 7.623713 8.923000
v 8.066908 8.762216 8.923000
v 16.075872 8.762216 8.923000
v 8.161543 4.791684 8.923000
v 8.161543 6.642407 8.923000
v 15.981237 4.791684 8.923000
v 15.981237 6.642407 8.923000
v 8.281848 4.791684 8.923000
v 8.281848 6.642407 8.923000
v 15.860932 4.791684 8.923000
v 15.860932 6.642407 8.923000
v 8.214202 8.762216 8.923000
v 15.928578 8.762216 8.923000
v 8.907726 8.614888 8.923000
v 8.487317 8.614888 8.923000
v 15.655463 8.614888 8.923000
v 15.235054 8.614888 8.923000
v 8.214202 8.614888 8.923000
v 15.928578 8.614888 8.923000
v 15.981237 4.608519 8.923000
v 8.161543 4.608519 8.923000
vn -1.0000 -0.0000 -0.0000
vn -0.0000 -0.0000 -1.0000
vn 1.0000 -0.0000 -0.0000
vn -0.0000 -0.0000 1.0000
vn -0.0000 -1.0000 -0.0000
vn -0.0000 1.0000 -0.0000
vn -0.0000 -0.1913 -0.9815
vt 0.567967 0.626282
vt 0.540822 0.626282
vt 0.540822 0.594461
vt 0.567967 0.594461
vt 0.175057 0.776678
vt 0.175057 0.803818
vt 0.158005 0.803818
vt 0.158005 0.776678
vt 0.679608 0.626280
vt 0.652462 0.626280
vt 0.652462 0.594460
vt 0.679608 0.594460
vt 0.733870 0.238829
vt 0.733870 0.265975
vt 0.716817 0.265975
vt 0.716817 0.238829
vt 0.488946 0.335826
vt 0.520765 0.335826
vt 0.527162 0.346791
vt 0.492115 0.346791
vt 0.885056 0.981797
vt 0.885056 1.000001
vt 0.871437 1.000001
vt 0.871437 0.981797
vt 0.520765 0.028017
vt 0.520765 0.010965
vt 0.527162 0.000000
vt 0.527162 0.018204
vt 0.331257 0.318773
vt 0.331257 0.335826
vt 0.324861 0.346791
vt 0.324861 0.328588
vt 0.363078 0.010965
vt 0.331257 0.010965
vt 0.324861 0.000000
vt 0.359909 0.000000
vt 0.132561 0.762062
vt 0.132561 0.779528
vt 0.085263 0.779528
vt 0.085263 0.762062
vt 0.876622 0.277354
vt 0.876622 0.312403
vt 0.863000 0.312403
vt 0.863000 0.277354
vt 0.863000 0.277356
vt 0.863000 0.312403
vt 0.849379 0.312403
vt 0.849379 0.277356
vt 0.512565 0.766398
vt 0.512565 0.784602
vt 0.498943 0.784602
vt 0.498943 0.766398
vt 0.363393 0.353825
vt 0.331894 0.353825
vt 0.359909 0.346791
vt 0.331894 0.669084
vt 0.331894 0.686548
vt 0.324861 0.693583
vt 0.324861 0.675379
vt 0.488630 0.686548
vt 0.520128 0.686548
vt 0.527162 0.693583
vt 0.492115 0.693583
vt 0.520128 0.371290
vt 0.520128 0.353825
vt 0.527162 0.364995
vt 0.871428 0.635744
vt 0.871428 0.653210
vt 0.824140 0.653210
vt 0.824140 0.635744
vt 0.811401 0.751195
vt 0.811401 0.782694
vt 0.764104 0.782694
vt 0.764104 0.751195
vt 0.871437 0.809945
vt 0.871437 0.841442
vt 0.824140 0.841442
vt 0.824140 0.809945
vt 0.871428 0.390348
vt 0.871428 0.407813
vt 0.824140 0.407813
vt 0.824140 0.390348
vt 0.871428 0.559560
vt 0.871428 0.565883
vt 0.824140 0.565883
vt 0.824140 0.559560
vt 0.520128 0.616687
vt 0.520128 0.599221
vt 0.527162 0.602563
vt 0.527162 0.620767
vt 0.331894 0.423687
vt 0.331894 0.441152
vt 0.324861 0.437810
vt 0.324861 0.419607
vt 0.331894 0.592898
vt 0.331894 0.599221
vt 0.324861 0.602563
vt 0.324861 0.595973
vt 0.773418 0.571374
vt 0.773418 0.589578
vt 0.759796 0.589578
vt 0.759796 0.571374
vt 0.759795 0.568420
vt 0.759795 0.585886
vt 0.712498 0.585886
vt 0.712498 0.568420
vt 0.512566 0.740880
vt 0.512566 0.693582
vt 0.526225 0.693582
vt 0.526225 0.740880
vt 0.520765 0.267615
vt 0.520765 0.250563
vt 0.527162 0.255772
vt 0.527162 0.273975
vt 0.885056 0.726025
vt 0.885056 0.744228
vt 0.871437 0.744228
vt 0.871437 0.726025
vt 0.885056 0.902391
vt 0.885056 0.908981
vt 0.871437 0.908981
vt 0.871437 0.902391
vt 0.017053 0.776696
vt 0.017053 0.803842
vt 0.000000 0.803842
vt 0.000000 0.776696
vt 0.533788 0.447475
vt 0.533788 0.441152
vt 0.540822 0.437811
vt 0.540822 0.444401
vt 0.197068 0.850363
vt 0.197068 0.856953
vt 0.183446 0.856953
vt 0.183446 0.850363
vt 0.802080 0.160657
vt 0.802080 0.154334
vt 0.849378 0.154334
vt 0.849378 0.160657
vt 0.533788 0.599221
vt 0.540822 0.602563
vt 0.730476 0.265975
vt 0.730476 0.313273
vt 0.716817 0.313273
vt 0.716817 0.265975
vt 0.730476 0.279634
vt 0.744098 0.279634
vt 0.744098 0.293294
vt 0.730476 0.293294
vt 0.520128 0.441152
vt 0.527162 0.437811
vt 0.744098 0.265975
vt 0.188233 0.453127
vt 0.188233 0.446804
vt 0.201893 0.446804
vt 0.201893 0.453127
vt 0.871437 0.653209
vt 0.871437 0.684708
vt 0.824140 0.684708
vt 0.824140 0.653209
vt 0.871437 0.703358
vt 0.824140 0.703358
vt 0.871437 0.738001
vt 0.824140 0.738001
vt 0.871437 0.747326
vt 0.871437 0.756651
vt 0.824140 0.756651
vt 0.824140 0.747326
vt 0.871437 0.791295
vt 0.824140 0.791295
vt 0.811401 0.594460
vt 0.811401 0.625958
vt 0.764104 0.625958
vt 0.764104 0.594460
vt 0.811401 0.644608
vt 0.764104 0.644608
vt 0.811401 0.679252
vt 0.764104 0.679252
vt 0.811401 0.688577
vt 0.811401 0.697902
vt 0.764104 0.697902
vt 0.764104 0.688577
vt 0.811401 0.732545
vt 0.764104 0.732545
vt 0.363393 0.686548
vt 0.359909 0.693583
vt 0.382043 0.686548
vt 0.379953 0.693583
vt 0.416687 0.686548
vt 0.415990 0.693583
vt 0.426012 0.686548
vt 0.435337 0.686548
vt 0.436034 0.693583
vt 0.426012 0.693583
vt 0.469980 0.686548
vt 0.472071 0.693583
vt 0.488630 0.353825
vt 0.469980 0.353825
vt 0.472071 0.346791
vt 0.435337 0.353825
vt 0.436034 0.346791
vt 0.426012 0.353825
vt 0.416687 0.353825
vt 0.415990 0.346791
vt 0.426012 0.346791
vt 0.382043 0.353825
vt 0.379953 0.346791
vt 0.863000 0.110102
vt 0.863000 0.145150
vt 0.849379 0.145150
vt 0.849379 0.110102
vt 0.863000 0.165194
vt 0.849379 0.165194
vt 0.863000 0.201231
vt 0.849379 0.201231
vt 0.863000 0.211253
vt 0.863000 0.221275
vt 0.849379 0.221275
vt 0.849379 0.211253
vt 0.863000 0.257312
vt 0.849379 0.257312
vt 0.876622 0.110102
vt 0.876622 0.145148
vt 0.863000 0.145148
vt 0.863000 0.110102
vt 0.876622 0.165193
vt 0.863000 0.165193
vt 0.876622 0.201229
vt 0.863000 0.201229
vt 0.876622 0.211251
vt 0.876622 0.221273
vt 0.863000 0.221273
vt 0.863000 0.211251
vt 0.876622 0.257311
vt 0.863000 0.257311
vt 0.488946 0.010965
vt 0.492115 0.000000
vt 0.470170 0.010965
vt 0.472071 0.000000
vt 0.435400 0.010965
vt 0.436034 0.000000
vt 0.426012 0.010965
vt 0.416624 0.010965
vt 0.415990 0.000000
vt 0.426012 0.000000
vt 0.381854 0.010965
vt 0.379953 0.000000
vt 0.363078 0.335826
vt 0.381854 0.335826
vt 0.416624 0.335826
vt 0.426012 0.335826
vt 0.435400 0.335826
vt 0.426012 0.346791
vt 0.470170 0.335826
vt 0.679608 0.783968
vt 0.652462 0.783968
vt 0.652462 0.752148
vt 0.679608 0.752148
vt 0.652462 0.733372
vt 0.679608 0.733372
vt 0.652462 0.698602
vt 0.679608 0.698602
vt 0.679608 0.689214
vt 0.652462 0.689214
vt 0.652462 0.679826
vt 0.679608 0.679826
vt 0.652462 0.645056
vt 0.679608 0.645056
vt 0.567967 0.783969
vt 0.540822 0.783969
vt 0.540822 0.752150
vt 0.567967 0.752150
vt 0.540822 0.733373
vt 0.567967 0.733373
vt 0.540822 0.698604
vt 0.567967 0.698604
vt 0.567967 0.689216
vt 0.540822 0.689216
vt 0.540822 0.679828
vt 0.567967 0.679828
vt 0.540822 0.645058
vt 0.567967 0.645058
vt 0.759092 0.284751
vt 0.759092 0.265975
vt 0.764091 0.265975
vt 0.764091 0.284751
vt 0.644853 0.679828
vt 0.644853 0.645058
vt 0.512566 0.817766
vt 0.517564 0.740880
vt 0.517564 0.817766
vt 0.644853 0.733373
vt 0.644853 0.698604
vt 0.744098 0.275363
vt 0.749096 0.265975
vt 0.749096 0.275363
vt 0.644853 0.783969
vt 0.644853 0.752150
vt 0.522562 0.740880
vt 0.522562 0.817766
vt 0.756494 0.679826
vt 0.756494 0.645056
vt 0.760465 0.312071
vt 0.760465 0.293295
vt 0.765463 0.293295
vt 0.765463 0.312071
vt 0.756494 0.733372
vt 0.756494 0.698602
vt 0.847116 0.076886
vt 0.847116 0.153772
vt 0.842117 0.153772
vt 0.842117 0.076886
vt 0.756494 0.783968
vt 0.756494 0.752148
vt 0.728812 0.319446
vt 0.728812 0.313272
vt 0.732811 0.313272
vt 0.732811 0.319446
vt 0.017053 0.699810
vt 0.000000 0.699810
vt 0.352181 0.701191
vt 0.352180 0.778078
vt 0.342519 0.778078
vt 0.342520 0.701191
vt 0.733870 0.161943
vt 0.716817 0.161943
vt 0.756494 0.626280
vt 0.756494 0.594460
vt 0.175057 0.699809
vt 0.158005 0.699809
vt 0.644853 0.626282
vt 0.644853 0.594461
vt 0.802080 0.161943
vt 0.802080 0.238829
vt 0.785028 0.238829
vt 0.785028 0.161943
vt 0.767975 0.238829
vt 0.767975 0.161943
vt 0.811401 0.847342
vt 0.811401 0.770456
vt 0.816400 0.770456
vt 0.816400 0.847342
vt 0.750922 0.161943
vt 0.750922 0.238829
vt 0.158004 0.699809
vt 0.158004 0.776678
vt 0.140951 0.776678
vt 0.140951 0.699809
vt 0.132562 0.776678
vt 0.132562 0.699809
vt 0.313964 0.723992
vt 0.313964 0.705342
vt 0.320085 0.705342
vt 0.320085 0.723992
vt 0.313964 0.616220
vt 0.313964 0.598754
vt 0.320085 0.598754
vt 0.320085 0.616220
vt 0.313964 0.679962
vt 0.313964 0.668616
vt 0.320085 0.668616
vt 0.320085 0.679962
vt 0.158004 0.803818
vt 0.140951 0.803818
vt 0.132562 0.803818
vt 0.520765 0.318773
vt 0.527162 0.328588
vt 0.520765 0.301721
vt 0.527162 0.310384
vt 0.520765 0.284668
vt 0.527162 0.292179
vt 0.759795 0.498559
vt 0.759795 0.516024
vt 0.712498 0.516024
vt 0.712498 0.498559
vt 0.759795 0.533490
vt 0.712498 0.533490
vt 0.759795 0.550955
vt 0.712498 0.550955
vt 0.773418 0.498559
vt 0.773418 0.516762
vt 0.759796 0.516762
vt 0.759796 0.498559
vt 0.773418 0.534966
vt 0.759796 0.534966
vt 0.773418 0.553170
vt 0.759796 0.553170
vt 0.331894 0.371290
vt 0.324861 0.364995
vt 0.331894 0.388756
vt 0.324861 0.383199
vt 0.331894 0.406221
vt 0.324861 0.401403
vt 0.871428 0.583348
vt 0.824140 0.583348
vt 0.871428 0.600813
vt 0.824140 0.600813
vt 0.871428 0.618279
vt 0.824140 0.618279
vt 0.313964 0.423220
vt 0.313964 0.405754
vt 0.320085 0.405754
vt 0.320085 0.423220
vt 0.811401 0.770455
vt 0.811401 0.745075
vt 0.817522 0.745075
vt 0.817522 0.770455
vt 0.811401 0.726426
vt 0.817522 0.726426
vt 0.313964 0.388288
vt 0.320085 0.388288
vt 0.520128 0.423687
vt 0.527162 0.419607
vt 0.520128 0.406221
vt 0.527162 0.401403
vt 0.520128 0.388756
vt 0.527162 0.383199
vt 0.331257 0.310383
vt 0.324861 0.310383
vt 0.885056 0.927185
vt 0.871437 0.927185
vt 0.885056 0.945389
vt 0.871437 0.945389
vt 0.885056 0.963593
vt 0.871437 0.963593
vt 0.802080 0.265975
vt 0.785028 0.265975
vt 0.767975 0.265975
vt 0.750922 0.265975
vt 0.183447 0.699809
vt 0.183447 0.776678
vt 0.085263 0.699810
vt 0.085263 0.776696
vt 0.068211 0.776696
vt 0.068211 0.699810
vt 0.051158 0.776696
vt 0.051158 0.699810
vt 0.362177 0.770468
vt 0.362177 0.847354
vt 0.357179 0.847354
vt 0.357179 0.770468
vt 0.034105 0.699810
vt 0.034105 0.776696
vt 0.811401 0.691782
vt 0.817522 0.691782
vt 0.313964 0.370823
vt 0.320085 0.370823
vt 0.811401 0.682457
vt 0.811401 0.673132
vt 0.817522 0.673132
vt 0.817522 0.682457
vt 0.313964 0.359477
vt 0.320085 0.359477
vt 0.811401 0.638489
vt 0.817522 0.638489
vt 0.818020 0.807697
vt 0.818020 0.790232
vt 0.824139 0.790232
vt 0.824139 0.807697
vt 0.811401 0.619839
vt 0.817522 0.619839
vt 0.818020 0.772766
vt 0.824139 0.772766
vt 0.818020 0.562301
vt 0.818020 0.544835
vt 0.824139 0.544835
vt 0.824139 0.562301
vt 0.817522 0.594460
vt 0.818020 0.755301
vt 0.824139 0.755301
vt 0.818020 0.527369
vt 0.824139 0.527369
vt 0.818020 0.586089
vt 0.818020 0.579766
vt 0.824139 0.579766
vt 0.824139 0.586089
vt 0.818020 0.737835
vt 0.824139 0.737835
vt 0.818020 0.509904
vt 0.824139 0.509904
vt 0.313964 0.830579
vt 0.313964 0.811929
vt 0.320085 0.811929
vt 0.320085 0.830579
vt 0.818020 0.498558
vt 0.824139 0.498558
vt 0.313964 0.447008
vt 0.313964 0.440685
vt 0.320085 0.440685
vt 0.320085 0.447008
vt 0.313964 0.777286
vt 0.320085 0.777286
vt 0.313964 0.651151
vt 0.320085 0.651151
vt 0.313964 0.767961
vt 0.313964 0.758636
vt 0.320085 0.758636
vt 0.320085 0.767961
vt 0.313964 0.633685
vt 0.320085 0.633685
vt 0.085263 0.803842
vt 0.068211 0.803842
vt 0.051158 0.803842
vt 0.034105 0.803842
vt 0.885056 0.653210
vt 0.885056 0.671413
vt 0.871437 0.671413
vt 0.871437 0.653210
vt 0.885056 0.689617
vt 0.871437 0.689617
vt 0.885056 0.707821
vt 0.871437 0.707821
vt 0.331257 0.028017
vt 0.324861 0.018204
vt 0.331257 0.036407
vt 0.324861 0.036407
vt 0.520128 0.669084
vt 0.527162 0.675379
vt 0.520128 0.651618
vt 0.527162 0.657174
vt 0.520128 0.634152
vt 0.527162 0.638970
vt 0.818020 0.819043
vt 0.824139 0.819043
vt 0.313964 0.855957
vt 0.320085 0.855957
vt 0.871428 0.320486
vt 0.871428 0.337952
vt 0.824140 0.337952
vt 0.824140 0.320486
vt 0.871428 0.355417
vt 0.824140 0.355417
vt 0.871428 0.372883
vt 0.824140 0.372883
vt 0.331894 0.616687
vt 0.324861 0.620767
vt 0.331894 0.634152
vt 0.324861 0.638970
vt 0.331894 0.651618
vt 0.324861 0.657174
vt 0.512565 0.693583
vt 0.512565 0.711786
vt 0.498943 0.711786
vt 0.498943 0.693583
vt 0.512565 0.729990
vt 0.498943 0.729990
vt 0.512565 0.748194
vt 0.498943 0.748194
vt 0.132561 0.692201
vt 0.132561 0.709666
vt 0.085263 0.709666
vt 0.085263 0.692201
vt 0.132561 0.727132
vt 0.085263 0.727132
vt 0.132561 0.744597
vt 0.085263 0.744597
vt 0.520765 0.096230
vt 0.520765 0.079176
vt 0.527162 0.072815
vt 0.527162 0.091019
vt 0.520765 0.062124
vt 0.527162 0.054611
vt 0.520765 0.045071
vt 0.527162 0.036407
vt 0.183447 0.803818
vt 0.498943 0.693582
vt 0.498943 0.770468
vt 0.481891 0.770468
vt 0.481891 0.693582
vt 0.464838 0.770468
vt 0.464838 0.693582
vt 0.770460 0.310348
vt 0.770460 0.293295
vt 0.775458 0.293295
vt 0.775458 0.310348
vt 0.765462 0.310348
vt 0.765462 0.293295
vt 0.773417 0.592497
vt 0.773417 0.575444
vt 0.778416 0.575444
vt 0.778416 0.592497
vt 0.367175 0.770468
vt 0.367175 0.847354
vt 0.769088 0.283028
vt 0.769088 0.265975
vt 0.774086 0.265975
vt 0.774086 0.283028
vt 0.352180 0.847354
vt 0.352180 0.770468
vt 0.464839 0.693582
vt 0.464839 0.770468
vt 0.446062 0.770468
vt 0.446062 0.693582
vt 0.380345 0.693582
vt 0.380345 0.770468
vt 0.370957 0.770468
vt 0.370957 0.693582
vt 0.408509 0.693582
vt 0.408509 0.770468
vt 0.389733 0.770468
vt 0.389733 0.693582
vt 0.809282 0.575445
vt 0.809282 0.498559
vt 0.814281 0.498559
vt 0.814281 0.575445
vt 0.372172 0.770468
vt 0.372172 0.847338
vt 0.367174 0.847338
vt 0.367174 0.770468
vt 0.382169 0.770468
vt 0.382169 0.847338
vt 0.377171 0.847338
vt 0.377171 0.770468
vt 0.754094 0.265975
vt 0.754094 0.284751
vt 0.749096 0.284751
vt 0.749096 0.265975
vt 0.740473 0.302683
vt 0.740473 0.312071
vt 0.735475 0.312071
vt 0.735475 0.302683
vt 0.745471 0.312071
vt 0.745471 0.293294
vt 0.750469 0.293294
vt 0.750469 0.312071
vt 0.755466 0.312071
vt 0.755466 0.293295
vt 0.804285 0.575445
vt 0.804285 0.498559
vt 0.809283 0.498559
vt 0.809283 0.575445
vt 0.427285 0.693582
vt 0.427285 0.770468
vt 0.361568 0.693582
vt 0.361568 0.770468
vt 0.352180 0.693582
vt 0.427286 0.770468
vt 0.427286 0.693582
vt 0.740472 0.302683
vt 0.740472 0.293295
vt 0.745470 0.293295
vt 0.745470 0.302683
vt 0.769088 0.284751
vt 0.764090 0.284751
vt 0.764090 0.265975
vt 0.382168 0.847338
vt 0.382168 0.770468
vt 0.387166 0.770468
vt 0.387166 0.847338
vt 0.759092 0.284751
vt 0.730476 0.312071
vt 0.730476 0.302683
vt 0.387167 0.847338
vt 0.387167 0.770468
vt 0.392165 0.770468
vt 0.392165 0.847338
vt 0.755466 0.293294
vt 0.750468 0.312071
vt 0.750468 0.293294
vt 0.392164 0.847338
vt 0.392164 0.770468
vt 0.397162 0.770468
vt 0.397162 0.847338
vt 0.847116 0.000000
vt 0.842117 0.000000
vt 0.031499 0.365596
vt 0.006119 0.365596
vt 0.000000 0.359477
vt 0.031499 0.359477
vt 0.006119 0.674735
vt 0.006119 0.686082
vt 0.000000 0.692201
vt 0.000000 0.674735
vt 0.156736 0.686082
vt 0.182114 0.686082
vt 0.188233 0.692201
vt 0.156736 0.692201
vt 0.182114 0.376943
vt 0.182114 0.365596
vt 0.188233 0.359477
vt 0.188233 0.376943
vt 0.006119 0.429338
vt 0.006119 0.446804
vt 0.000000 0.446804
vt 0.000000 0.429338
vt 0.006119 0.598551
vt 0.006119 0.604874
vt 0.000000 0.604874
vt 0.000000 0.598551
vt 0.182114 0.622339
vt 0.182114 0.604874
vt 0.188233 0.604874
vt 0.188233 0.622339
vt 0.182114 0.453127
vt 0.182114 0.446804
vt 0.156736 0.365596
vt 0.156736 0.359477
vt 0.138086 0.365596
vt 0.138086 0.359477
vt 0.103443 0.365596
vt 0.103443 0.359477
vt 0.094118 0.365596
vt 0.084793 0.365596
vt 0.084793 0.359477
vt 0.094118 0.359477
vt 0.050149 0.365596
vt 0.050149 0.359477
vt 0.031499 0.686082
vt 0.031499 0.692201
vt 0.050149 0.686082
vt 0.050149 0.692201
vt 0.084793 0.686082
vt 0.084793 0.692201
vt 0.094118 0.686082
vt 0.103443 0.686082
vt 0.103443 0.692201
vt 0.094118 0.692201
vt 0.138086 0.686082
vt 0.138086 0.692201
vt 0.182114 0.429338
vt 0.188233 0.429338
vt 0.182114 0.411874
vt 0.188233 0.411874
vt 0.182114 0.394408
vt 0.188233 0.394408
vt 0.006119 0.376943
vt 0.000000 0.376943
vt 0.006119 0.394408
vt 0.000000 0.394408
vt 0.006119 0.411874
vt 0.000000 0.411874
vt 0.006119 0.622339
vt 0.000000 0.622339
vt 0.006119 0.639805
vt 0.000000 0.639805
vt 0.006119 0.657269
vt 0.000000 0.657269
vt 0.182114 0.674735
vt 0.188233 0.674735
vt 0.182114 0.657269
vt 0.188233 0.657269
vt 0.182114 0.639805
vt 0.188233 0.639805
vt 0.566199 0.309139
vt 0.566199 0.320485
vt 0.540821 0.320485
vt 0.540821 0.309139
vt 0.566199 0.063743
vt 0.566199 0.081208
vt 0.540821 0.081208
vt 0.540821 0.063743
vt 0.566199 0.232954
vt 0.566199 0.239277
vt 0.540821 0.239277
vt 0.540821 0.232954
vt 0.716816 0.232954
vt 0.716816 0.239277
vt 0.691436 0.239277
vt 0.691436 0.232954
vt 0.716816 0.063743
vt 0.716816 0.081208
vt 0.691436 0.081208
vt 0.691436 0.063743
vt 0.716816 0.309139
vt 0.716816 0.320485
vt 0.691436 0.320485
vt 0.691436 0.309139
vt 0.672787 0.320485
vt 0.672787 0.309139
vt 0.638143 0.320485
vt 0.638143 0.309139
vt 0.628818 0.309139
vt 0.628818 0.320485
vt 0.619493 0.320485
vt 0.619493 0.309139
vt 0.584849 0.320485
vt 0.584849 0.309139
vt 0.584849 0.291674
vt 0.566199 0.291674
vt 0.619493 0.291674
vt 0.628818 0.291674
vt 0.672787 0.291674
vt 0.638143 0.291674
vt 0.691436 0.291674
vt 0.716816 0.256742
vt 0.691436 0.256742
vt 0.716816 0.274208
vt 0.691436 0.274208
vt 0.716816 0.291674
vt 0.566199 0.256742
vt 0.540821 0.256742
vt 0.566199 0.274208
vt 0.540821 0.274208
vt 0.540821 0.291674
vt 0.584849 0.000000
vt 0.584849 0.011346
vt 0.566199 0.011346
vt 0.566199 0.000000
vt 0.584849 0.028811
vt 0.566199 0.028811
vt 0.619493 0.000000
vt 0.619493 0.011346
vt 0.619493 0.028811
vt 0.628818 0.000000
vt 0.628818 0.011346
vt 0.628818 0.028811
vt 0.672787 0.000000
vt 0.672787 0.011346
vt 0.638143 0.011346
vt 0.638143 0.000000
vt 0.672787 0.028811
vt 0.638143 0.028811
vt 0.691436 0.000000
vt 0.691436 0.011346
vt 0.691436 0.028811
vt 0.716816 0.000000
vt 0.716816 0.011346
vt 0.716816 0.028811
vt 0.716816 0.046277
vt 0.691436 0.046277
vt 0.540821 0.011346
vt 0.540821 0.000000
vt 0.540821 0.028811
vt 0.566199 0.046277
vt 0.540821 0.046277
vt 0.716816 0.087531
vt 0.691436 0.087531
vt 0.716816 0.093854
vt 0.691436 0.093854
vt 0.716816 0.100177
vt 0.691436 0.100177
vt 0.716816 0.106499
vt 0.691436 0.106499
vt 0.716816 0.112822
vt 0.691436 0.112822
vt 0.716816 0.119144
vt 0.691436 0.119144
vt 0.716816 0.125467
vt 0.691436 0.125467
vt 0.716816 0.131790
vt 0.691436 0.131790
vt 0.716816 0.138113
vt 0.691436 0.138113
vt 0.716816 0.144436
vt 0.691436 0.144436
vt 0.716816 0.150759
vt 0.691436 0.150759
vt 0.716816 0.157082
vt 0.691436 0.157082
vt 0.716816 0.163404
vt 0.691436 0.163404
vt 0.716816 0.169726
vt 0.691436 0.169726
vt 0.716816 0.176049
vt 0.691436 0.176049
vt 0.716816 0.182372
vt 0.691436 0.182372
vt 0.716816 0.188695
vt 0.691436 0.188695
vt 0.716816 0.195018
vt 0.691436 0.195018
vt 0.716816 0.201341
vt 0.691436 0.201341
vt 0.716816 0.207664
vt 0.691436 0.207664
vt 0.716816 0.213986
vt 0.691436 0.213986
vt 0.716816 0.220309
vt 0.691436 0.220309
vt 0.716816 0.226632
vt 0.691436 0.226632
vt 0.566199 0.087531
vt 0.540821 0.087531
vt 0.566199 0.093854
vt 0.540821 0.093854
vt 0.566199 0.100177
vt 0.540821 0.100177
vt 0.566199 0.106499
vt 0.540821 0.106499
vt 0.566199 0.112822
vt 0.540821 0.112822
vt 0.566199 0.119144
vt 0.540821 0.119144
vt 0.566199 0.125467
vt 0.540821 0.125467
vt 0.566199 0.131790
vt 0.540821 0.131790
vt 0.566199 0.138113
vt 0.540821 0.138113
vt 0.566199 0.144436
vt 0.540821 0.144436
vt 0.566199 0.150759
vt 0.540821 0.150759
vt 0.566199 0.157082
vt 0.540821 0.157082
vt 0.566199 0.163404
vt 0.540821 0.163404
vt 0.566199 0.169726
vt 0.540821 0.169726
vt 0.566199 0.176049
vt 0.540821 0.176049
vt 0.566199 0.182372
vt 0.540821 0.182372
vt 0.566199 0.188695
vt 0.540821 0.188695
vt 0.566199 0.195018
vt 0.540821 0.195018
vt 0.566199 0.201341
vt 0.540821 0.201341
vt 0.566199 0.207664
vt 0.540821 0.207664
vt 0.566199 0.213986
vt 0.540821 0.213986
vt 0.566199 0.220309
vt 0.540821 0.220309
vt 0.566199 0.226632
vt 0.540821 0.226632
vt 0.182114 0.598551
vt 0.188233 0.598551
vt 0.182114 0.592228
vt 0.188233 0.592228
vt 0.182114 0.585905
vt 0.188233 0.585905
vt 0.182114 0.579582
vt 0.188233 0.579582
vt 0.182114 0.573259
vt 0.188233 0.573259
vt 0.182114 0.566936
vt 0.188233 0.566936
vt 0.182114 0.560615
vt 0.188233 0.560615
vt 0.182114 0.554292
vt 0.188233 0.554292
vt 0.182114 0.547969
vt 0.188233 0.547969
vt 0.182114 0.541646
vt 0.188233 0.541646
vt 0.182114 0.535323
vt 0.188233 0.535323
vt 0.182114 0.529000
vt 0.188233 0.529000
vt 0.182114 0.522677
vt 0.188233 0.522677
vt 0.182114 0.516355
vt 0.188233 0.516355
vt 0.182114 0.510032
vt 0.188233 0.510032
vt 0.182114 0.503709
vt 0.188233 0.503709
vt 0.182114 0.497387
vt 0.188233 0.497387
vt 0.182114 0.491064
vt 0.188233 0.491064
vt 0.182114 0.484741
vt 0.188233 0.484741
vt 0.182114 0.478418
vt 0.188233 0.478418
vt 0.182114 0.472095
vt 0.188233 0.472095
vt 0.182114 0.465773
vt 0.188233 0.465773
vt 0.182114 0.459450
vt 0.188233 0.459450
vt 0.006119 0.453127
vt 0.000000 0.453127
vt 0.006119 0.459450
vt 0.000000 0.459450
vt 0.006119 0.465773
vt 0.000000 0.465773
vt 0.006119 0.472095
vt 0.000000 0.472095
vt 0.006119 0.478418
vt 0.000000 0.478418
vt 0.006119 0.484741
vt 0.000000 0.484741
vt 0.006119 0.491064
vt 0.000000 0.491064
vt 0.006119 0.497386
vt 0.000000 0.497386
vt 0.006119 0.503709
vt 0.000000 0.503709
vt 0.006119 0.510032
vt 0.000000 0.510032
vt 0.006119 0.516355
vt 0.000000 0.516355
vt 0.006119 0.522677
vt 0.000000 0.522677
vt 0.006119 0.529000
vt 0.000000 0.529000
vt 0.006119 0.535323
vt 0.000000 0.535323
vt 0.006119 0.541646
vt 0.000000 0.541646
vt 0.006119 0.547969
vt 0.000000 0.547969
vt 0.006119 0.554292
vt 0.000000 0.554292
vt 0.006119 0.560614
vt 0.000000 0.560614
vt 0.006119 0.566936
vt 0.000000 0.566936
vt 0.006119 0.573259
vt 0.000000 0.573259
vt 0.006119 0.579582
vt 0.000000 0.579582
vt 0.006119 0.585905
vt 0.000000 0.585905
vt 0.006119 0.592228
vt 0.000000 0.592228
vt 0.313964 0.592431
vt 0.320085 0.592431
vt 0.313964 0.586109
vt 0.320085 0.586109
vt 0.313964 0.579786
vt 0.320085 0.579786
vt 0.313964 0.573463
vt 0.320085 0.573463
vt 0.313964 0.567141
vt 0.320085 0.567141
vt 0.313964 0.560818
vt 0.320085 0.560818
vt 0.313964 0.554495
vt 0.320085 0.554495
vt 0.313964 0.548172
vt 0.320085 0.548172
vt 0.313964 0.541849
vt 0.320085 0.541849
vt 0.313964 0.535526
vt 0.320085 0.535526
vt 0.313964 0.529203
vt 0.320085 0.529203
vt 0.313964 0.522882
vt 0.320085 0.522882
vt 0.313964 0.516559
vt 0.320085 0.516559
vt 0.313964 0.510236
vt 0.320085 0.510236
vt 0.313964 0.503913
vt 0.320085 0.503913
vt 0.313964 0.497590
vt 0.320085 0.497590
vt 0.313964 0.491267
vt 0.320085 0.491267
vt 0.313964 0.484944
vt 0.320085 0.484944
vt 0.313964 0.478621
vt 0.320085 0.478621
vt 0.313964 0.472299
vt 0.320085 0.472299
vt 0.313964 0.465976
vt 0.320085 0.465976
vt 0.313964 0.459654
vt 0.320085 0.459654
vt 0.313964 0.453331
vt 0.320085 0.453331
vt 0.818020 0.731512
vt 0.824139 0.731512
vt 0.818020 0.725190
vt 0.824139 0.725190
vt 0.818020 0.718867
vt 0.824139 0.718867
vt 0.818020 0.712544
vt 0.824139 0.712544
vt 0.818020 0.706222
vt 0.824139 0.706222
vt 0.818020 0.699899
vt 0.824139 0.699899
vt 0.818020 0.693576
vt 0.824139 0.693576
vt 0.818020 0.687253
vt 0.824139 0.687253
vt 0.818020 0.680930
vt 0.824139 0.680930
vt 0.818020 0.674607
vt 0.824139 0.674607
vt 0.818020 0.668284
vt 0.824139 0.668284
vt 0.818020 0.661963
vt 0.824139 0.661963
vt 0.818020 0.655640
vt 0.824139 0.655640
vt 0.818020 0.649317
vt 0.824139 0.649317
vt 0.818020 0.642994
vt 0.824139 0.642994
vt 0.818020 0.636671
vt 0.824139 0.636671
vt 0.818020 0.630348
vt 0.824139 0.630348
vt 0.818020 0.624025
vt 0.824139 0.624025
vt 0.818020 0.617702
vt 0.824139 0.617702
vt 0.818020 0.611380
vt 0.824139 0.611380
vt 0.818020 0.605057
vt 0.824139 0.605057
vt 0.818020 0.598735
vt 0.824139 0.598735
vt 0.818020 0.592412
vt 0.824139 0.592412
vt 0.320085 0.743908
vt 0.320085 0.667022
vt 0.324083 0.667022
vt 0.324083 0.743908
vt 0.820848 0.148160
vt 0.743962 0.148160
vt 0.743962 0.141987
vt 0.820848 0.141987
vt 0.743962 0.135814
vt 0.820848 0.135814
vt 0.743962 0.129641
vt 0.820848 0.129641
vt 0.724493 0.592059
vt 0.724493 0.585886
vt 0.728492 0.585886
vt 0.728492 0.592059
vt 0.820848 0.123466
vt 0.743962 0.123466
vt 0.743962 0.117293
vt 0.820848 0.117293
vt 0.743962 0.111120
vt 0.820848 0.111120
vt 0.743962 0.104947
vt 0.820848 0.104947
vt 0.201067 0.769087
vt 0.201067 0.845973
vt 0.197068 0.845973
vt 0.197068 0.769087
vt 0.820848 0.098774
vt 0.743962 0.098774
vt 0.743962 0.092600
vt 0.820848 0.092600
vt 0.743962 0.086427
vt 0.820848 0.086427
vt 0.743962 0.080254
vt 0.820848 0.080254
vt 0.324861 0.701191
vt 0.334522 0.701191
vt 0.334522 0.778078
vt 0.324861 0.778078
vt 0.820848 0.074080
vt 0.743962 0.074080
vt 0.743962 0.067906
vt 0.820848 0.067906
vt 0.743962 0.061733
vt 0.820848 0.061733
vt 0.743962 0.055560
vt 0.820848 0.055560
vt 0.712498 0.592059
vt 0.712498 0.585886
vt 0.716496 0.585886
vt 0.716496 0.592059
vt 0.820848 0.049387
vt 0.743962 0.049387
vt 0.743962 0.043214
vt 0.820848 0.043214
vt 0.743962 0.037040
vt 0.820848 0.037040
vt 0.743962 0.030867
vt 0.820848 0.030867
vt 0.409158 0.770468
vt 0.409158 0.847354
vt 0.405159 0.847354
vt 0.405159 0.770468
vt 0.820848 0.024693
vt 0.743962 0.024693
vt 0.743962 0.018520
vt 0.820848 0.018520
vt 0.743962 0.012346
vt 0.820848 0.012346
vt 0.743962 0.006173
vt 0.820848 0.006173
vt 0.201893 0.598551
vt 0.201893 0.604874
vt 0.201893 0.592228
vt 0.201893 0.585905
vt 0.201893 0.579582
vt 0.201893 0.573259
vt 0.201893 0.566936
vt 0.201893 0.560615
vt 0.201893 0.554292
vt 0.201893 0.547969
vt 0.201893 0.541646
vt 0.201893 0.535323
vt 0.201893 0.529000
vt 0.201893 0.522677
vt 0.201893 0.516355
vt 0.201893 0.510032
vt 0.201893 0.503709
vt 0.201893 0.497387
vt 0.201893 0.491064
vt 0.201893 0.484741
vt 0.201893 0.478418
vt 0.201893 0.472095
vt 0.201893 0.465773
vt 0.201893 0.459450
vt 0.716816 0.080254
vt 0.716816 0.074080
vt 0.802080 0.312404
vt 0.802080 0.306081
vt 0.849378 0.306081
vt 0.849378 0.312404
vt 0.802080 0.299758
vt 0.849378 0.299758
vt 0.802080 0.293435
vt 0.849378 0.293435
vt 0.802080 0.287112
vt 0.849378 0.287112
vt 0.802080 0.280789
vt 0.849378 0.280789
vt 0.802080 0.274467
vt 0.849378 0.274467
vt 0.802080 0.268144
vt 0.849378 0.268144
vt 0.802080 0.261821
vt 0.849378 0.261821
vt 0.802080 0.255498
vt 0.849378 0.255498
vt 0.802080 0.249176
vt 0.849378 0.249176
vt 0.802080 0.242853
vt 0.849378 0.242853
vt 0.802080 0.236530
vt 0.849378 0.236530
vt 0.802080 0.230207
vt 0.849378 0.230207
vt 0.802080 0.223885
vt 0.849378 0.223885
vt 0.802080 0.217562
vt 0.849378 0.217562
vt 0.802080 0.211239
vt 0.849378 0.211239
vt 0.802080 0.204916
vt 0.849378 0.204916
vt 0.802080 0.198593
vt 0.849378 0.198593
vt 0.802080 0.192270
vt 0.849378 0.192270
vt 0.802080 0.185948
vt 0.849378 0.185948
vt 0.802080 0.179626
vt 0.849378 0.179626
vt 0.802080 0.173303
vt 0.849378 0.173303
vt 0.802080 0.166980
vt 0.849378 0.166980
vt 0.197068 0.692201
vt 0.197068 0.698791
vt 0.183446 0.698791
vt 0.183446 0.692201
vt 0.197068 0.705380
vt 0.183446 0.705380
vt 0.197068 0.711971
vt 0.183446 0.711971
vt 0.197068 0.718561
vt 0.183446 0.718561
vt 0.197068 0.725151
vt 0.183446 0.725151
vt 0.197068 0.731741
vt 0.183446 0.731741
vt 0.197068 0.738331
vt 0.183446 0.738331
vt 0.197068 0.744922
vt 0.183446 0.744922
vt 0.197068 0.751512
vt 0.183446 0.751512
vt 0.197068 0.758101
vt 0.183446 0.758101
vt 0.197068 0.764691
vt 0.183446 0.764691
vt 0.197068 0.771282
vt 0.183446 0.771282
vt 0.197068 0.777872
vt 0.183446 0.777872
vt 0.197068 0.784462
vt 0.183446 0.784462
vt 0.197068 0.791052
vt 0.183446 0.791052
vt 0.197068 0.797642
vt 0.183446 0.797642
vt 0.197068 0.804233
vt 0.183446 0.804233
vt 0.197068 0.810822
vt 0.183446 0.810822
vt 0.197068 0.817412
vt 0.183446 0.817412
vt 0.197068 0.824002
vt 0.183446 0.824002
vt 0.197068 0.830592
vt 0.183446 0.830592
vt 0.197068 0.837183
vt 0.183446 0.837183
vt 0.197068 0.843773
vt 0.183446 0.843773
vt 0.533788 0.592898
vt 0.540822 0.595973
vt 0.533788 0.586576
vt 0.540822 0.589383
vt 0.533788 0.580253
vt 0.540822 0.582792
vt 0.533788 0.573931
vt 0.540822 0.576202
vt 0.533788 0.567608
vt 0.540822 0.569613
vt 0.533788 0.561285
vt 0.540822 0.563023
vt 0.533788 0.554962
vt 0.540822 0.556433
vt 0.533788 0.548639
vt 0.540822 0.549842
vt 0.533788 0.542316
vt 0.540822 0.543252
vt 0.533788 0.535994
vt 0.540822 0.536662
vt 0.533788 0.529671
vt 0.540822 0.530072
vt 0.533788 0.523348
vt 0.540822 0.523482
vt 0.533788 0.517025
vt 0.540822 0.516891
vt 0.533788 0.510703
vt 0.540822 0.510302
vt 0.533788 0.504380
vt 0.540822 0.503712
vt 0.533788 0.498057
vt 0.540822 0.497122
vt 0.533788 0.491735
vt 0.540822 0.490531
vt 0.533788 0.485412
vt 0.540822 0.483941
vt 0.533788 0.479089
vt 0.540822 0.477351
vt 0.533788 0.472766
vt 0.540822 0.470761
vt 0.533788 0.466443
vt 0.540822 0.464171
vt 0.533788 0.460120
vt 0.540822 0.457581
vt 0.533788 0.453797
vt 0.540822 0.450991
vt 0.885056 0.750818
vt 0.871437 0.750818
vt 0.885056 0.757410
vt 0.871437 0.757410
vt 0.885056 0.764000
vt 0.871437 0.764000
vt 0.885056 0.770590
vt 0.871437 0.770590
vt 0.885056 0.777180
vt 0.871437 0.777180
vt 0.885056 0.783770
vt 0.871437 0.783770
vt 0.885056 0.790359
vt 0.871437 0.790359
vt 0.885056 0.796949
vt 0.871437 0.796949
vt 0.885056 0.803539
vt 0.871437 0.803539
vt 0.885056 0.810129
vt 0.871437 0.810129
vt 0.885056 0.816721
vt 0.871437 0.816721
vt 0.885056 0.823311
vt 0.871437 0.823311
vt 0.885056 0.829901
vt 0.871437 0.829901
vt 0.885056 0.836491
vt 0.871437 0.836491
vt 0.885056 0.843081
vt 0.871437 0.843081
vt 0.885056 0.849670
vt 0.871437 0.849670
vt 0.885056 0.856260
vt 0.871437 0.856260
vt 0.885056 0.862850
vt 0.871437 0.862850
vt 0.885056 0.869440
vt 0.871437 0.869440
vt 0.885056 0.876030
vt 0.871437 0.876030
vt 0.885056 0.882622
vt 0.871437 0.882622
vt 0.885056 0.889212
vt 0.871437 0.889212
vt 0.885056 0.895802
vt 0.871437 0.895802
vt 0.331894 0.447475
vt 0.324861 0.444401
vt 0.331894 0.453797
vt 0.324861 0.450991
vt 0.331894 0.460120
vt 0.324861 0.457581
vt 0.331894 0.466443
vt 0.324861 0.464171
vt 0.331894 0.472766
vt 0.324861 0.470761
vt 0.331894 0.479089
vt 0.324861 0.477351
vt 0.331894 0.485412
vt 0.324861 0.483941
vt 0.331894 0.491735
vt 0.324861 0.490531
vt 0.331894 0.498057
vt 0.324861 0.497122
vt 0.331894 0.504380
vt 0.324861 0.503712
vt 0.331894 0.510702
vt 0.324861 0.510302
vt 0.331894 0.517025
vt 0.324861 0.516891
vt 0.331894 0.523348
vt 0.324861 0.523481
vt 0.331894 0.529671
vt 0.324861 0.530072
vt 0.331894 0.535994
vt 0.324861 0.536662
vt 0.331894 0.542316
vt 0.324861 0.543252
vt 0.331894 0.548639
vt 0.324861 0.549842
vt 0.331894 0.554962
vt 0.324861 0.556433
vt 0.331894 0.561285
vt 0.324861 0.563023
vt 0.331894 0.567608
vt 0.324861 0.569613
vt 0.331894 0.573931
vt 0.324861 0.576202
vt 0.331894 0.580253
vt 0.324861 0.582792
vt 0.331894 0.586576
vt 0.324861 0.589383
vt 0.871428 0.414136
vt 0.824140 0.414136
vt 0.871428 0.420459
vt 0.824140 0.420459
vt 0.871428 0.426782
vt 0.824140 0.426782
vt 0.871428 0.433105
vt 0.824140 0.433105
vt 0.871428 0.439427
vt 0.824140 0.439427
vt 0.871428 0.445750
vt 0.824140 0.445750
vt 0.871428 0.452073
vt 0.824140 0.452073
vt 0.871428 0.458395
vt 0.824140 0.458395
vt 0.871428 0.464718
vt 0.824140 0.464718
vt 0.871428 0.471041
vt 0.824140 0.471041
vt 0.871428 0.477364
vt 0.824140 0.477364
vt 0.871428 0.483686
vt 0.824140 0.483686
vt 0.871428 0.490009
vt 0.824140 0.490009
vt 0.871428 0.496332
vt 0.824140 0.496332
vt 0.871428 0.502655
vt 0.824140 0.502655
vt 0.871428 0.508978
vt 0.824140 0.508978
vt 0.871428 0.515301
vt 0.824140 0.515301
vt 0.871428 0.521623
vt 0.824140 0.521623
vt 0.871428 0.527946
vt 0.824140 0.527946
vt 0.871428 0.534268
vt 0.824140 0.534268
vt 0.871428 0.540591
vt 0.824140 0.540591
vt 0.871428 0.546914
vt 0.824140 0.546914
vt 0.871428 0.553237
vt 0.824140 0.553237
vt 0.532398 0.693582
vt 0.532398 0.770468
vt 0.526225 0.770468
vt 0.785764 0.498559
vt 0.785764 0.575445
vt 0.779591 0.575445
vt 0.779591 0.498559
vt 0.538572 0.693582
vt 0.538572 0.770468
vt 0.532399 0.770468
vt 0.532399 0.693582
vt 0.798111 0.498559
vt 0.798111 0.575445
vt 0.791938 0.575445
vt 0.791938 0.498559
vt 0.785765 0.575445
vt 0.785765 0.498559
vt 0.773417 0.575445
vt 0.773417 0.498559
vt 0.804284 0.498559
vt 0.804284 0.575445
vt 0.720495 0.592059
vt 0.720495 0.585886
vt 0.724494 0.585886
vt 0.724494 0.592059
vt 0.320085 0.436363
vt 0.324083 0.359477
vt 0.324083 0.436363
vt 0.732490 0.592059
vt 0.732490 0.585886
vt 0.736488 0.585886
vt 0.736488 0.592059
vt 0.324083 0.513249
vt 0.324083 0.590136
vt 0.320085 0.590136
vt 0.320085 0.513249
vt 0.732491 0.585886
vt 0.732491 0.592059
vt 0.413157 0.770468
vt 0.413157 0.847354
vt 0.324083 0.590136
vt 0.320085 0.590136
vt 0.736809 0.319446
vt 0.736809 0.313272
vt 0.740808 0.313272
vt 0.740808 0.319446
vt 0.201067 0.692201
vt 0.732810 0.319446
vt 0.732810 0.313272
vt 0.401160 0.847354
vt 0.401160 0.770468
vt 0.720494 0.592059
vt 0.740487 0.592059
vt 0.740487 0.585886
vt 0.744486 0.585886
vt 0.744485 0.592059
vt 0.716817 0.319446
vt 0.716817 0.313272
vt 0.720815 0.313272
vt 0.720816 0.319446
vt 0.401161 0.770468
vt 0.401161 0.847354
vt 0.397162 0.847354
vt 0.397162 0.770468
vt 0.320085 0.820795
vt 0.324083 0.820795
vt 0.720815 0.319446
vt 0.724813 0.313272
vt 0.724813 0.319446
vt 0.835721 0.148160
vt 0.842117 0.148160
vt 0.835721 0.152953
vt 0.842117 0.154334
vt 0.835721 0.154334
vt 0.828458 0.154334
vt 0.828458 0.152953
vt 0.527162 0.096230
vt 0.527162 0.097610
vt 0.520765 0.102402
vt 0.338521 0.805223
vt 0.338521 0.778078
vt 0.352180 0.805223
vt 0.345784 0.805223
vt 0.716816 0.000000
vt 0.743962 0.000000
vt 0.716816 0.006173
vt 0.716816 0.001381
vt 0.534425 0.097610
vt 0.534425 0.096230
vt 0.540822 0.091019
vt 0.540822 0.097610
vt 0.338520 0.805223
vt 0.331257 0.805223
vt 0.324861 0.805223
vt 0.338520 0.778078
vt 0.534425 0.250563
vt 0.534425 0.249182
vt 0.540822 0.249182
vt 0.540822 0.255772
vt 0.527162 0.250563
vt 0.527162 0.249182
vt 0.534425 0.244389
vt 0.534425 0.242592
vt 0.540822 0.242592
vt 0.527162 0.244389
vt 0.530888 0.244389
vt 0.527162 0.242592
vt 0.534425 0.238216
vt 0.534425 0.236002
vt 0.540822 0.236002
vt 0.527162 0.236002
vt 0.531751 0.238216
vt 0.527162 0.238216
vt 0.534425 0.232042
vt 0.534425 0.229412
vt 0.540822 0.229412
vt 0.527162 0.229412
vt 0.532615 0.232042
vt 0.527162 0.232042
vt 0.534425 0.225868
vt 0.534425 0.222822
vt 0.540822 0.222822
vt 0.527162 0.222822
vt 0.533479 0.225868
vt 0.527162 0.225868
vt 0.527162 0.222979
vt 0.534425 0.219696
vt 0.534425 0.216230
vt 0.540822 0.216230
vt 0.527162 0.216230
vt 0.534343 0.219696
vt 0.527162 0.219696
vt 0.527162 0.216805
vt 0.534425 0.213522
vt 0.534425 0.209641
vt 0.540822 0.209641
vt 0.527162 0.213522
vt 0.527162 0.210632
vt 0.527162 0.209641
vt 0.534425 0.207350
vt 0.534425 0.203051
vt 0.540822 0.203051
vt 0.527162 0.207350
vt 0.527162 0.204458
vt 0.527162 0.203051
vt 0.534425 0.201176
vt 0.534425 0.196461
vt 0.540822 0.196461
vt 0.527162 0.201176
vt 0.527162 0.198284
vt 0.527162 0.196461
vt 0.534425 0.195002
vt 0.534425 0.189871
vt 0.540822 0.189871
vt 0.527162 0.195002
vt 0.527162 0.192112
vt 0.527162 0.189871
vt 0.534425 0.188829
vt 0.534425 0.183281
vt 0.540822 0.183281
vt 0.527162 0.188829
vt 0.527162 0.185938
vt 0.527162 0.183281
vt 0.534425 0.182655
vt 0.534425 0.176691
vt 0.540822 0.176691
vt 0.527162 0.182655
vt 0.527162 0.179766
vt 0.527162 0.176691
vt 0.534425 0.176483
vt 0.534425 0.170309
vt 0.534425 0.170101
vt 0.540822 0.170101
vt 0.527594 0.170309
vt 0.527162 0.176483
vt 0.527162 0.170309
vt 0.540822 0.163511
vt 0.534425 0.164135
vt 0.534425 0.163511
vt 0.528457 0.164135
vt 0.527162 0.164135
vt 0.527162 0.163511
vt 0.534425 0.157963
vt 0.534425 0.156919
vt 0.540822 0.156919
vt 0.527162 0.161245
vt 0.527162 0.157963
vt 0.529321 0.157963
vt 0.534425 0.151789
vt 0.534425 0.150330
vt 0.540822 0.150330
vt 0.527162 0.156919
vt 0.527162 0.155071
vt 0.527162 0.151789
vt 0.530185 0.151789
vt 0.534425 0.145615
vt 0.534425 0.143740
vt 0.540822 0.143740
vt 0.527162 0.143740
vt 0.531049 0.145615
vt 0.527162 0.145615
vt 0.527162 0.150330
vt 0.527162 0.148897
vt 0.534425 0.139442
vt 0.534425 0.137150
vt 0.540822 0.137150
vt 0.527162 0.137150
vt 0.531912 0.139442
vt 0.527162 0.139442
vt 0.527162 0.142725
vt 0.534425 0.133268
vt 0.534425 0.130560
vt 0.540822 0.130560
vt 0.527162 0.130560
vt 0.532776 0.133268
vt 0.527162 0.133268
vt 0.527162 0.136551
vt 0.534425 0.127096
vt 0.534425 0.123970
vt 0.540822 0.123970
vt 0.527162 0.123970
vt 0.533640 0.127096
vt 0.527162 0.127096
vt 0.527162 0.124205
vt 0.527162 0.130379
vt 0.534425 0.120922
vt 0.534425 0.117380
vt 0.540822 0.117380
vt 0.527162 0.117380
vt 0.527162 0.120922
vt 0.527162 0.118031
vt 0.534425 0.114748
vt 0.534425 0.110790
vt 0.540822 0.110790
vt 0.527162 0.110790
vt 0.527162 0.114748
vt 0.527162 0.111858
vt 0.534425 0.108576
vt 0.534425 0.104200
vt 0.540822 0.104200
vt 0.527162 0.108576
vt 0.527162 0.105684
vt 0.527162 0.104200
vt 0.534425 0.102402
vt 0.527162 0.102402
vt 0.716816 0.148160
vt 0.743962 0.154334
vt 0.716816 0.154334
vt 0.716816 0.152953
vt 0.716816 0.141987
vt 0.716816 0.146362
vt 0.716816 0.135814
vt 0.716816 0.139772
vt 0.716816 0.129641
vt 0.716816 0.133183
vt 0.716816 0.123466
vt 0.716816 0.126593
vt 0.716816 0.117293
vt 0.716816 0.120003
vt 0.716816 0.111120
vt 0.716816 0.113412
vt 0.716816 0.106822
vt 0.716816 0.104947
vt 0.716816 0.098774
vt 0.716816 0.100232
vt 0.716816 0.092600
vt 0.716816 0.093642
vt 0.716816 0.086427
vt 0.716816 0.087052
vt 0.716816 0.080462
vt 0.716816 0.067906
vt 0.716816 0.073872
vt 0.716816 0.061733
vt 0.716816 0.067282
vt 0.716816 0.055560
vt 0.716816 0.060692
vt 0.716816 0.049387
vt 0.716816 0.054102
vt 0.716816 0.043214
vt 0.716816 0.047511
vt 0.716816 0.037040
vt 0.716816 0.040921
vt 0.716816 0.030867
vt 0.716816 0.034331
vt 0.716816 0.024693
vt 0.716816 0.027741
vt 0.716816 0.021152
vt 0.716816 0.018520
vt 0.716816 0.014561
vt 0.716816 0.012346
vt 0.716816 0.007971
vt 0.520765 0.244389
vt 0.520765 0.232042
vt 0.520765 0.225868
vt 0.520765 0.219696
vt 0.520765 0.213522
vt 0.520765 0.207350
vt 0.520765 0.176483
vt 0.520765 0.170309
vt 0.520765 0.164135
vt 0.527162 0.167418
vt 0.527162 0.170101
vt 0.520765 0.157963
vt 0.520765 0.151789
vt 0.520765 0.145615
vt 0.520765 0.139442
vt 0.520765 0.133268
vt 0.520765 0.127096
vt 0.520765 0.120922
vt 0.520765 0.114748
vt 0.520765 0.108576
vt 0.313964 0.359477
vt 0.835721 0.001381
vt 0.842117 0.006173
vt 0.835721 0.006173
vt 0.835721 0.003283
vt 0.828458 0.001381
vt 0.828458 0.000000
vt 0.835721 0.000000
vt 0.828458 0.006173
vt 0.835721 0.007971
vt 0.842117 0.012346
vt 0.835721 0.012346
vt 0.835721 0.009456
vt 0.842117 0.018520
vt 0.835721 0.014561
vt 0.835721 0.018520
vt 0.835721 0.015629
vt 0.842117 0.024693
vt 0.835721 0.021152
vt 0.835721 0.024693
vt 0.835721 0.021803
vt 0.842117 0.030867
vt 0.835721 0.027741
vt 0.835721 0.030867
vt 0.835721 0.027976
vt 0.835721 0.034331
vt 0.842117 0.037040
vt 0.835721 0.037040
vt 0.835721 0.040921
vt 0.842117 0.043214
vt 0.835721 0.043214
vt 0.835721 0.047511
vt 0.842117 0.049387
vt 0.835721 0.049387
vt 0.835721 0.054102
vt 0.842117 0.055560
vt 0.835721 0.055560
vt 0.835721 0.060692
vt 0.842117 0.061733
vt 0.835721 0.061733
vt 0.835721 0.067282
vt 0.842117 0.067906
vt 0.835721 0.067906
vt 0.835721 0.073872
vt 0.828458 0.073872
vt 0.828458 0.067906
vt 0.834426 0.067906
vt 0.835721 0.071189
vt 0.842117 0.074080
vt 0.835721 0.074080
vt 0.835289 0.074080
vt 0.835721 0.080254
vt 0.828458 0.080254
vt 0.828458 0.074080
vt 0.835721 0.080462
vt 0.835721 0.083536
vt 0.835721 0.086427
vt 0.828458 0.086427
vt 0.828458 0.080462
vt 0.842117 0.080254
vt 0.842117 0.086427
vt 0.835721 0.087052
vt 0.842117 0.092600
vt 0.835721 0.093642
vt 0.835721 0.092600
vt 0.842117 0.098774
vt 0.835721 0.100232
vt 0.835721 0.098774
vt 0.842117 0.104947
vt 0.835721 0.106822
vt 0.835721 0.104947
vt 0.842117 0.129641
vt 0.835721 0.129641
vt 0.835721 0.126749
vt 0.835721 0.126593
vt 0.842117 0.123466
vt 0.829404 0.129641
vt 0.828458 0.129641
vt 0.828458 0.126593
vt 0.842117 0.135814
vt 0.835721 0.135814
vt 0.835721 0.133183
vt 0.842117 0.141987
vt 0.835721 0.141987
vt 0.835721 0.139772
vt 0.835721 0.146362
vt 0.307808 0.345817
vt 0.300128 0.345817
vt 0.300128 0.156309
vt 0.307808 0.156309
vt 0.324861 0.156309
vt 0.324861 0.188130
vt 0.324861 0.206906
vt 0.324861 0.241676
vt 0.324861 0.251064
vt 0.324861 0.260452
vt 0.324861 0.295222
vt 0.324861 0.313998
vt 0.324861 0.345817
vt 0.261506 0.345817
vt 0.261506 0.000000
vt 0.280817 0.000000
vt 0.280817 0.345817
vt 0.273703 0.345817
vt 0.239597 0.359477
vt 0.233424 0.359477
vt 0.227250 0.359477
vt 0.222883 0.359477
vt 0.222883 0.000000
vt 0.242194 0.000000
vt 0.242194 0.345817
vt 0.239597 0.345817
vt 0.184260 0.359477
vt 0.184260 0.000000
vt 0.203572 0.000000
vt 0.203572 0.359477
vt 0.202558 0.359477
vt 0.196383 0.359477
vt 0.190210 0.359477
vt 0.146996 0.359477
vt 0.145638 0.359477
vt 0.145638 0.000000
vt 0.164949 0.000000
vt 0.164949 0.359477
vt 0.159344 0.359477
vt 0.153171 0.359477
vt 0.109957 0.359477
vt 0.107016 0.359477
vt 0.107016 0.000000
vt 0.126328 0.000000
vt 0.126327 0.359477
vt 0.122304 0.359477
vt 0.116130 0.359477
vt 0.085263 0.345817
vt 0.068394 0.345817
vt 0.068394 0.000000
vt 0.087705 0.000000
vt 0.087705 0.359477
vt 0.085263 0.359477
vt 0.034105 0.345817
vt 0.029771 0.345817
vt 0.029771 0.000000
vt 0.049082 0.000000
vt 0.049082 0.345817
vt 0.000000 0.156309
vt 0.017053 0.156309
vt 0.025442 0.156309
vt 0.025442 0.000000
vt 0.017053 0.345817
vt 0.000000 0.345817
vt 0.000000 0.313998
vt 0.000000 0.295222
vt 0.000000 0.260452
vt 0.000000 0.251064
vt 0.000000 0.241676
vt 0.000000 0.206906
vt 0.000000 0.188130
vt 0.313964 0.378078
vt 0.313964 0.397389
vt 0.201893 0.397389
vt 0.201893 0.395885
vt 0.201893 0.378078
vt 0.313964 0.416700
vt 0.313964 0.436012
vt 0.201893 0.436012
vt 0.201893 0.433859
vt 0.201893 0.427269
vt 0.201893 0.420679
vt 0.201893 0.416700
vt 0.313964 0.455323
vt 0.313964 0.474634
vt 0.201893 0.474634
vt 0.201893 0.473399
vt 0.201893 0.466809
vt 0.201893 0.460219
vt 0.201893 0.455323
vt 0.313964 0.493945
vt 0.313964 0.513257
vt 0.201893 0.513257
vt 0.201893 0.512940
vt 0.201893 0.506350
vt 0.201893 0.499760
vt 0.201893 0.493946
vt 0.313964 0.532568
vt 0.313964 0.551879
vt 0.201893 0.551879
vt 0.201893 0.545891
vt 0.201893 0.539300
vt 0.201893 0.532710
vt 0.201893 0.532568
vt 0.313964 0.571191
vt 0.313964 0.590502
vt 0.201893 0.590502
vt 0.201893 0.578841
vt 0.201893 0.572251
vt 0.201893 0.571191
vt 0.313964 0.609813
vt 0.313964 0.629125
vt 0.201893 0.629125
vt 0.201893 0.615249
vt 0.201893 0.609813
vt 0.313964 0.633452
vt 0.306325 0.633452
vt 0.229143 0.633452
vt 0.201893 0.633452
vt 0.201893 0.597045
vt 0.051158 0.345817
vt 0.068211 0.345817
vt 0.201893 0.565660
vt 0.201893 0.559071
vt 0.201893 0.552481
vt 0.103784 0.359477
vt 0.097610 0.359477
vt 0.091437 0.359477
vt 0.201893 0.526120
vt 0.201893 0.519530
vt 0.128477 0.359477
vt 0.140823 0.359477
vt 0.134650 0.359477
vt 0.201893 0.493170
vt 0.201893 0.486580
vt 0.201893 0.479990
vt 0.184037 0.359477
vt 0.177864 0.359477
vt 0.171690 0.359477
vt 0.165517 0.359477
vt 0.201893 0.453629
vt 0.201893 0.447039
vt 0.201893 0.440449
vt 0.221077 0.359477
vt 0.214904 0.359477
vt 0.208731 0.359477
vt 0.201893 0.414088
vt 0.256650 0.345817
vt 0.306325 0.359477
vt 0.201893 0.377681
vt 0.201893 0.359477
vt 0.229143 0.359477
vt 0.290755 0.345817
vt 0.299418 0.000000
vt 0.299418 0.156309
vt 0.338521 0.693582
vt 0.338521 0.701191
vt 0.324861 0.693582
vt 0.828458 0.148160
vt 0.831995 0.148160
vt 0.652462 0.645058
vt 0.652462 0.626282
vt 0.652462 0.679828
vt 0.652462 0.689216
vt 0.644853 0.689216
vt 0.652462 0.733373
vt 0.652462 0.698604
vt 0.652462 0.752150
vt 0.652462 0.783969
vt 0.764103 0.645056
vt 0.764103 0.626280
vt 0.764103 0.679826
vt 0.764103 0.689214
vt 0.756494 0.689214
vt 0.764103 0.733372
vt 0.764103 0.698602
vt 0.764103 0.752148
vt 0.764103 0.783968
vt 0.828457 0.006173
vt 0.820848 0.000000
vt 0.828457 0.000000
vt 0.828457 0.002441
vt 0.352181 0.693582
vt 0.017053 0.692201
vt 0.002598 0.692201
vt 0.733870 0.154334
vt 0.716817 0.154334
vt 0.764103 0.594460
vt 0.175057 0.692201
vt 0.158005 0.692201
vt 0.652462 0.594461
vt 0.802080 0.154334
vt 0.785028 0.154334
vt 0.785211 0.154334
vt 0.767975 0.154334
vt 0.750922 0.154334
vt 0.765899 0.154334
vt 0.746588 0.154334
vt 0.140951 0.692201
vt 0.158004 0.692201
vt 0.132562 0.692201
vt 0.182737 0.692201
vt 0.183447 0.692201
vt 0.068211 0.692201
vt 0.051158 0.692201
vt 0.060532 0.692201
vt 0.034105 0.692201
vt 0.041220 0.692201
vt 0.021909 0.692201
vt 0.712498 0.375096
vt 0.540822 0.375096
vt 0.540822 0.356893
vt 0.712498 0.356893
vt 0.712498 0.358397
vt 0.824139 0.498559
vt 0.816530 0.498559
vt 0.816530 0.340766
vt 0.824139 0.342249
vt 0.712498 0.388277
vt 0.540822 0.388277
vt 0.540822 0.381687
vt 0.712498 0.381687
vt 0.712498 0.394867
vt 0.540822 0.394867
vt 0.712498 0.401457
vt 0.540822 0.401457
vt 0.712498 0.397020
vt 0.739644 0.498559
vt 0.739644 0.325777
vt 0.712498 0.408047
vt 0.540822 0.408047
vt 0.712498 0.414638
vt 0.540822 0.414638
vt 0.712498 0.421227
vt 0.540822 0.421227
vt 0.712498 0.416331
vt 0.712498 0.427817
vt 0.540822 0.427817
vt 0.828457 0.154334
vt 0.820848 0.154334
vt 0.828457 0.148160
vt 0.828457 0.141987
vt 0.828457 0.135814
vt 0.828457 0.137620
vt 0.828457 0.129641
vt 0.828457 0.123466
vt 0.828457 0.117293
vt 0.828457 0.118308
vt 0.828457 0.111120
vt 0.828457 0.104947
vt 0.828457 0.098774
vt 0.828457 0.098997
vt 0.828457 0.092600
vt 0.828457 0.086427
vt 0.828457 0.080254
vt 0.828457 0.074080
vt 0.828457 0.079686
vt 0.828457 0.067906
vt 0.828457 0.061733
vt 0.828457 0.055560
vt 0.828457 0.060375
vt 0.828457 0.049387
vt 0.828457 0.043214
vt 0.828457 0.037040
vt 0.828457 0.041063
vt 0.828457 0.030867
vt 0.828457 0.024693
vt 0.828457 0.018520
vt 0.828457 0.021752
vt 0.828457 0.012346
vt 0.527162 0.099512
vt 0.712498 0.434407
vt 0.540822 0.434407
vt 0.712498 0.440998
vt 0.540822 0.440998
vt 0.712498 0.435642
vt 0.201893 0.655216
vt 0.209503 0.653733
vt 0.209503 0.811526
vt 0.201893 0.811526
vt 0.712498 0.447588
vt 0.540822 0.447588
vt 0.313534 0.805129
vt 0.313534 0.811526
vt 0.286389 0.811526
vt 0.286389 0.638744
vt 0.313534 0.633453
vt 0.712498 0.454178
vt 0.540822 0.454178
vt 0.712498 0.460768
vt 0.540822 0.460768
vt 0.712498 0.454954
vt 0.712498 0.467358
vt 0.540822 0.467358
vt 0.712498 0.576257
vt 0.540822 0.576257
vt 0.540822 0.558053
vt 0.712498 0.558053
vt 0.712498 0.570821
vt 0.712498 0.473948
vt 0.540822 0.473948
vt 0.712498 0.594460
vt 0.540822 0.594460
vt 0.712498 0.590133
vt 0.712498 0.480538
vt 0.540822 0.480538
vt 0.712498 0.474265
vt 0.712498 0.487128
vt 0.540822 0.487128
vt 0.712498 0.493718
vt 0.540822 0.493718
vt 0.712498 0.493576
vt 0.520765 0.238216
vt 0.520765 0.201176
vt 0.520765 0.195002
vt 0.520765 0.188829
vt 0.520765 0.182655
vt 0.712498 0.500308
vt 0.540822 0.500308
vt 0.712498 0.377708
vt 0.712498 0.506899
vt 0.540822 0.506899
vt 0.540822 0.539849
vt 0.712498 0.539849
vt 0.712498 0.551510
vt 0.712498 0.513489
vt 0.540822 0.513489
vt 0.712498 0.512887
vt 0.712498 0.520079
vt 0.540822 0.520079
vt 0.712498 0.526669
vt 0.540822 0.526669
vt 0.712498 0.533258
vt 0.540822 0.533258
vt 0.712498 0.532199
vt 0.712498 0.338689
vt 0.540822 0.338689
vt 0.540822 0.320485
vt 0.712498 0.320485
vt 0.712498 0.498559
vt 0.712498 0.492162
vt 0.712498 0.320485
vt 0.712498 0.339087
vt 0.828458 0.007971
vt 0.828458 0.012346
vt 0.828458 0.014561
vt 0.828458 0.018520
vt 0.828458 0.021152
vt 0.828458 0.024693
vt 0.828458 0.027741
vt 0.829243 0.030867
vt 0.828458 0.030867
vt 0.835721 0.034149
vt 0.828458 0.034331
vt 0.830107 0.037040
vt 0.828458 0.037040
vt 0.835721 0.040322
vt 0.828458 0.040921
vt 0.830970 0.043214
vt 0.828458 0.043214
vt 0.835721 0.046496
vt 0.828458 0.047511
vt 0.831834 0.049387
vt 0.828458 0.049387
vt 0.835721 0.052670
vt 0.828458 0.054102
vt 0.832698 0.055560
vt 0.828458 0.055560
vt 0.835721 0.058843
vt 0.828458 0.060692
vt 0.833562 0.061733
vt 0.828458 0.061733
vt 0.835721 0.065016
vt 0.828458 0.067282
vt 0.835721 0.089709
vt 0.828458 0.087052
vt 0.828458 0.092600
vt 0.835721 0.095882
vt 0.828458 0.093642
vt 0.828458 0.098774
vt 0.835721 0.102057
vt 0.828458 0.100232
vt 0.828458 0.104947
vt 0.835721 0.108230
vt 0.842117 0.111120
vt 0.835721 0.111120
vt 0.828458 0.106822
vt 0.828458 0.111120
vt 0.835721 0.114403
vt 0.835721 0.113412
vt 0.842117 0.117293
vt 0.835721 0.117293
vt 0.828458 0.113412
vt 0.828458 0.117293
vt 0.835721 0.120576
vt 0.835721 0.120003
vt 0.835721 0.123466
vt 0.828458 0.120003
vt 0.828540 0.123466
vt 0.828458 0.123466
vt 0.828458 0.133183
vt 0.830268 0.135814
vt 0.828458 0.135814
vt 0.828458 0.139772
vt 0.831131 0.141987
vt 0.828458 0.141987
vt 0.828458 0.146362
vt 0.735475 0.293295
vt 0.730476 0.293295
vt 0.740472 0.312071
vt 0.745470 0.312071
vt 0.370956 0.693582
vt 0.370956 0.770468
vt 0.740473 0.293295
vt 0.744098 0.284751
vt 0.749096 0.284751
s 0
usemtl powerhouse-trim
f 291/215/12 126/216/12 134/217/12 295/218/12
f 187/235/13 128/236/13 135/237/13 199/238/13
f 181/239/11 125/240/11 133/241/11 193/242/11
f 341/243/14 127/244/14 136/245/14 345/246/14
f 273/293/14 146/294/14 150/295/14 277/296/14
f 321/309/12 144/310/12 148/311/12 325/312/12
f 533/313/12 143/314/12 147/315/12 581/316/12
f 701/325/14 161/326/14 163/327/14 725/328/14
f 150/339/11 146/340/11 162/341/11 164/342/11
f 145/340/13 149/339/13 163/335/13 161/345/13
f 126/401/11 186/402/11 198/403/11 134/404/11
f 186/402/11 185/405/11 197/406/11 198/403/11
f 185/405/11 184/407/11 196/408/11 197/406/11
f 1227/409/11 183/410/11 195/411/11 1229/412/11
f 183/410/11 182/413/11 194/414/11 195/411/11
f 182/413/11 181/239/11 193/242/11 194/414/11
f 127/415/13 192/416/13 204/417/13 136/418/13
f 192/416/13 191/419/13 203/420/13 204/417/13
f 191/419/13 190/421/13 202/422/13 203/420/13
f 1228/423/13 189/424/13 201/425/13 1230/426/13
f 189/424/13 188/427/13 200/428/13 201/425/13
f 188/427/13 187/235/13 199/238/13 200/428/13
f 125/573/14 276/574/14 280/575/14 133/576/14
f 276/574/14 275/577/14 279/578/14 280/575/14
f 275/577/14 274/579/14 278/580/14 279/578/14
f 274/579/14 273/293/14 277/296/14 278/580/14
f 143/314/12 294/613/12 298/614/12 147/315/12
f 294/613/12 293/615/12 297/616/12 298/614/12
f 293/615/12 292/617/12 296/618/12 297/616/12
f 292/617/12 291/215/12 295/218/12 296/618/12
f 128/698/12 324/699/12 328/700/12 135/701/12
f 324/699/12 323/702/12 327/703/12 328/700/12
f 322/704/12 321/309/12 325/312/12 326/705/12
f 145/734/14 344/735/14 348/736/14 149/737/14
f 344/735/14 343/738/14 347/739/14 348/736/14
f 343/738/14 342/740/14 346/741/14 347/739/14
f 342/740/14 341/243/14 345/246/14 346/741/14
f 369/759/14 371/760/14 372/761/14 370/762/14
f 373/762/14 375/761/14 376/763/14 374/764/14
f 386/783/11 385/784/11 387/785/11 388/786/11
f 1239/787/11 1240/788/11 383/789/11 384/790/11
f 378/791/11 377/792/11 379/793/11 380/794/11
f 398/825/13 397/826/13 399/792/13 400/791/13
f 1241/827/13 1242/828/13 395/782/13 396/829/13
f 390/786/13 389/785/13 391/830/13 392/831/13
f 162/1441/14 724/1442/14 748/1443/14 164/1444/14
f 724/1442/14 723/1445/14 747/1446/14 748/1443/14
f 723/1445/14 722/1447/14 746/1448/14 747/1446/14
f 722/1447/14 721/1449/14 745/1450/14 746/1448/14
f 721/1449/14 720/1451/14 744/1452/14 745/1450/14
f 720/1451/14 719/1453/14 743/1454/14 744/1452/14
f 719/1453/14 718/1455/14 742/1456/14 743/1454/14
f 718/1455/14 717/1457/14 741/1458/14 742/1456/14
f 717/1457/14 716/1459/14 740/1460/14 741/1458/14
f 716/1459/14 715/1461/14 739/1462/14 740/1460/14
f 715/1461/14 714/1463/14 738/1464/14 739/1462/14
f 714/1463/14 713/1465/14 737/1466/14 738/1464/14
f 713/1465/14 712/1467/14 736/1468/14 737/1466/14
f 712/1467/14 711/1469/14 735/1470/14 736/1468/14
f 711/1469/14 710/1471/14 734/1472/14 735/1470/14
f 710/1471/14 709/1473/14 733/1474/14 734/1472/14
f 709/1473/14 708/1475/14 732/1476/14 733/1474/14
f 708/1475/14 707/1477/14 731/1478/14 732/1476/14
f 707/1477/14 706/1479/14 730/1480/14 731/1478/14
f 706/1479/14 705/1481/14 729/1482/14 730/1480/14
f 705/1481/14 704/1483/14 728/1484/14 729/1482/14
f 704/1483/14 703/1485/14 727/1486/14 728/1484/14
f 703/1485/14 702/1487/14 726/1488/14 727/1486/14
f 702/1487/14 701/325/14 725/328/14 726/1488/14
f 144/310/12 556/1535/12 604/1536/12 148/311/12
f 556/1535/12 555/1537/12 603/1538/12 604/1536/12
f 555/1537/12 554/1539/12 602/1540/12 603/1538/12
f 554/1539/12 553/1541/12 601/1542/12 602/1540/12
f 553/1541/12 552/1543/12 600/1544/12 601/1542/12
f 552/1543/12 551/1545/12 599/1546/12 600/1544/12
f 551/1545/12 550/1547/12 598/1548/12 599/1546/12
f 550/1547/12 549/1549/12 597/1550/12 598/1548/12
f 549/1549/12 548/1551/12 596/1552/12 597/1550/12
f 548/1551/12 547/1553/12 595/1554/12 596/1552/12
f 547/1553/12 546/1555/12 594/1556/12 595/1554/12
f 546/1555/12 545/1557/12 593/1558/12 594/1556/12
f 545/1557/12 544/1559/12 592/1560/12 593/1558/12
f 544/1559/12 543/1561/12 591/1562/12 592/1560/12
f 543/1561/12 542/1563/12 590/1564/12 591/1562/12
f 542/1563/12 541/1565/12 589/1566/12 590/1564/12
f 541/1565/12 540/1567/12 588/1568/12 589/1566/12
f 540/1567/12 539/1569/12 587/1570/12 588/1568/12
f 539/1569/12 538/1571/12 586/1572/12 587/1570/12
f 538/1571/12 537/1573/12 585/1574/12 586/1572/12
f 537/1573/12 536/1575/12 584/1576/12 585/1574/12
f 536/1575/12 535/1577/12 583/1578/12 584/1576/12
f 535/1577/12 534/1579/12 582/1580/12 583/1578/12
f 534/1579/12 533/313/12 581/316/12 582/1580/12
f 990/1673/14 991/1674/14 1015/1675/14 1016/303/14
f 989/1676/14 1014/1677/14 1003/1678/14 992/1679/14
f 993/1680/14 1004/1681/14 1005/1682/14 994/1683/14
f 995/1684/14 1006/1685/14 1007/1686/14 996/1687/14
f 997/1687/14 1008/1686/14 1009/1688/14 998/1689/14
f 999/1679/14 1010/1678/14 1011/1690/14 1000/1691/14
f 1001/1692/14 1012/1693/14 1013/1685/14 1002/1684/14
f 322/704/12 326/705/12 327/703/12 323/702/12 1017/702/12
f 394/2481/13 393/2482/13 1242/828/13 1241/827/13
f 382/794/11 381/793/11 1240/788/11 1239/787/11
f 190/421/13 1228/423/13 1230/426/13 202/422/13
f 184/407/11 1227/409/11 1229/412/11 196/408/11
usemtl powerhouse-walls
f 267/195/11 174/196/11 122/197/11 231/198/11
f 368/199/12 320/200/12 124/201/12 233/202/12
f 255/203/13 180/204/13 123/205/13 235/206/13
f 318/207/14 272/208/14 121/209/14 230/210/14
f 169/211/15 121/212/15 125/213/15 181/214/15
f 337/219/15 123/220/15 127/221/15 341/222/15
f 289/223/15 122/224/15 126/225/15 291/226/15
f 175/227/15 124/228/15 128/229/15 187/230/15
f 349/231/14 131/232/14 406/233/14 434/234/14
f 210/247/16 130/248/16 134/225/16 198/249/16
f 332/250/16 132/251/16 135/252/16 328/253/16
f 216/254/16 131/255/16 136/256/16 204/257/16
f 284/258/16 129/259/16 133/213/16 280/260/16
f 299/261/12 130/262/12 402/263/12 428/264/12
f 211/265/13 132/266/13 404/267/13 420/268/13
f 205/269/11 129/270/11 408/271/11 415/272/11
f 329/273/12 152/274/12 411/275/12 431/276/12
f 605/277/12 151/278/12 410/279/12 629/280/12
f 352/281/16 153/282/16 149/283/16 348/284/16
f 302/285/16 151/286/16 147/287/16 298/288/16
f 628/289/16 152/290/16 148/291/16 604/292/16
f 281/297/14 154/298/14 414/299/14 425/300/14
f 414/301/11 154/302/11 166/303/11 168/304/11
f 269/305/15 142/306/15 146/307/15 273/308/15
f 364/317/14 340/318/14 141/319/14 237/320/14
f 772/321/16 166/322/16 164/323/16 748/324/16
f 749/329/14 165/330/14 167/331/14 773/332/14
f 149/283/16 153/282/16 165/333/16 163/334/16
f 153/335/13 413/336/13 167/337/13 165/338/13
f 154/343/16 150/344/16 164/323/16 166/322/16
f 676/346/16 414/347/16 168/348/16 796/349/16
f 130/350/11 210/351/11 401/352/11 402/353/11
f 210/351/11 209/354/11 419/355/11 401/352/11
f 209/354/11 208/356/11 418/357/11 419/355/11
f 1231/358/11 207/359/11 417/360/11 1233/361/11
f 207/359/11 206/362/11 416/363/11 417/360/11
f 206/362/11 205/269/11 415/272/11 416/363/11
f 131/364/13 216/365/13 405/366/13 406/367/13
f 216/365/13 215/368/13 424/369/13 405/366/13
f 215/368/13 214/370/13 423/371/13 424/369/13
f 1232/372/13 213/373/13 422/374/13 1234/375/13
f 213/373/13 212/376/13 421/377/13 422/374/13
f 212/376/13 211/265/13 420/268/13 421/377/13
f 132/251/16 211/378/16 199/379/16 135/252/16
f 211/378/16 212/380/16 200/381/16 199/379/16
f 212/380/16 213/382/16 201/383/16 200/381/16
f 1232/384/16 214/385/16 202/386/16 1230/387/16
f 214/385/16 215/388/16 203/389/16 202/386/16
f 215/388/16 216/254/16 204/257/16 203/389/16
f 129/259/16 205/390/16 193/214/16 133/213/16
f 205/390/16 206/391/16 194/392/16 193/214/16
f 206/391/16 207/393/16 195/394/16 194/392/16
f 1231/395/16 208/396/16 196/397/16 1229/398/16
f 208/396/16 209/399/16 197/400/16 196/397/16
f 209/399/16 210/247/16 198/249/16 197/400/16
f 123/220/15 180/429/15 192/430/15 127/221/15
f 180/429/15 179/431/15 191/432/15 192/430/15
f 179/431/15 178/433/15 190/434/15 191/432/15
f 1226/435/15 177/436/15 189/437/15 1228/438/15
f 177/436/15 176/439/15 188/440/15 189/437/15
f 176/439/15 175/227/15 187/230/15 188/440/15
f 122/224/15 174/441/15 186/249/15 126/225/15
f 174/441/15 173/442/15 185/400/15 186/249/15
f 173/442/15 172/443/15 184/397/15 185/400/15
f 1225/444/15 171/445/15 183/394/15 1227/446/15
f 171/445/15 170/447/15 182/392/15 183/394/15
f 170/447/15 169/211/15 181/214/15 182/392/15
f 233/448/13 124/449/13 175/450/13 245/451/13
f 245/451/13 175/450/13 176/452/13 247/453/13
f 247/453/13 176/452/13 177/454/13 249/455/13
f 1238/456/13 1226/457/13 178/458/13 251/459/13
f 251/459/13 178/458/13 179/460/13 253/461/13
f 253/461/13 179/460/13 180/204/13 255/203/13
f 230/462/11 121/463/11 169/464/11 257/465/11
f 257/465/11 169/464/11 170/466/11 259/467/11
f 259/467/11 170/466/11 171/468/11 261/469/11
f 1236/470/11 1225/471/11 172/472/11 263/473/11
f 263/473/11 172/472/11 173/474/11 265/475/11
f 265/475/11 173/474/11 174/196/11 267/195/11
f 257/476/15 259/477/15 379/478/15 377/479/15
f 264/480/11 263/473/11 265/475/11 266/481/11
f 263/482/14 264/301/14 384/483/14 383/484/14
f 260/485/11 259/467/11 261/469/11 262/486/11
f 1236/487/15 263/345/15 383/488/15 1240/489/15
f 229/490/11 230/462/11 257/465/11 258/491/11
f 254/492/14 253/493/14 397/484/14 398/483/14
f 252/494/13 251/459/13 253/461/13 254/495/13
f 256/496/16 254/497/16 398/498/16 400/499/16
f 248/500/13 247/453/13 249/455/13 250/501/13
f 250/502/14 249/503/14 393/504/14 394/505/14
f 234/506/13 233/448/13 245/451/13 246/507/13
f 840/508/15 841/509/15 1013/510/15 1012/511/15
f 360/512/14 364/317/14 237/320/14 238/513/14
f 238/514/13 237/515/13 1014/516/13 989/517/13
f 314/518/14 318/207/14 230/210/14 229/519/14
f 256/520/13 255/203/13 235/206/13 236/521/13
f 366/522/12 368/199/12 233/202/12 234/523/12
f 268/524/11 267/195/11 231/198/11 232/525/11
f 240/526/14 239/527/14 315/528/14 311/529/14
f 311/529/14 315/528/14 316/530/14 312/531/14
f 317/532/13 313/533/13 370/534/13 372/535/13
f 313/536/14 317/537/14 318/207/14 314/518/14
f 232/538/12 231/539/12 309/540/12 307/541/12
f 307/541/12 309/540/12 310/542/12 308/543/12
f 224/544/11 223/545/11 446/546/11 448/547/11
f 333/548/14 156/549/14 441/550/14 500/551/14
f 140/552/14 336/553/14 497/554/14 506/555/14
f 223/545/11 140/552/11 506/555/11 446/546/11
f 231/539/12 122/556/12 289/557/12 309/540/12
f 309/540/12 289/557/12 290/558/12 310/542/12
f 121/212/15 272/559/15 276/560/15 125/213/15
f 272/559/15 271/561/15 275/562/15 276/560/15
f 271/561/15 270/563/15 274/564/15 275/562/15
f 270/563/15 269/305/15 273/308/15 274/564/15
f 129/565/14 284/566/14 407/567/14 408/568/14
f 284/566/14 283/569/14 427/570/14 407/567/14
f 283/569/14 282/571/14 426/572/14 427/570/14
f 282/571/14 281/297/14 425/300/14 426/572/14
f 130/248/16 299/581/16 295/582/16 134/225/16
f 299/581/16 300/583/16 296/584/16 295/582/16
f 300/583/16 301/585/16 297/586/16 296/584/16
f 301/585/16 302/285/16 298/288/16 297/586/16
f 151/278/12 302/587/12 409/588/12 410/279/12
f 302/587/12 301/589/12 430/590/12 409/588/12
f 301/589/12 300/591/12 429/592/12 430/590/12
f 300/591/12 299/261/12 428/264/12 429/592/12
f 306/593/14 305/594/14 480/595/14 479/596/14
f 138/597/13 222/598/13 459/599/13 505/600/13
f 222/598/13 221/601/13 463/602/13 459/599/13
f 305/594/14 304/603/14 481/604/14 480/595/14
f 154/343/16 281/605/16 277/606/16 150/344/16
f 281/605/16 282/607/16 278/608/16 277/606/16
f 282/607/16 283/609/16 279/610/16 278/608/16
f 283/609/16 284/258/16 280/260/16 279/610/16
f 290/611/15 289/223/15 291/226/15 292/612/15
f 239/527/14 142/619/14 269/620/14 315/528/14
f 315/528/14 269/620/14 270/621/14 316/530/14
f 316/530/14 270/621/14 271/622/14 317/537/14
f 317/537/14 271/622/14 272/208/14 318/207/14
f 365/623/12 367/624/12 368/199/12 366/522/12
f 236/625/14 235/626/14 361/627/14 357/628/14
f 357/628/14 361/627/14 362/629/14 358/630/14
f 358/631/11 362/632/11 375/633/11 373/634/11
f 359/635/14 363/636/14 364/317/14 360/512/14
f 221/601/13 220/637/13 466/638/13 463/602/13
f 304/603/14 303/639/14 482/640/14 481/604/14
f 1243/641/13 219/642/13 469/643/13 1249/644/13
f 303/639/14 138/645/14 505/646/14 482/640/14
f 219/642/13 218/647/13 472/648/13 469/643/13
f 288/649/12 287/650/12 485/651/12 486/652/12
f 218/647/13 217/653/13 475/654/13 472/648/13
f 287/650/12 286/655/12 484/656/12 485/651/12
f 356/657/12 355/658/12 503/659/12 504/660/12
f 217/653/13 137/364/13 508/661/13 475/654/13
f 286/655/12 285/662/12 483/663/12 484/656/12
f 355/658/12 354/664/12 502/665/12 503/659/12
f 869/666/12 157/667/12 438/668/12 965/669/12
f 285/662/12 158/670/12 440/671/12 483/663/12
f 354/664/12 353/672/12 501/673/12 502/665/12
f 157/667/12 356/657/12 504/660/12 438/668/12
f 228/674/11 227/675/11 454/676/11 456/677/11
f 353/672/12 139/678/12 507/679/12 501/673/12
f 845/680/14 155/681/14 443/682/14 941/683/14
f 227/675/11 226/684/11 452/685/11 454/676/11
f 336/553/14 335/686/14 498/687/14 497/554/14
f 155/681/14 306/593/14 479/596/14 443/682/14
f 1244/688/11 225/689/11 450/690/11 1250/691/11
f 335/686/14 334/692/14 499/693/14 498/687/14
f 235/626/14 123/694/14 337/695/14 361/627/14
f 361/627/14 337/695/14 338/696/14 362/629/14
f 362/629/14 338/696/14 339/697/14 363/636/14
f 363/636/14 339/697/14 340/318/14 364/317/14
f 124/228/15 320/706/15 324/707/15 128/229/15
f 320/706/15 319/708/15 323/709/15 324/707/15
f 131/255/16 349/710/16 345/711/16 136/256/16
f 349/710/16 350/712/16 346/713/16 345/711/16
f 350/712/16 351/714/16 347/715/16 346/713/16
f 351/714/16 352/281/16 348/284/16 347/715/16
f 137/716/12 288/649/12 486/652/12 508/717/12
f 225/689/11 224/544/11 448/547/11 450/690/11
f 334/692/14 333/548/14 500/551/14 499/693/14
f 139/718/11 228/674/11 456/677/11 507/719/11
f 132/720/12 332/721/12 403/722/12 404/723/12
f 332/721/12 331/724/12 433/725/12 403/722/12
f 331/724/12 330/726/12 432/727/12 433/725/12
f 330/726/12 329/273/12 431/276/12 432/727/12
f 152/290/16 329/728/16 325/729/16 148/291/16
f 329/728/16 330/730/16 326/731/16 325/729/16
f 330/730/16 331/732/16 327/733/16 326/731/16
f 331/732/16 332/250/16 328/253/16 327/733/16
f 153/742/14 352/743/14 412/744/14 413/745/14
f 352/743/14 351/746/14 436/747/14 412/744/14
f 351/746/14 350/748/14 435/749/14 436/747/14
f 350/748/14 349/231/14 434/234/14 435/749/14
f 141/750/15 340/751/15 344/752/15 145/753/15
f 340/751/15 339/754/15 343/755/15 344/752/15
f 339/754/15 338/756/15 342/757/15 343/755/15
f 338/756/15 337/219/15 341/222/15 342/757/15
f 367/624/12 319/758/12 320/200/12 368/199/12
f 316/765/15 317/766/15 372/767/15 371/768/15
f 362/769/15 363/770/15 376/766/15 375/765/15
f 313/771/16 312/772/16 369/773/16 370/774/16
f 363/632/13 359/631/13 374/775/13 376/776/13
f 359/777/16 358/778/16 373/779/16 374/780/16
f 312/634/11 316/633/11 371/781/11 369/782/11
f 267/795/14 268/796/14 388/797/14 387/798/14
f 258/799/12 257/800/12 377/801/12 378/802/12
f 262/803/12 261/804/12 381/805/12 382/806/12
f 268/807/16 266/808/16 386/809/16 388/810/16
f 266/806/12 265/805/12 385/800/12 386/799/12
f 1235/811/16 262/812/16 382/813/16 1239/814/16
f 265/815/15 267/816/15 387/817/15 385/818/15
f 260/497/16 258/496/16 378/819/16 380/820/16
f 259/821/14 260/822/14 380/823/14 379/824/14
f 1237/832/16 250/833/16 394/834/16 1241/835/16
f 253/778/15 255/836/15 399/837/15 397/838/15
f 247/839/12 248/840/12 392/841/12 391/842/12
f 248/808/16 246/807/16 390/477/16 392/843/16
f 1238/814/15 251/813/15 395/844/15 1242/845/15
f 251/846/12 252/847/12 396/848/12 395/849/12
f 245/850/15 247/819/15 391/851/15 389/852/15
f 255/853/12 256/854/12 400/855/12 399/856/12
f 246/857/14 245/502/14 389/505/14 390/858/14
f 222/859/16 138/860/16 402/861/16 401/862/16
f 336/863/16 140/864/16 404/865/16 403/866/16
f 228/867/16 139/868/16 406/869/16 405/870/16
f 288/871/16 137/872/16 408/873/16 407/874/16
f 306/875/16 155/876/16 410/877/16 409/878/16
f 868/879/16 156/880/16 411/881/16 652/882/16
f 356/883/16 157/884/16 413/885/16 412/886/16
f 892/887/16 158/888/16 414/347/16 676/346/16
f 137/872/16 217/889/16 415/890/16 408/873/16
f 217/889/16 218/891/16 416/892/16 415/890/16
f 218/891/16 219/893/16 417/894/16 416/892/16
f 1243/895/16 220/896/16 418/897/16 1233/898/16
f 220/896/16 221/899/16 419/900/16 418/897/16
f 221/899/16 222/859/16 401/862/16 419/900/16
f 140/864/16 223/901/16 420/902/16 404/865/16
f 223/901/16 224/903/16 421/904/16 420/902/16
f 224/903/16 225/905/16 422/906/16 421/904/16
f 1244/907/16 226/908/16 423/909/16 1234/910/16
f 226/908/16 227/911/16 424/912/16 423/909/16
f 227/911/16 228/867/16 405/870/16 424/912/16
f 158/888/16 285/913/16 425/914/16 414/347/16
f 285/913/16 286/915/16 426/916/16 425/914/16
f 286/915/16 287/917/16 427/918/16 426/916/16
f 287/917/16 288/871/16 407/874/16 427/918/16
f 138/860/16 303/919/16 428/920/16 402/861/16
f 303/919/16 304/921/16 429/922/16 428/920/16
f 304/921/16 305/923/16 430/924/16 429/922/16
f 305/923/16 306/875/16 409/878/16 430/924/16
f 156/880/16 333/925/16 431/926/16 411/881/16
f 333/925/16 334/927/16 432/928/16 431/926/16
f 334/927/16 335/929/16 433/930/16 432/928/16
f 335/929/16 336/863/16 403/866/16 433/930/16
f 139/868/16 353/931/16 434/932/16 406/869/16
f 353/931/16 354/933/16 435/934/16 434/932/16
f 354/933/16 355/935/16 436/936/16 435/934/16
f 355/935/16 356/883/16 412/886/16 436/936/16
f 476/937/16 475/938/16 508/939/16 486/940/16
f 494/941/16 437/942/16 438/943/16 504/944/16
f 917/945/16 439/946/16 440/947/16 988/948/16
f 941/949/16 443/950/16 444/951/16 893/952/16
f 500/953/16 441/954/16 442/955/16 487/956/16
f 482/957/16 505/958/16 459/959/16 460/960/16
f 460/960/16 459/959/16 463/961/16 464/962/16
f 464/962/16 463/961/16 466/963/16 467/964/16
f 1246/965/16 1249/966/16 469/967/16 470/968/16
f 470/968/16 469/967/16 472/969/16 473/970/16
f 473/970/16 472/969/16 475/938/16 476/937/16
f 474/971/16 473/970/16 476/937/16 477/972/16
f 471/973/16 470/968/16 473/970/16 474/971/16
f 1245/974/16 1246/965/16 470/968/16 471/973/16
f 465/975/16 464/962/16 467/964/16 468/976/16
f 461/977/16 460/960/16 464/962/16 465/975/16
f 443/950/16 479/978/16 457/979/16 444/951/16
f 479/978/16 480/980/16 462/981/16 457/979/16
f 480/980/16 481/982/16 461/977/16 462/981/16
f 481/982/16 482/957/16 460/960/16 461/977/16
f 439/946/16 458/983/16 483/984/16 440/947/16
f 458/983/16 478/985/16 484/986/16 483/984/16
f 478/985/16 477/972/16 485/987/16 484/986/16
f 477/972/16 476/937/16 486/940/16 485/987/16
f 454/988/16 453/989/16 455/990/16 456/991/16
f 453/989/16 493/992/16 496/993/16 455/990/16
f 452/994/16 451/995/16 453/989/16 454/988/16
f 451/995/16 492/996/16 493/992/16 453/989/16
f 1250/997/16 1247/998/16 451/995/16 452/994/16
f 1247/998/16 1248/999/16 492/996/16 451/995/16
f 448/1000/16 447/1001/16 449/1002/16 450/1003/16
f 447/1001/16 490/1004/16 491/1005/16 449/1002/16
f 446/1006/16 445/1007/16 447/1001/16 448/1000/16
f 445/1007/16 489/1008/16 490/1004/16 447/1001/16
f 506/1009/16 497/1010/16 445/1007/16 446/1006/16
f 497/1010/16 498/1011/16 489/1008/16 445/1007/16
f 498/1011/16 499/1012/16 488/1013/16 489/1008/16
f 499/1012/16 500/953/16 487/956/16 488/1013/16
f 456/991/16 455/990/16 501/1014/16 507/1015/16
f 455/990/16 496/993/16 502/1016/16 501/1014/16
f 496/993/16 495/1017/16 503/1018/16 502/1016/16
f 495/1017/16 494/941/16 504/944/16 503/1018/16
f 441/954/16 964/1019/16 916/1020/16 442/955/16
f 964/1019/16 963/1021/16 915/1022/16 916/1020/16
f 963/1021/16 962/1023/16 914/1024/16 915/1022/16
f 962/1023/16 961/1025/16 913/1026/16 914/1024/16
f 961/1025/16 960/1027/16 912/1028/16 913/1026/16
f 960/1027/16 959/1029/16 911/1030/16 912/1028/16
f 959/1029/16 958/1031/16 910/1032/16 911/1030/16
f 958/1031/16 957/1033/16 909/1034/16 910/1032/16
f 957/1033/16 956/1035/16 908/1036/16 909/1034/16
f 956/1035/16 955/1037/16 907/1038/16 908/1036/16
f 955/1037/16 954/1039/16 906/1040/16 907/1038/16
f 954/1039/16 953/1041/16 905/1042/16 906/1040/16
f 953/1041/16 952/1043/16 904/1044/16 905/1042/16
f 952/1043/16 951/1045/16 903/1046/16 904/1044/16
f 951/1045/16 950/1047/16 902/1048/16 903/1046/16
f 950/1047/16 949/1049/16 901/1050/16 902/1048/16
f 949/1049/16 948/1051/16 900/1052/16 901/1050/16
f 948/1051/16 947/1053/16 899/1054/16 900/1052/16
f 947/1053/16 946/1055/16 898/1056/16 899/1054/16
f 946/1055/16 945/1057/16 897/1058/16 898/1056/16
f 945/1057/16 944/1059/16 896/1060/16 897/1058/16
f 944/1059/16 943/1061/16 895/1062/16 896/1060/16
f 943/1061/16 942/1063/16 894/1064/16 895/1062/16
f 942/1063/16 941/949/16 893/952/16 894/1064/16
f 437/942/16 940/1065/16 965/1066/16 438/943/16
f 940/1065/16 939/1067/16 966/1068/16 965/1066/16
f 939/1067/16 938/1069/16 967/1070/16 966/1068/16
f 938/1069/16 937/1071/16 968/1072/16 967/1070/16
f 937/1071/16 936/1073/16 969/1074/16 968/1072/16
f 936/1073/16 935/1075/16 970/1076/16 969/1074/16
f 935/1075/16 934/1077/16 971/1078/16 970/1076/16
f 934/1077/16 933/1079/16 972/1080/16 971/1078/16
f 933/1079/16 932/1081/16 973/1082/16 972/1080/16
f 932/1081/16 931/1083/16 974/1084/16 973/1082/16
f 931/1083/16 930/1085/16 975/1086/16 974/1084/16
f 930/1085/16 929/1087/16 976/1088/16 975/1086/16
f 929/1087/16 928/1089/16 977/1090/16 976/1088/16
f 928/1089/16 927/1091/16 978/1092/16 977/1090/16
f 927/1091/16 926/1093/16 979/1094/16 978/1092/16
f 926/1093/16 925/1095/16 980/1096/16 979/1094/16
f 925/1095/16 924/1097/16 981/1098/16 980/1096/16
f 924/1097/16 923/1099/16 982/1100/16 981/1098/16
f 923/1099/16 922/1101/16 983/1102/16 982/1100/16
f 922/1101/16 921/1103/16 984/1104/16 983/1102/16
f 921/1103/16 920/1105/16 985/1106/16 984/1104/16
f 920/1105/16 919/1107/16 986/1108/16 985/1106/16
f 919/1107/16 918/1109/16 987/1110/16 986/1108/16
f 918/1109/16 917/945/16 988/948/16 987/1110/16
f 157/884/16 869/1111/16 653/1112/16 413/885/16
f 869/1111/16 870/1113/16 654/1114/16 653/1112/16
f 870/1113/16 871/1115/16 655/1116/16 654/1114/16
f 871/1115/16 872/1117/16 656/1118/16 655/1116/16
f 872/1117/16 873/1119/16 657/1120/16 656/1118/16
f 873/1119/16 874/1121/16 658/1122/16 657/1120/16
f 874/1121/16 875/1123/16 659/1124/16 658/1122/16
f 875/1123/16 876/1125/16 660/1126/16 659/1124/16
f 876/1125/16 877/1127/16 661/1128/16 660/1126/16
f 877/1127/16 878/1129/16 662/1130/16 661/1128/16
f 878/1129/16 879/1131/16 663/1132/16 662/1130/16
f 879/1131/16 880/1133/16 664/1134/16 663/1132/16
f 880/1133/16 881/1135/16 665/1136/16 664/1134/16
f 881/1135/16 882/1137/16 666/1138/16 665/1136/16
f 882/1137/16 883/1139/16 667/1140/16 666/1138/16
f 883/1139/16 884/1141/16 668/1142/16 667/1140/16
f 884/1141/16 885/1143/16 669/1144/16 668/1142/16
f 885/1143/16 886/1145/16 670/1146/16 669/1144/16
f 886/1145/16 887/1147/16 671/1148/16 670/1146/16
f 887/1147/16 888/1149/16 672/1150/16 671/1148/16
f 888/1149/16 889/1151/16 673/1152/16 672/1150/16
f 889/1151/16 890/1153/16 674/1154/16 673/1152/16
f 890/1153/16 891/1155/16 675/1156/16 674/1154/16
f 891/1155/16 892/887/16 676/346/16 675/1156/16
f 155/876/16 845/1157/16 629/1158/16 410/877/16
f 845/1157/16 846/1159/16 630/1160/16 629/1158/16
f 846/1159/16 847/1161/16 631/1162/16 630/1160/16
f 847/1161/16 848/1163/16 632/1164/16 631/1162/16
f 848/1163/16 849/1165/16 633/1166/16 632/1164/16
f 849/1165/16 850/1167/16 634/1168/16 633/1166/16
f 850/1167/16 851/1169/16 635/1170/16 634/1168/16
f 851/1169/16 852/1171/16 636/1172/16 635/1170/16
f 852/1171/16 853/1173/16 637/1174/16 636/1172/16
f 853/1173/16 854/1175/16 638/1176/16 637/1174/16
f 854/1175/16 855/1177/16 639/1178/16 638/1176/16
f 855/1177/16 856/1179/16 640/1180/16 639/1178/16
f 856/1179/16 857/1181/16 641/1182/16 640/1180/16
f 857/1181/16 858/1183/16 642/1184/16 641/1182/16
f 858/1183/16 859/1185/16 643/1186/16 642/1184/16
f 859/1185/16 860/1187/16 644/1188/16 643/1186/16
f 860/1187/16 861/1189/16 645/1190/16 644/1188/16
f 861/1189/16 862/1191/16 646/1192/16 645/1190/16
f 862/1191/16 863/1193/16 647/1194/16 646/1192/16
f 863/1193/16 864/1195/16 648/1196/16 647/1194/16
f 864/1195/16 865/1197/16 649/1198/16 648/1196/16
f 865/1197/16 866/1199/16 650/1200/16 649/1198/16
f 866/1199/16 867/1201/16 651/1202/16 650/1200/16
f 867/1201/16 868/879/16 652/882/16 651/1202/16
f 156/549/14 868/1203/14 964/1204/14 441/550/14
f 868/1203/14 867/1205/14 963/1206/14 964/1204/14
f 867/1205/14 866/1207/14 962/1208/14 963/1206/14
f 866/1207/14 865/1209/14 961/1210/14 962/1208/14
f 865/1209/14 864/1211/14 960/1212/14 961/1210/14
f 864/1211/14 863/1213/14 959/1214/14 960/1212/14
f 863/1213/14 862/1215/14 958/1216/14 959/1214/14
f 862/1215/14 861/1217/14 957/1218/14 958/1216/14
f 861/1217/14 860/1219/14 956/1220/14 957/1218/14
f 860/1219/14 859/1221/14 955/1222/14 956/1220/14
f 859/1221/14 858/1223/14 954/1224/14 955/1222/14
f 858/1223/14 857/1225/14 953/1226/14 954/1224/14
f 857/1225/14 856/1227/14 952/1228/14 953/1226/14
f 856/1227/14 855/1229/14 951/1230/14 952/1228/14
f 855/1229/14 854/1231/14 950/1232/14 951/1230/14
f 854/1231/14 853/1233/14 949/1234/14 950/1232/14
f 853/1233/14 852/1235/14 948/1236/14 949/1234/14
f 852/1235/14 851/1237/14 947/1238/14 948/1236/14
f 851/1237/14 850/1239/14 946/1240/14 947/1238/14
f 850/1239/14 849/1241/14 945/1242/14 946/1240/14
f 849/1241/14 848/1243/14 944/1244/14 945/1242/14
f 848/1243/14 847/1245/14 943/1246/14 944/1244/14
f 847/1245/14 846/1247/14 942/1248/14 943/1246/14
f 846/1247/14 845/680/14 941/683/14 942/1248/14
f 158/670/12 892/1249/12 988/1250/12 440/671/12
f 892/1249/12 891/1251/12 987/1252/12 988/1250/12
f 891/1251/12 890/1253/12 986/1254/12 987/1252/12
f 890/1253/12 889/1255/12 985/1256/12 986/1254/12
f 889/1255/12 888/1257/12 984/1258/12 985/1256/12
f 888/1257/12 887/1259/12 983/1260/12 984/1258/12
f 887/1259/12 886/1261/12 982/1262/12 983/1260/12
f 886/1261/12 885/1263/12 981/1264/12 982/1262/12
f 885/1263/12 884/1265/12 980/1266/12 981/1264/12
f 884/1265/12 883/1267/12 979/1268/12 980/1266/12
f 883/1267/12 882/1269/12 978/1270/12 979/1268/12
f 882/1269/12 881/1271/12 977/1272/12 978/1270/12
f 881/1271/12 880/1273/12 976/1274/12 977/1272/12
f 880/1273/12 879/1275/12 975/1276/12 976/1274/12
f 879/1275/12 878/1277/12 974/1278/12 975/1276/12
f 878/1277/12 877/1279/12 973/1280/12 974/1278/12
f 877/1279/12 876/1281/12 972/1282/12 973/1280/12
f 876/1281/12 875/1283/12 971/1284/12 972/1282/12
f 875/1283/12 874/1285/12 970/1286/12 971/1284/12
f 874/1285/12 873/1287/12 969/1288/12 970/1286/12
f 873/1287/12 872/1289/12 968/1290/12 969/1288/12
f 872/1289/12 871/1291/12 967/1292/12 968/1290/12
f 871/1291/12 870/1293/12 966/1294/12 967/1292/12
f 870/1293/12 869/666/12 965/669/12 966/1294/12
f 833/1295/13 809/1296/13 998/1297/13 1009/1298/13
f 797/1299/14 821/1300/14 822/1301/14 798/1302/14
f 798/1302/14 822/1301/14 823/1303/14 799/1304/14
f 799/1304/14 823/1303/14 824/1305/14 800/1306/14
f 813/1307/16 812/1308/16 999/1309/16 1000/1310/16
f 801/1311/14 825/1312/14 826/1313/14 802/1314/14
f 802/1314/14 826/1313/14 827/1315/14 803/1316/14
f 803/1316/14 827/1315/14 828/1317/14 804/1318/14
f 808/1319/11 832/1320/11 1008/1321/11 997/1322/11
f 805/1323/14 829/1324/14 830/1325/14 806/1326/14
f 806/1326/14 830/1325/14 831/1327/14 807/1328/14
f 807/1328/14 831/1327/14 832/1329/14 808/1330/14
f 240/1331/11 1016/1332/11 1015/1333/11 239/1334/11
f 809/1335/14 833/1336/14 834/1337/14 810/1338/14
f 810/1338/14 834/1337/14 835/1339/14 811/1340/14
f 811/1340/14 835/1339/14 836/1341/14 812/1342/14
f 824/1343/15 825/1344/15 1005/1345/15 1004/1346/15
f 813/1347/14 837/1348/14 838/1349/14 814/1350/14
f 814/1350/14 838/1349/14 839/1351/14 815/1352/14
f 815/1352/14 839/1351/14 840/1353/14 816/1354/14
f 820/1355/11 844/1356/11 991/1357/11 990/1358/11
f 817/1359/14 841/1360/14 842/1361/14 818/1362/14
f 818/1362/14 842/1361/14 843/1363/14 819/1364/14
f 819/1364/14 843/1363/14 844/1365/14 820/1366/14
f 413/885/16 653/1112/16 773/1367/16 167/1368/16
f 653/1112/16 654/1114/16 774/1369/16 773/1367/16
f 654/1114/16 655/1116/16 775/1370/16 774/1369/16
f 655/1116/16 656/1118/16 776/1371/16 775/1370/16
f 656/1118/16 657/1120/16 777/1372/16 776/1371/16
f 657/1120/16 658/1122/16 778/1373/16 777/1372/16
f 658/1122/16 659/1124/16 779/1374/16 778/1373/16
f 659/1124/16 660/1126/16 780/1375/16 779/1374/16
f 660/1126/16 661/1128/16 781/1376/16 780/1375/16
f 661/1128/16 662/1130/16 782/1377/16 781/1376/16
f 662/1130/16 663/1132/16 783/1378/16 782/1377/16
f 663/1132/16 664/1134/16 784/1379/16 783/1378/16
f 664/1134/16 665/1136/16 785/1380/16 784/1379/16
f 665/1136/16 666/1138/16 786/1381/16 785/1380/16
f 666/1138/16 667/1140/16 787/1382/16 786/1381/16
f 667/1140/16 668/1142/16 788/1383/16 787/1382/16
f 668/1142/16 669/1144/16 789/1384/16 788/1383/16
f 669/1144/16 670/1146/16 790/1385/16 789/1384/16
f 670/1146/16 671/1148/16 791/1386/16 790/1385/16
f 671/1148/16 672/1150/16 792/1387/16 791/1386/16
f 672/1150/16 673/1152/16 793/1388/16 792/1387/16
f 673/1152/16 674/1154/16 794/1389/16 793/1388/16
f 674/1154/16 675/1156/16 795/1390/16 794/1389/16
f 675/1156/16 676/346/16 796/349/16 795/1390/16
f 832/1329/14 688/1391/14 689/1392/14 833/1336/14
f 166/1393/14 772/1394/14 796/1395/14 168/1396/14
f 772/1394/14 771/1397/14 795/1398/14 796/1395/14
f 771/1397/14 770/1399/14 794/1400/14 795/1398/14
f 770/1399/14 769/1401/14 793/1402/14 794/1400/14
f 769/1401/14 768/1403/14 792/1404/14 793/1402/14
f 768/1403/14 767/1405/14 791/1406/14 792/1404/14
f 767/1405/14 766/1407/14 790/1408/14 791/1406/14
f 766/1407/14 765/1409/14 789/1410/14 790/1408/14
f 765/1409/14 764/1411/14 788/1412/14 789/1410/14
f 764/1411/14 763/1413/14 787/1414/14 788/1412/14
f 763/1413/14 762/1415/14 786/1416/14 787/1414/14
f 762/1415/14 761/1417/14 785/1418/14 786/1416/14
f 761/1417/14 760/1419/14 784/1420/14 785/1418/14
f 760/1419/14 759/1421/14 783/1422/14 784/1420/14
f 759/1421/14 758/1423/14 782/1424/14 783/1422/14
f 758/1423/14 757/1425/14 781/1426/14 782/1424/14
f 757/1425/14 756/1427/14 780/1428/14 781/1426/14
f 756/1427/14 755/1429/14 779/1430/14 780/1428/14
f 755/1429/14 754/1431/14 778/1432/14 779/1430/14
f 754/1431/14 753/1433/14 777/1434/14 778/1432/14
f 753/1433/14 752/1435/14 776/1436/14 777/1434/14
f 752/1435/14 751/1437/14 775/1438/14 776/1436/14
f 751/1437/14 750/1439/14 774/1440/14 775/1438/14
f 750/1439/14 749/329/14 773/332/14 774/1440/14
f 165/333/16 749/1489/16 725/1490/16 163/334/16
f 749/1489/16 750/1491/16 726/1492/16 725/1490/16
f 750/1491/16 751/1493/16 727/1494/16 726/1492/16
f 751/1493/16 752/1495/16 728/1496/16 727/1494/16
f 752/1495/16 753/1497/16 729/1498/16 728/1496/16
f 753/1497/16 754/1499/16 730/1500/16 729/1498/16
f 754/1499/16 755/1501/16 731/1502/16 730/1500/16
f 755/1501/16 756/1503/16 732/1504/16 731/1502/16
f 756/1503/16 757/1505/16 733/1506/16 732/1504/16
f 757/1505/16 758/1507/16 734/1508/16 733/1506/16
f 758/1507/16 759/1509/16 735/1510/16 734/1508/16
f 759/1509/16 760/1511/16 736/1512/16 735/1510/16
f 760/1511/16 761/1513/16 737/1514/16 736/1512/16
f 761/1513/16 762/1515/16 738/1516/16 737/1514/16
f 762/1515/16 763/1517/16 739/1518/16 738/1516/16
f 763/1517/16 764/1519/16 740/1520/16 739/1518/16
f 764/1519/16 765/1521/16 741/1522/16 740/1520/16
f 765/1521/16 766/1523/16 742/1524/16 741/1522/16
f 766/1523/16 767/1525/16 743/1526/16 742/1524/16
f 767/1525/16 768/1527/16 744/1528/16 743/1526/16
f 768/1527/16 769/1529/16 745/1530/16 744/1528/16
f 769/1529/16 770/1531/16 746/1532/16 745/1530/16
f 770/1531/16 771/1533/16 747/1534/16 746/1532/16
f 771/1533/16 772/321/16 748/324/16 747/1534/16
f 151/286/16 605/1581/16 581/1582/16 147/287/16
f 605/1581/16 606/1583/16 582/1584/16 581/1582/16
f 606/1583/16 607/1585/16 583/1586/16 582/1584/16
f 607/1585/16 608/1587/16 584/1588/16 583/1586/16
f 608/1587/16 609/1589/16 585/1590/16 584/1588/16
f 609/1589/16 610/1591/16 586/1592/16 585/1590/16
f 610/1591/16 611/1593/16 587/1594/16 586/1592/16
f 611/1593/16 612/1595/16 588/1596/16 587/1594/16
f 612/1595/16 613/1597/16 589/1598/16 588/1596/16
f 613/1597/16 614/1599/16 590/1600/16 589/1598/16
f 614/1599/16 615/1601/16 591/1602/16 590/1600/16
f 615/1601/16 616/1603/16 592/1604/16 591/1602/16
f 616/1603/16 617/1605/16 593/1606/16 592/1604/16
f 617/1605/16 618/1607/16 594/1608/16 593/1606/16
f 618/1607/16 619/1609/16 595/1610/16 594/1608/16
f 619/1609/16 620/1611/16 596/1612/16 595/1610/16
f 620/1611/16 621/1613/16 597/1614/16 596/1612/16
f 621/1613/16 622/1615/16 598/1616/16 597/1614/16
f 622/1615/16 623/1617/16 599/1618/16 598/1616/16
f 623/1617/16 624/1619/16 600/1620/16 599/1618/16
f 624/1619/16 625/1621/16 601/1622/16 600/1620/16
f 625/1621/16 626/1623/16 602/1624/16 601/1622/16
f 626/1623/16 627/1625/16 603/1626/16 602/1624/16
f 627/1625/16 628/289/16 604/292/16 603/1626/16
f 152/274/12 628/1627/12 652/1628/12 411/275/12
f 628/1627/12 627/1629/12 651/1630/12 652/1628/12
f 627/1629/12 626/1631/12 650/1632/12 651/1630/12
f 626/1631/12 625/1633/12 649/1634/12 650/1632/12
f 625/1633/12 624/1635/12 648/1636/12 649/1634/12
f 624/1635/12 623/1637/12 647/1638/12 648/1636/12
f 623/1637/12 622/1639/12 646/1640/12 647/1638/12
f 622/1639/12 621/1641/12 645/1642/12 646/1640/12
f 621/1641/12 620/1643/12 644/1644/12 645/1642/12
f 620/1643/12 619/1645/12 643/1646/12 644/1644/12
f 619/1645/12 618/1647/12 642/1648/12 643/1646/12
f 618/1647/12 617/1649/12 641/1650/12 642/1648/12
f 617/1649/12 616/1651/12 640/1652/12 641/1650/12
f 616/1651/12 615/1653/12 639/1654/12 640/1652/12
f 615/1653/12 614/1655/12 638/1656/12 639/1654/12
f 614/1655/12 613/1657/12 637/1658/12 638/1656/12
f 613/1657/12 612/1659/12 636/1660/12 637/1658/12
f 612/1659/12 611/1661/12 635/1662/12 636/1660/12
f 611/1661/12 610/1663/12 634/1664/12 635/1662/12
f 610/1663/12 609/1665/12 633/1666/12 634/1664/12
f 609/1665/12 608/1667/12 632/1668/12 633/1666/12
f 608/1667/12 607/1669/12 631/1670/12 632/1668/12
f 607/1669/12 606/1671/12 630/1672/12 631/1670/12
f 606/1671/12 605/277/12 629/280/12 630/1672/12
f 801/1694/16 800/1695/16 993/1696/16 994/1697/16
f 821/1698/13 797/646/13 992/1699/13 1003/1700/13
f 828/1701/15 829/1702/15 1007/1703/15 1006/1704/15
f 812/1705/11 836/1706/11 1010/1707/11 999/1708/11
f 817/1310/16 816/1309/16 1001/1709/16 1002/1710/16
f 837/1356/13 813/1355/13 1000/1711/13 1011/1712/13
f 800/1713/11 824/1297/11 1004/1296/11 993/1714/11
f 805/1715/16 804/1716/16 995/1717/16 996/1718/16
f 825/1322/13 801/1441/13 994/1719/13 1005/1319/13
f 832/1720/15 833/1721/15 1009/1716/15 1008/1715/15
f 816/1358/11 840/1357/11 1012/1722/11 1001/1723/11
f 244/1346/16 820/1345/16 990/1695/16 1016/1724/16
f 241/1725/15 821/1726/15 1003/1727/15 1014/1728/15
f 841/1708/13 817/1698/13 1002/1700/13 1013/1705/13
f 844/1729/15 243/1730/15 1015/1731/15 991/1732/15
f 804/1733/11 828/1734/11 1006/1735/11 995/1736/11
f 809/1704/16 808/1703/16 997/1726/16 998/1725/16
f 829/1737/13 805/1295/13 996/1298/13 1007/1738/13
f 836/1739/15 837/1731/15 1011/1740/15 1010/1741/15
f 797/1741/16 242/1740/16 989/509/16 992/508/16
f 1019/1742/16 532/1743/16 580/1744/16
f 532/1743/16 142/1745/16 1021/1746/16 580/1744/16
f 160/1747/16 1020/1748/16 580/1744/16 1021/1746/16
f 145/753/15 1022/1749/15 141/750/15
f 557/1750/15 509/1751/15 141/750/15 1022/1749/15
f 159/1752/13 241/1753/13 1014/516/13 237/515/13 141/1754/13 1022/1755/13
f 160/1756/14 243/1757/14 844/1365/14 700/1758/14 1020/1759/14
f 1023/1760/15 159/1761/15 1022/1749/15 145/753/15 161/1762/15 701/1763/15
f 160/1764/11 1021/1765/11 142/1766/11 239/1334/11 1015/1333/11 243/1767/11
f 160/1768/15 1020/1769/15 724/1770/15 162/1771/15 146/307/15 1021/1772/15
f 1021/1772/15 580/1773/15 1020/1769/15 160/1768/15
f 700/1774/15 1024/1775/15 723/1776/15 724/1770/15 1020/1769/15
f 1020/1769/15 580/1773/15 1019/1777/15 1018/1778/15 700/1774/15
f 1018/1778/15 1019/1777/15 579/1779/15 1024/1775/15 700/1774/15
f 699/1780/15 1027/1781/15 722/1782/15 723/1776/15 1024/1775/15
f 578/1783/15 1027/1781/15 699/1780/15 1025/1784/15 1026/1785/15
f 1024/1775/15 579/1779/15 1026/1785/15 1025/1784/15 699/1780/15
f 698/1786/15 1030/1787/15 721/1788/15 722/1782/15 1027/1781/15
f 577/1789/15 1030/1787/15 698/1786/15 1029/1790/15 1028/1791/15
f 1027/1781/15 578/1783/15 1028/1791/15 1029/1790/15 698/1786/15
f 697/1792/15 1034/1793/15 720/1794/15 721/1788/15 1030/1787/15
f 576/1795/15 1034/1793/15 697/1792/15 1031/1796/15 1033/1797/15 1032/1798/15
f 1030/1787/15 577/1789/15 1033/1797/15 1031/1796/15 697/1792/15
f 696/1799/15 1038/1800/15 719/1801/15 720/1794/15 1034/1793/15
f 575/1802/15 1038/1800/15 696/1799/15 1037/1803/15 1036/1804/15 1035/1805/15
f 1034/1793/15 576/1795/15 1036/1804/15 1037/1803/15 696/1799/15
f 1038/1800/15 695/1806/15 1041/1807/15 718/1808/15 719/1801/15
f 695/1806/15 1038/1800/15 575/1802/15 1039/1809/15
f 695/1806/15 1039/1809/15 1040/1810/15 574/1811/15 1041/1807/15
f 1041/1807/15 694/1812/15 1044/1813/15 717/1814/15 718/1808/15
f 694/1812/15 1042/1815/15 1043/1816/15 573/1817/15 1044/1813/15
f 1044/1813/15 693/1818/15 1047/1819/15 716/1820/15 717/1814/15
f 693/1818/15 1044/1813/15 573/1817/15 1045/1821/15
f 693/1818/15 1045/1821/15 1046/1822/15 572/1823/15 1047/1819/15
f 1047/1819/15 692/1824/15 1050/1825/15 715/1826/15 716/1820/15
f 692/1824/15 1048/1827/15 1049/1828/15 571/1829/15 1050/1825/15
f 1050/1825/15 691/1830/15 1053/1831/15 714/1832/15 715/1826/15
f 691/1830/15 1051/1833/15 1052/1834/15 570/1835/15 1053/1831/15
f 1053/1831/15 690/1836/15 1056/1837/15 713/1838/15 714/1832/15
f 690/1836/15 1054/1839/15 1055/1840/15 569/1841/15 1056/1837/15
f 1056/1837/15 689/1842/15 688/1843/15 1060/1844/15 712/1845/15 713/1838/15
f 1058/1846/15 688/1843/15 689/1842/15 1059/1847/15 1057/1848/15
f 711/1849/15 712/1845/15 1060/1844/15 687/1850/15 1064/1851/15
f 1061/1852/15 1062/1853/15 567/1854/15 1064/1851/15 687/1850/15
f 686/1855/15 1068/1856/15 710/1857/15 711/1849/15 1064/1851/15
f 1064/1851/15 567/1854/15 1065/1858/15 1066/1859/15 1067/1860/15 686/1855/15
f 685/1861/15 1072/1862/15 709/1863/15 710/1857/15 1068/1856/15
f 1068/1856/15 566/1864/15 1069/1865/15 1070/1866/15 1071/1867/15 685/1861/15
f 684/1868/15 1076/1869/15 708/1870/15 709/1863/15 1072/1862/15
f 564/1871/15 1076/1869/15 684/1868/15 1075/1872/15 1073/1873/15
f 1072/1862/15 565/1874/15 1074/1875/15 1073/1873/15 1075/1872/15 684/1868/15
f 683/1876/15 1080/1877/15 707/1878/15 708/1870/15 1076/1869/15
f 563/1879/15 1080/1877/15 683/1876/15 1079/1880/15 1077/1881/15
f 1076/1869/15 564/1871/15 1078/1882/15 1077/1881/15 1079/1880/15 683/1876/15
f 682/1883/15 1084/1884/15 706/1885/15 707/1878/15 1080/1877/15
f 562/1886/15 1084/1884/15 682/1883/15 1083/1887/15 1081/1888/15
f 1080/1877/15 563/1879/15 1082/1889/15 1081/1888/15 1083/1887/15 682/1883/15
f 681/1890/15 1089/1891/15 705/1892/15 706/1885/15 1084/1884/15
f 561/1893/15 1089/1891/15 681/1890/15 1087/1894/15 1088/1895/15 1086/1896/15
f 1084/1884/15 562/1886/15 1085/1897/15 1088/1895/15 1087/1894/15 681/1890/15
f 1089/1891/15 680/1898/15 1092/1899/15 704/1900/15 705/1892/15
f 560/1901/15 1092/1899/15 680/1898/15 1091/1902/15 1090/1903/15
f 680/1898/15 1089/1891/15 561/1893/15 1091/1902/15
f 679/1904/15 1095/1905/15 703/1906/15 704/1900/15 1092/1899/15
f 559/1907/15 1095/1905/15 679/1904/15 1094/1908/15 1093/1909/15
f 679/1904/15 1092/1899/15 560/1901/15 1094/1908/15
f 1095/1905/15 678/1910/15 1098/1911/15 702/1912/15 703/1906/15
f 678/1910/15 1095/1905/15 559/1907/15 1096/1913/15
f 678/1910/15 1096/1913/15 1097/1914/15 558/1915/15 1098/1911/15
f 1098/1911/15 677/1916/15 1023/1760/15 701/1763/15 702/1912/15
f 677/1916/15 1098/1911/15 558/1915/15 1100/1917/15
f 677/1918/14 821/1300/14 241/1919/14 159/1920/14 1023/1921/14
f 678/1922/14 822/1301/14 821/1300/14 677/1918/14 1098/1923/14
f 679/1924/14 823/1303/14 822/1301/14 678/1922/14 1095/1925/14
f 680/1926/14 824/1305/14 823/1303/14 679/1924/14 1092/1927/14
f 681/1928/14 825/1312/14 824/1305/14 680/1926/14 1089/1929/14
f 682/1930/14 826/1313/14 825/1312/14 681/1928/14 1084/1931/14
f 683/1932/14 827/1315/14 826/1313/14 682/1930/14 1080/1933/14
f 1076/1934/14 684/1935/14 828/1317/14 827/1315/14 683/1932/14
f 685/1936/14 829/1324/14 828/1317/14 684/1935/14 1072/1937/14
f 686/1938/14 830/1325/14 829/1324/14 685/1936/14 1068/1939/14
f 687/1940/14 831/1327/14 830/1325/14 686/1938/14 1064/1941/14
f 688/1391/14 832/1329/14 831/1327/14 687/1940/14 1060/1942/14
f 690/1943/14 834/1337/14 833/1336/14 689/1392/14 1056/1944/14
f 691/1945/14 835/1339/14 834/1337/14 690/1943/14 1053/1946/14
f 692/1947/14 836/1341/14 835/1339/14 691/1945/14 1050/1948/14
f 693/1949/14 837/1348/14 836/1341/14 692/1947/14 1047/1950/14
f 694/1951/14 838/1349/14 837/1348/14 693/1949/14 1044/1952/14
f 695/1953/14 839/1351/14 838/1349/14 694/1951/14 1041/1954/14
f 696/1955/14 840/1353/14 839/1351/14 695/1953/14 1038/1956/14
f 697/1957/14 841/1360/14 840/1353/14 696/1955/14 1034/1958/14
f 1030/1959/14 698/1960/14 842/1361/14 841/1360/14 697/1957/14
f 1027/1961/14 699/1962/14 843/1363/14 842/1361/14 698/1960/14
f 700/1758/14 844/1365/14 843/1363/14 699/1962/14 1024/1963/14
f 1021/1772/15 146/307/15 142/306/15
f 580/1773/15 532/1964/15 1019/1777/15
f 1028/1791/15 578/1783/15 530/1965/15
f 1032/1798/15 1033/1797/15 529/1966/15 528/1967/15 576/1795/15
f 576/1795/15 528/1967/15 1036/1804/15
f 1035/1805/15 1036/1804/15 528/1967/15 527/1968/15 575/1802/15
f 575/1802/15 527/1968/15 1039/1809/15
f 574/1811/15 526/1969/15 1042/1815/15
f 1057/1848/15 1059/1847/15 521/1970/15 520/1971/15
f 520/1971/15 519/1972/15 1062/1853/15 1063/1973/15 568/1974/15
f 519/1972/15 518/1975/15 1066/1859/15 1065/1858/15 567/1854/15
f 518/1975/15 517/1976/15 1070/1866/15 1069/1865/15 566/1864/15
f 517/1976/15 516/1977/15 1073/1873/15 1074/1875/15 565/1874/15
f 516/1977/15 515/1978/15 1077/1881/15 1078/1882/15 564/1871/15
f 515/1978/15 514/1979/15 1081/1888/15 1082/1889/15 563/1879/15
f 514/1979/15 513/1980/15 1088/1895/15 1085/1897/15 562/1886/15
f 1086/1896/15 1088/1895/15 513/1980/15 561/1893/15
f 561/1893/15 513/1980/15 512/1981/15 1091/1902/15
f 1090/1903/15 1091/1902/15 512/1981/15 560/1901/15
f 560/1901/15 512/1981/15 511/1982/15 1094/1908/15
f 1093/1909/15 1094/1908/15 511/1982/15 559/1907/15
f 559/1907/15 511/1982/15 510/1983/15 1096/1913/15
f 510/1983/15 558/1915/15 1097/1914/15 1096/1913/15
f 558/1915/15 510/1983/15 509/1751/15 1100/1917/15
f 1017/1984/16 323/1984/16 319/1984/16
f 557/1985/16 509/1986/16 1100/1987/16 1099/1988/16
f 1023/1989/16 159/1990/16 1022/1991/16 557/1985/16
f 1023/1989/16 557/1985/16 1099/1988/16 1100/1987/16 677/1992/16
f 558/1993/16 510/1994/16 1096/1995/16 1097/1996/16
f 509/1986/16 510/1994/16 558/1993/16 1100/1987/16
f 510/1994/16 511/1997/16 559/1998/16 1096/1995/16
f 559/1998/16 511/1997/16 1094/1999/16 1093/2000/16
f 511/1997/16 512/2001/16 560/2002/16 1094/1999/16
f 560/2002/16 512/2001/16 1091/2003/16 1090/2004/16
f 512/2001/16 513/2005/16 561/2006/16 1091/2003/16
f 561/2006/16 513/2005/16 1088/2007/16 1086/2008/16
f 562/2009/16 514/2010/16 1081/2011/16
f 563/2012/16 515/2013/16 1077/2014/16
f 564/2015/16 516/2016/16 1073/2017/16
f 565/2018/16 517/2019/16 1070/2020/16
f 566/2021/16 518/2022/16 1066/2023/16
f 567/2024/16 519/2025/16 1062/2026/16
f 568/2027/16 1060/2028/16 687/2029/16 1061/2030/16 1062/2026/16 1063/2031/16
f 568/2027/16 520/2032/16 1057/2033/16
f 1058/2034/16 1057/2033/16 1059/2035/16 689/2036/16 688/2037/16
f 569/2038/16 1055/2039/16 1054/2040/16 690/2041/16 1056/2042/16
f 521/2043/16 569/2038/16 1059/2035/16
f 522/2044/16 570/2045/16 1054/2040/16
f 523/2046/16 571/2047/16 1051/2048/16
f 524/2049/16 572/2050/16 1048/2051/16
f 525/2052/16 573/2053/16 1045/2054/16
f 529/2055/16 1033/2056/16 1032/2057/16 576/2058/16 528/2059/16
f 576/2058/16 1032/2057/16 1033/2056/16 1031/2060/16 697/2061/16 1034/2062/16
f 529/2055/16 530/2063/16 1028/2064/16 577/2065/16
f 530/2063/16 531/2066/16 1026/2067/16 578/2068/16
f 531/2066/16 532/1743/16 1019/1742/16 579/2069/16
f 1132/2070/15 1131/2071/15 1134/2072/15 1135/2073/15 1109/2074/15 1112/2075/15 1110/2076/15 1108/2077/15 1251/2078/15 1138/2079/15 1139/2080/15 1140/2081/15 1137/2082/15
f 1154/2083/15 113/2084/15 120/2085/15 1147/2086/15 1156/2087/15
f 1144/2088/15 1146/2089/15 1161/2090/15 1171/2091/15 112/2092/15 119/2093/15 1160/2094/15 1173/2095/15
f 1170/2096/15 111/2097/15 118/2098/15 1181/2099/15 1179/2100/15 1189/2101/15 1192/2102/15
f 1103/2103/15 1102/2104/15 110/2105/15 117/2106/15 1177/2107/15 1197/2108/15 1198/2109/15
f 1159/2110/15 1165/2111/15 109/2112/15 116/2113/15 1130/2114/15 1143/2115/15 1149/2116/15
f 1157/2117/15 1209/2118/15 108/2119/15 115/2120/15 1201/2121/15 1150/2122/15
f 1141/2123/15 1142/2124/15 107/2125/15 114/2126/15 1126/2127/15
f 1158/2128/15 1167/2129/15 1175/2130/15 1217/2131/15 107/2125/15 1142/2124/15 1148/2132/15 1151/2133/15 1145/2134/15 1136/2135/15 1128/2136/15 1252/2137/15 1122/2138/15 1105/2139/15 1163/2140/15
f 120/2141/17 113/2142/17 1206/2143/17 1214/2144/17 1220/2145/17
f 119/2146/17 112/2147/17 1188/2148/17 1223/2149/17 1221/2150/17 1186/2151/17 1185/2152/17
f 118/2153/17 111/2154/17 1155/2155/17 1193/2156/17 1133/2157/17 1124/2158/17 1123/2159/17
f 117/2160/17 110/2161/17 1116/2162/17 1104/2163/17 1111/2164/17 1213/2165/17 1166/2166/17
f 116/2167/17 109/2168/17 1204/2169/17 1194/2170/17 1174/2171/17 1162/2172/17 1125/2173/17
f 115/2174/17 108/2175/17 1195/2176/17 1200/2177/17 1216/2178/17 1215/2179/17
f 114/2180/17 107/2181/17 1118/2182/17 1129/2183/17 1222/2184/17
f 1118/2182/17 107/2181/17 1217/2185/17 1218/2186/17 1224/2187/17 1120/2188/17
f 108/2175/17 114/2180/17 1222/2184/17 1196/2189/17 1195/2176/17
f 1121/2190/15 1126/2127/15 114/2126/15 108/2119/15 1209/2118/15 1107/2191/15
f 109/2168/17 115/2174/17 1215/2179/17 1212/2192/17 1207/2193/17 1205/2194/17 1204/2169/17
f 115/2120/15 109/2112/15 1165/2111/15 1168/2195/15 1184/2196/15 1190/2197/15 1201/2121/15
f 110/2161/17 116/2167/17 1125/2173/17 1113/2198/17 1115/2199/17 1116/2162/17
f 1127/2200/15 1130/2114/15 116/2113/15 110/2105/15 1102/2104/15 1114/2201/15 1119/2202/15
f 111/2154/17 117/2160/17 1166/2166/17 1164/2203/17 1152/2204/17 1153/2205/17 1155/2155/17
f 117/2106/15 111/2097/15 1170/2096/15 1169/2206/15 1178/2207/15 1182/2208/15 1176/2209/15 1177/2107/15
f 112/2147/17 118/2153/17 1123/2159/17 1106/2210/17 1117/2211/17 1101/2212/17 1188/2148/17
f 118/2098/15 112/2092/15 1171/2091/15 1172/2213/15 1180/2214/15 1187/2215/15 1181/2099/15
f 113/2142/17 119/2146/17 1185/2152/17 1191/2216/17 1206/2143/17
f 1160/2094/15 119/2093/15 113/2084/15 1154/2083/15 1208/2217/15
f 1202/2218/17 1203/645/17 120/2141/17 1220/2145/17 1219/2219/17 1211/2220/17 1210/2221/17
f 1131/2071/15 1199/2222/15 1147/2086/15 120/2085/15 1203/2223/15 1183/2224/15 1134/2072/15
f 1150/2225/11 244/2226/11 1016/1332/11 240/1331/11 1157/2227/11
f 1020/1748/16 700/2228/16 1018/2229/16 1019/1742/16 580/1744/16
f 159/1761/15 1023/1760/15 557/1750/15 1022/1749/15
f 1105/2230/11 266/481/11 268/524/11 1163/2231/11
f 1122/2232/11 264/480/11 266/481/11 1105/2230/11
f 1252/2233/11 1235/2234/11 264/480/11 1122/2232/11
f 1136/2235/11 260/485/11 262/486/11 1128/2236/11
f 1145/2237/11 258/491/11 260/485/11 1136/2235/11
f 1151/2238/11 229/490/11 258/491/11 1145/2237/11
f 1139/2239/13 254/495/13 256/520/13 1140/2240/13
f 1138/2241/13 252/494/13 254/495/13 1139/2239/13
f 1251/2242/13 1237/2243/13 252/494/13 1138/2241/13
f 1110/2244/13 248/500/13 250/501/13 1108/2245/13
f 1112/2246/13 246/507/13 248/500/13 1110/2244/13
f 1109/2247/13 234/506/13 246/507/13 1112/2246/13
f 1190/2248/14 820/1366/14 244/2249/14 1150/2250/14 1201/2251/14
f 1173/2252/13 238/514/13 989/517/13 242/2226/13 1144/2225/13
f 1208/2253/14 360/512/14 238/513/14 1173/865/14 1160/2254/14
f 1148/2255/14 314/518/14 229/519/14 1151/2256/14
f 1140/2240/13 256/520/13 236/521/13 1137/2257/13
f 1135/2258/12 366/522/12 234/523/12 1109/2259/12
f 1163/2231/11 268/524/11 232/525/11 1158/2260/11
f 1157/2261/14 240/526/14 311/529/14 1107/2262/14 1209/2263/14
f 1107/2262/14 311/529/14 312/531/14 1121/2264/14
f 1121/2264/14 312/531/14 313/536/14 1141/2265/14 1126/2266/14
f 1141/2265/14 313/536/14 314/518/14 1148/2255/14 1142/2267/14
f 232/538/12 307/541/12 1167/2268/12 1158/2269/12
f 1167/2268/12 307/541/12 308/543/12 1175/2270/12
f 365/623/12 366/522/12 1135/2258/12 1134/2271/12 1183/2272/12
f 1137/745/14 236/625/14 357/628/14 1132/2273/14
f 1132/2273/14 357/628/14 358/630/14 1199/2274/14 1131/2275/14
f 1199/2274/14 358/630/14 359/635/14 1156/2276/14 1147/2277/14
f 1156/2276/14 359/635/14 360/512/14 1208/2253/14 1154/2278/14
f 1191/2279/16 144/2280/16 321/2281/16 1214/2282/16 1206/2283/16
f 1175/2284/11 308/2285/11 1218/2286/11 1217/2287/11
f 1221/2288/16 555/2289/16 556/2290/16 1186/2291/16
f 1223/2292/16 554/2293/16 555/2289/16 1221/2288/16
f 1101/2294/16 553/2295/16 554/2293/16 1223/2292/16 1188/2296/16
f 1218/2286/11 308/2285/11 310/2297/11 1224/2298/11
f 1117/2299/16 552/2300/16 553/2295/16 1101/2294/16
f 1106/2301/16 551/2302/16 552/2300/16 1117/2299/16
f 1124/2303/16 550/2304/16 551/2302/16 1106/2301/16 1123/2305/16
f 1133/2306/16 549/2307/16 550/2304/16 1124/2303/16
f 1144/2308/14 242/2309/14 797/1299/14 1146/2310/14
f 1146/2310/14 797/1299/14 798/1302/14 1161/2311/14
f 1161/2311/14 798/1302/14 799/1304/14 1172/2312/14 1171/2313/14
f 1172/2312/14 799/1304/14 800/1306/14 1180/2314/14
f 1180/2314/14 800/1306/14 801/1311/14 1187/2315/14
f 1187/2315/14 801/1311/14 802/1314/14 1179/2316/14 1181/2317/14
f 1179/2316/14 802/1314/14 803/1316/14 1189/2318/14
f 1189/2318/14 803/1316/14 804/1318/14 1192/2319/14
f 1192/2319/14 804/1318/14 805/1323/14 1169/2320/14 1170/2321/14
f 1169/2320/14 805/1323/14 806/1326/14 1178/2322/14
f 1178/2322/14 806/1326/14 807/1328/14 1182/2323/14
f 1182/2323/14 807/1328/14 808/1330/14 1176/2324/14
f 1176/2324/14 808/1330/14 809/1335/14 1197/2325/14 1177/2326/14
f 1197/2325/14 809/1335/14 810/1338/14 1198/2327/14
f 1198/2327/14 810/1338/14 811/1340/14 1103/2328/14
f 1103/2328/14 811/1340/14 812/1342/14 1114/2329/14 1102/2330/14
f 1114/2329/14 812/1342/14 813/1347/14 1119/2331/14
f 1119/2331/14 813/1347/14 814/1350/14 1127/2332/14
f 1127/2332/14 814/1350/14 815/1352/14 1143/2333/14 1130/2334/14
f 1143/2333/14 815/1352/14 816/1354/14 1149/2335/14
f 1149/2335/14 816/1354/14 817/1359/14 1159/2336/14
f 1159/2336/14 817/1359/14 818/1362/14 1168/2337/14 1165/2338/14
f 1168/2337/14 818/1362/14 819/1364/14 1184/2339/14
f 1184/2339/14 819/1364/14 820/1366/14 1190/2248/14
f 574/1811/15 1042/1815/15 694/1812/15 1041/1807/15
f 572/1823/15 1048/1827/15 692/1824/15 1047/1819/15
f 571/1829/15 1051/1833/15 691/1830/15 1050/1825/15
f 570/1835/15 1054/1839/15 690/1836/15 1053/1831/15
f 569/1841/15 1059/1847/15 689/1842/15 1056/1837/15
f 1057/1848/15 568/1974/15 1060/1844/15 688/1843/15 1058/1846/15
f 1063/1973/15 1062/1853/15 1061/1852/15 687/1850/15 1060/1844/15 568/1974/15
f 1066/1859/15 566/1864/15 1068/1856/15 686/1855/15 1067/1860/15
f 1070/1866/15 565/1874/15 1072/1862/15 685/1861/15 1071/1867/15
f 1099/2340/15 557/1750/15 1023/1760/15 677/1916/15 1100/1917/15
f 1193/2341/16 548/2342/16 549/2307/16 1133/2306/16
f 1153/2343/16 547/2344/16 548/2342/16 1193/2341/16 1155/2345/16
f 1203/2346/13 1202/2347/13 365/2348/13 1183/2349/13
f 1152/2350/16 546/2351/16 547/2344/16 1153/2343/16
f 1017/2352/13 319/2353/13 367/2354/13 1210/2355/13 1211/2356/13
f 1164/2357/16 545/2358/16 546/2351/16 1152/2350/16
f 1213/2359/16 544/2360/16 545/2358/16 1164/2357/16 1166/2361/16
f 1111/2362/16 543/2363/16 544/2360/16 1213/2359/16
f 1129/2364/16 293/2365/16 294/2366/16 1196/2367/16 1222/2368/16
f 367/2354/13 365/2348/13 1202/2347/13 1210/2355/13
f 1104/2369/16 542/2370/16 543/2363/16 1111/2362/16
f 1120/2371/16 292/2372/16 293/2365/16 1129/2364/16 1118/2373/16
f 1115/2374/16 541/2375/16 542/2370/16 1104/2369/16 1116/2376/16
f 1113/2377/16 540/2378/16 541/2375/16 1115/2374/16
f 1162/2379/16 539/2380/16 540/2378/16 1113/2377/16 1125/2381/16
f 580/1773/15 1021/1772/15 142/306/15 532/1964/15
f 579/1779/15 1019/1777/15 532/1964/15 531/2382/15
f 578/1783/15 1026/1785/15 531/2382/15 530/1965/15
f 531/2382/15 1026/1785/15 579/1779/15
f 577/1789/15 1028/1791/15 530/1965/15 529/1966/15
f 529/1966/15 1033/1797/15 577/1789/15
f 1039/1809/15 527/1968/15 526/1969/15 574/1811/15 1040/1810/15
f 1042/1815/15 526/1969/15 525/2383/15 573/1817/15 1043/1816/15
f 525/2383/15 1045/1821/15 573/1817/15
f 1045/1821/15 525/2383/15 524/2384/15 572/1823/15 1046/1822/15
f 524/2384/15 1048/1827/15 572/1823/15
f 1048/1827/15 524/2384/15 523/2385/15 571/1829/15 1049/1828/15
f 523/2385/15 1051/1833/15 571/1829/15
f 1051/1833/15 523/2385/15 522/2386/15 570/1835/15 1052/1834/15
f 522/2386/15 1054/1839/15 570/1835/15
f 1054/1839/15 522/2386/15 521/1970/15 569/1841/15 1055/1840/15
f 568/1974/15 1057/1848/15 520/1971/15
f 521/1970/15 1059/1847/15 569/1841/15
f 567/1854/15 1062/1853/15 519/1972/15
f 566/1864/15 1066/1859/15 518/1975/15
f 565/1874/15 1070/1866/15 517/1976/15
f 564/1871/15 1073/1873/15 516/1977/15
f 563/1879/15 1077/1881/15 515/1978/15
f 562/1886/15 1081/1888/15 514/1979/15
f 1100/1917/15 509/1751/15 557/1750/15 1099/2340/15
f 1174/2387/16 538/2388/16 539/2380/16 1162/2379/16
f 1186/2291/16 556/2290/16 144/2280/16 1191/2279/16 1185/2389/16
f 1194/2390/16 537/2391/16 538/2388/16 1174/2387/16
f 1196/2367/16 294/2366/16 143/2392/16 1200/2393/16 1195/2394/16
f 1205/2395/16 536/2396/16 537/2391/16 1194/2390/16 1204/2397/16
f 1207/2398/16 535/2399/16 536/2396/16 1205/2395/16
f 323/1984/16 1017/1984/16 1211/1984/16
f 1212/2400/16 534/2401/16 535/2399/16 1207/2398/16
f 1216/2402/16 533/2403/16 534/2401/16 1212/2400/16 1215/2404/16
f 1219/2405/16 322/2406/16 1017/2407/16 1211/2408/16
f 1211/1984/16 1017/1984/16 323/1984/16
f 1200/2393/16 143/2392/16 533/2403/16 1216/2402/16
f 310/2297/11 290/2409/11 292/2410/11 1120/2411/11 1224/2298/11
f 1214/2282/16 321/2281/16 322/2406/16 1219/2405/16 1220/2412/16
f 557/1985/16 1022/1991/16 141/858/16 509/1986/16
f 1098/2413/16 558/1993/16 1097/1996/16 1096/1995/16 678/2414/16
f 1098/2413/16 677/1992/16 1100/1987/16 558/1993/16
f 1095/2415/16 559/1998/16 1093/2000/16 1094/1999/16 679/2416/16
f 1095/2415/16 678/2414/16 1096/1995/16 559/1998/16
f 1092/2417/16 560/2002/16 1090/2004/16 1091/2003/16 680/2418/16
f 1092/2417/16 679/2416/16 1094/1999/16 560/2002/16
f 1089/2419/16 561/2006/16 1086/2008/16 1088/2007/16 1087/2420/16 681/2421/16
f 1089/2419/16 680/2418/16 1091/2003/16 561/2006/16
f 1085/2422/16 1088/2007/16 513/2005/16 514/2010/16 562/2009/16
f 1087/2420/16 1088/2007/16 1085/2422/16 562/2009/16 1084/2423/16 681/2421/16
f 1084/2423/16 562/2009/16 1081/2011/16 1083/2424/16 682/2425/16
f 1083/2424/16 1081/2011/16 1082/2426/16 563/2012/16 1080/2427/16 682/2425/16
f 1082/2426/16 1081/2011/16 514/2010/16 515/2013/16 563/2012/16
f 1080/2427/16 563/2012/16 1077/2014/16 1079/2428/16 683/2429/16
f 1079/2428/16 1077/2014/16 1078/2430/16 564/2015/16 1076/2431/16 683/2429/16
f 1078/2430/16 1077/2014/16 515/2013/16 516/2016/16 564/2015/16
f 1076/2431/16 564/2015/16 1073/2017/16 1075/2432/16 684/2433/16
f 1075/2432/16 1073/2017/16 1074/2434/16 565/2018/16 1072/2435/16 684/2433/16
f 1074/2434/16 1073/2017/16 516/2016/16 517/2019/16 565/2018/16
f 1072/2435/16 565/2018/16 1070/2020/16 1071/2436/16 685/2437/16
f 1069/2438/16 1070/2020/16 517/2019/16 518/2022/16 566/2021/16
f 1071/2436/16 1070/2020/16 1069/2438/16 566/2021/16 1068/2439/16 685/2437/16
f 1068/2439/16 566/2021/16 1066/2023/16 1067/2440/16 686/2441/16
f 1065/2442/16 1066/2023/16 518/2022/16 519/2025/16 567/2024/16
f 1067/2440/16 1066/2023/16 1065/2442/16 567/2024/16 1064/2443/16 686/2441/16
f 1064/2443/16 567/2024/16 1062/2026/16 1061/2030/16 687/2029/16
f 1063/2031/16 1062/2026/16 519/2025/16 520/2032/16 568/2027/16
f 1060/2028/16 568/2027/16 1057/2033/16 1058/2034/16 688/2037/16
f 521/2043/16 1059/2035/16 1057/2033/16 520/2032/16
f 1055/2039/16 569/2038/16 521/2043/16 522/2044/16 1054/2040/16
f 1056/2042/16 689/2036/16 1059/2035/16 569/2038/16
f 1052/2444/16 570/2045/16 522/2044/16 523/2046/16 1051/2048/16
f 1053/2445/16 570/2045/16 1052/2444/16 1051/2048/16 691/2446/16
f 1053/2445/16 690/2041/16 1054/2040/16 570/2045/16
f 1049/2447/16 571/2047/16 523/2046/16 524/2049/16 1048/2051/16
f 1050/2448/16 571/2047/16 1049/2447/16 1048/2051/16 692/2449/16
f 1050/2448/16 691/2446/16 1051/2048/16 571/2047/16
f 1046/2450/16 572/2050/16 524/2049/16 525/2052/16 1045/2054/16
f 1047/2451/16 572/2050/16 1046/2450/16 1045/2054/16 693/2452/16
f 1047/2451/16 692/2449/16 1048/2051/16 572/2050/16
f 1043/2453/16 573/2053/16 525/2052/16 526/2454/16 1042/2455/16
f 1044/2456/16 573/2053/16 1043/2453/16 1042/2455/16 694/2457/16
f 1044/2456/16 693/2452/16 1045/2054/16 573/2053/16
f 1040/2458/16 574/2459/16 526/2454/16 527/2460/16 1039/2461/16
f 1041/2462/16 574/2459/16 1040/2458/16 1039/2461/16 695/2463/16
f 574/2459/16 1042/2455/16 526/2454/16
f 1041/2462/16 694/2457/16 1042/2455/16 574/2459/16
f 1035/2464/16 575/2465/16 527/2460/16 528/2059/16 1036/2466/16
f 575/2465/16 1039/2461/16 527/2460/16
f 1038/2467/16 575/2465/16 1035/2464/16 1036/2466/16 1037/2468/16 696/2469/16
f 1038/2467/16 695/2463/16 1039/2461/16 575/2465/16
f 576/2058/16 1036/2466/16 528/2059/16
f 1037/2468/16 1036/2466/16 576/2058/16 1034/2062/16 696/2469/16
f 1030/2470/16 577/2065/16 1028/2064/16 1029/2471/16 698/2472/16
f 1033/2056/16 577/2065/16 1030/2470/16 697/2061/16 1031/2060/16
f 577/2065/16 1033/2056/16 529/2055/16
f 1027/2473/16 578/2068/16 1026/2067/16 1025/2474/16 699/2475/16
f 578/2068/16 1028/2064/16 530/2063/16
f 1028/2064/16 578/2068/16 1027/2473/16 698/2472/16 1029/2471/16
f 1024/2476/16 579/2069/16 1019/1742/16 1018/2229/16 700/2228/16
f 1026/2067/16 579/2069/16 1024/2476/16 699/2475/16 1025/2474/16
f 579/2069/16 1026/2067/16 531/2066/16
f 1108/2245/13 250/501/13 1237/2243/13 1251/2242/13
f 1128/2236/11 262/486/11 1235/2234/11 1252/2233/11
f 449/1002/16 491/1005/16 1248/999/16 1247/998/16
f 450/1003/16 449/1002/16 1247/998/16 1250/997/16
f 468/976/16 467/964/16 1246/965/16 1245/974/16
f 467/964/16 466/963/16 1249/966/16 1246/965/16
f 225/905/16 1244/907/16 1234/910/16 422/906/16
f 219/893/16 1243/895/16 1233/898/16 417/894/16
f 249/2477/15 1238/814/15 1242/845/15 393/2478/15
f 252/2479/16 1237/832/16 1241/835/16 396/2480/16
f 264/2483/16 1235/811/16 1239/814/16 384/2477/16
f 226/684/11 1244/688/11 1250/691/11 452/685/11
f 220/637/13 1243/641/13 1249/644/13 466/638/13
f 261/2484/15 1236/487/15 1240/489/15 381/2485/15
f 261/469/11 171/468/11 1225/471/11 1236/470/11
f 249/455/13 177/454/13 1226/457/13 1238/456/13
f 172/443/15 1225/444/15 1227/446/15 184/397/15
f 178/433/15 1226/435/15 1228/438/15 190/434/15
f 207/393/16 1231/395/16 1229/398/16 195/394/16
f 213/382/16 1232/384/16 1230/387/16 201/383/16
f 214/370/13 1232/372/13 1234/375/13 423/371/13
f 208/356/11 1231/358/11 1233/361/11 418/357/11
f 893/952/16 444/951/16 457/979/16 462/981/16 461/977/16 465/975/16 468/976/16 1245/974/16 471/973/16 474/971/16 477/972/16 478/985/16 458/983/16 439/946/16 917/945/16 918/1109/16 919/1107/16 920/1105/16 921/1103/16 922/1101/16 923/1099/16 924/1097/16 925/1095/16 926/1093/16 927/1091/16 928/1089/16 929/1087/16 930/1085/16 931/1083/16 932/1081/16 933/1079/16 934/1077/16 935/1075/16 936/1073/16 937/1071/16 938/1069/16 939/1067/16 940/1065/16 437/942/16 494/941/16 495/1017/16 496/993/16 493/992/16 492/996/16 1248/999/16 491/1005/16 490/1004/16 489/1008/16 488/1013/16 487/956/16 442/955/16 916/1020/16 915/1022/16 914/1024/16 913/1026/16 912/1028/16 911/1030/16 910/1032/16 909/1034/16 908/1036/16 907/1038/16 906/1040/16 905/1042/16 904/1044/16 903/1046/16 902/1048/16 901/1050/16 900/1052/16 899/1054/16 898/1056/16 897/1058/16 896/1060/16 895/1062/16 894/1064/16
o dam
v -22.052992 3.360567 -5.499764
v -22.052992 18.336920 -5.499764
v 21.893658 3.360566 -5.499764
v 21.893658 18.336920 -5.499764
v -22.052992 13.997335 -5.499764
v 21.893658 13.997335 -5.499764
v 6.498661 3.360567 -5.499764
v 3.164258 3.360567 -5.499764
v -0.170144 3.360567 -5.499764
v -3.504545 3.360567 -5.499764
v -6.838948 3.360567 -5.499764
v -10.173349 3.360567 -5.499764
v -10.173349 18.336920 -5.499764
v -3.504545 18.336920 -5.499764
v 6.498661 18.336920 -5.499764
v -10.173349 3.360567 5.501611
v -6.838946 3.360567 5.501611
v -3.504545 3.360567 5.501611
v -0.170144 3.360567 5.501611
v 3.164258 3.360567 5.501611
v 6.498661 3.360567 5.501611
v 6.498661 13.427961 1.615012
v 3.164258 13.427961 1.615012
v -0.170144 13.427961 1.615012
v -3.504545 13.427961 1.615012
v -6.838948 13.427961 1.615012
v -10.173349 13.427961 1.615012
v -10.173349 13.997335 -5.499764
v -6.838946 13.997335 -5.499764
v -3.504545 13.997335 -5.499764
v -0.170144 13.997335 -5.499764
v 3.164258 13.997335 -5.499764
v 6.498661 13.997335 -5.499764
v 7.018795 18.336920 -5.499764
v 7.018795 3.360567 5.501611
v 7.018795 13.997335 -5.499764
v 7.018795 3.360567 -5.499764
v 7.018795 13.427961 1.615012
v 3.684393 3.360567 -5.499764
v 3.684394 3.360567 5.501611
v 3.684393 13.427961 1.615012
v 3.684394 13.997335 -5.499764
v 0.349990 3.360567 -5.499764
v 0.349991 18.336920 -5.499764
v 0.349991 3.360567 5.501611
v 0.349990 13.427961 1.615012
v 0.349991 13.997335 -5.499764
v -2.984411 3.360567 -5.499764
v -2.984411 3.360567 5.501611
v -2.984411 13.427961 1.615012
v -2.984411 13.997335 -5.499764
v -6.318813 3.360567 -5.499764
v -6.318812 18.336920 -5.499764
v -6.318812 3.360567 5.501611
v -6.318813 13.427961 1.615012
v -6.318812 13.997335 -5.499764
v -9.653215 3.360567 -5.499764
v -9.653214 18.336920 -5.499764
v -9.653214 3.360567 5.501611
v -9.653215 13.427961 1.615012
v -9.653214 13.997335 -5.499764
v -22.052992 13.427961 0.917095
v -22.052992 18.336920 0.593753
v 21.893658 13.427961 0.917095
v 21.893658 3.360567 2.879665
v 7.018795 3.360567 2.879665
v -22.052992 3.360567 2.879666
v 21.893658 18.336920 0.593753
v -10.173349 13.427961 0.917095
v -10.173349 3.360567 2.879665
v -9.653214 3.360567 2.879665
v -6.838946 3.360567 2.879665
v -6.318812 3.360567 2.879665
v -3.504545 3.360567 2.879665
v -2.984411 3.360567 2.879665
v -0.170144 3.360567 2.879665
v 0.349991 3.360567 2.879665
v 3.164258 3.360567 2.879665
v 3.684394 3.360567 2.879665
v 6.498661 3.360567 2.879665
v 6.498661 13.427961 0.917095
v 3.164258 13.427961 0.917095
v -0.170144 13.427961 0.917095
v -3.504545 13.427961 0.917095
v -6.838948 13.427961 0.917095
v 3.164258 18.336920 0.593753
v -3.504545 18.336920 0.593753
v -6.838948 18.336920 0.593753
v 7.018795 18.336920 0.593753
v 7.018795 13.427961 0.917095
v 3.684393 18.336920 0.593753
v 3.684393 13.427961 0.917095
v 0.349990 13.427961 0.917095
v -2.984411 18.336920 0.593753
v -2.984411 13.427961 0.917095
v -6.318813 13.427961 0.917095
v -9.653215 18.336920 0.593753
v -9.653215 13.427961 0.917095
v -22.052992 14.623373 -5.499764
v 21.893658 14.623373 -5.499764
v 6.498661 14.053999 1.505363
v 3.164258 14.053999 1.505363
v -0.170144 14.053999 1.505363
v -3.504545 14.053999 1.505363
v -6.838948 14.053999 1.505363
v -10.173349 14.053999 1.505363
v -10.173349 14.623373 -5.499764
v 3.164258 14.623373 -5.499764
v 6.498661 14.623373 -5.499764
v 7.018795 14.053999 1.505363
v 7.018795 14.623373 -5.499764
v 3.684394 14.623373 -5.499764
v 3.684393 14.053999 1.505363
v 0.349991 14.623373 -5.499764
v 0.349990 14.053999 1.505363
v -2.984411 14.623373 -5.499764
v -2.984411 14.053999 1.505363
v -6.318813 14.053999 1.505363
v -9.653215 14.053999 1.505363
v -22.052992 14.053999 0.807446
v 21.893658 14.053999 0.807446
v 6.498661 14.053999 0.807446
v 3.164258 14.053999 0.807446
v -0.170144 14.053999 0.807446
v -3.504545 14.053999 0.807446
v -6.838948 14.053999 0.807446
v -10.173349 14.053999 0.807446
v 7.018795 14.053999 0.807446
v 3.684393 14.053999 0.807446
v 0.349990 14.053999 0.807446
v -2.984411 14.053999 0.807446
v -6.318813 14.053999 0.807446
v -9.653215 14.053999 0.807446
v 7.018795 18.922989 -5.499764
v 21.893658 18.922989 -5.499764
v 21.893658 18.922987 0.593753
v -10.173349 18.922989 -5.499764
v -9.653214 18.922989 -5.499764
v -6.838946 18.922989 -5.499764
v -6.318812 18.922989 -5.499764
v -3.504545 18.922989 -5.499764
v -2.984411 18.922989 -5.499764
v -0.170144 18.922989 -5.499764
v 0.349991 18.922989 -5.499764
v 3.164258 18.922989 -5.499764
v 3.684394 18.922989 -5.499764
v 6.498661 18.922989 -5.499764
v 3.164258 18.922989 1.291670
v -6.838948 18.922989 1.291670
v -10.173349 18.922989 0.593753
v 6.498661 18.922989 0.593753
v 3.164258 18.922989 0.593753
v 0.349990 18.922989 0.593753
v -2.984411 18.922989 0.593753
v -3.504545 18.922989 0.593753
v -6.318813 18.922989 0.593753
v -6.838948 18.922989 0.593753
v -9.653215 18.922989 0.593753
v -10.173349 18.336920 1.291677
v 7.018795 18.336920 1.291677
v 6.498661 18.336920 1.291677
v 3.684393 18.336920 1.291677
v 3.164258 18.336920 1.291677
v 0.349990 18.336920 1.291677
v -0.170144 18.336920 1.291677
v -2.984411 18.336920 1.291677
v -3.504545 18.336920 1.291677
v -6.318813 18.336920 1.291677
v -6.838948 18.336920 1.291677
v -9.653215 18.336920 1.291677
v -10.173349 18.922989 1.291677
v 7.018795 18.922989 1.291677
v 6.498661 18.922989 1.291677
v 3.684393 18.922989 1.291677
v 0.349990 18.922989 1.291677
v -0.170144 18.922989 1.291677
v -2.984411 18.922989 1.291677
v -3.504545 18.922989 1.291677
v -6.318813 18.922989 1.291677
v -9.653215 18.922989 1.291677
v 3.684393 18.336920 -5.499764
v 3.164258 18.336920 -5.499764
v -0.170144 18.336920 -5.499764
v -2.984411 18.336920 -5.499764
v -6.838948 18.336920 -5.499764
v -0.170144 14.623373 -5.499766
v -3.504545 14.623373 -5.499766
v -6.838948 14.623373 -5.499766
v -6.318813 14.623373 -5.499766
v -9.653215 14.623373 -5.499766
v -22.052992 0.000000 -5.499764
v 21.893658 0.000000 -5.499764
v 6.498661 0.000000 -5.499764
v 3.164258 0.000000 -5.499764
v -0.170144 0.000000 -5.499764
v -3.504545 0.000000 -5.499764
v -6.838948 0.000000 -5.499764
v -10.173349 0.000000 -5.499764
v 7.018795 0.000000 -5.499764
v 3.684393 0.000000 -5.499764
v 0.349990 0.000000 -5.499764
v -2.984411 0.000000 -5.499764
v -6.318813 0.000000 -5.499764
v -9.653215 0.000000 -5.499764
v 21.893658 0.000000 2.879665
v -22.052992 0.000000 2.879666
v -22.052992 3.360567 12.350609
v -10.173349 3.360567 12.350609
v -9.653214 3.360567 12.350609
v -6.838946 0.000000 12.350609
v -3.504545 0.000000 12.350609
v -0.170144 0.000000 12.350609
v 7.018795 0.000000 12.350609
v 0.349991 0.000000 12.350609
v -6.318812 0.000000 12.350609
v -9.653214 0.000000 12.350609
v 21.893658 0.000000 12.350609
v -22.052992 0.000000 12.350609
v -10.173349 0.000000 12.350609
v -2.984411 0.000000 12.350609
v 3.164258 0.000000 12.350609
v 3.684394 0.000000 12.350609
v 6.498661 0.000000 12.350609
v -22.052992 13.997335 -1.293344
v -22.052992 18.336920 -1.436650
v -22.052992 3.360567 -0.108371
v -22.052992 14.623373 -1.357002
v -10.173349 18.336920 -1.436650
v -22.052992 18.922989 -1.436650
v -10.173349 18.922989 -1.436650
v -22.052992 0.000000 -0.108371
v 21.893658 3.360566 -0.108372
v 21.893658 13.997335 -1.293344
v 21.893658 18.336920 -1.436650
v 21.893658 14.623373 -1.357002
v 7.018795 18.336920 -1.436650
v 21.893658 18.922989 -1.436650
v 7.018795 18.922989 -1.436650
v 21.893658 0.000000 -0.108372
v 6.498661 14.623373 -1.357001
v 3.684393 14.623373 -1.357001
v 3.164258 14.623373 -1.357001
v 0.349991 14.623373 -1.357001
v -0.170144 14.623373 -1.357002
v -2.984411 14.623373 -1.357001
v -6.318813 14.623373 -1.357002
v -3.504545 14.623373 -1.357002
v -9.653215 14.623373 -1.357002
v -6.838948 14.623373 -1.357002
v -10.173349 18.336920 0.593753
v 6.498661 18.336920 0.593753
v 0.349990 18.336920 0.593753
v -0.170144 18.336920 0.593753
v -6.318813 18.336920 0.593753
v -22.052992 18.922987 0.593753
v 7.018795 18.922989 0.593753
v 3.684393 18.922989 0.593753
v -0.170144 18.922989 0.593753
v -9.653214 1.538122 2.879665
v -6.838946 1.538122 2.879665
v -6.318812 1.538122 2.879665
v -3.504545 1.538122 2.879665
v -2.984411 1.538122 2.879665
v -0.170144 1.538122 2.879665
v 0.349991 1.538122 2.879665
v 3.164258 1.538122 2.879665
v 3.684394 1.538122 2.879665
v 6.498661 1.538122 2.879665
v -9.653214 1.538122 12.350609
v -6.838946 1.538122 12.350609
v -6.318812 1.538122 12.350609
v -3.504545 1.538122 12.350609
v -2.984411 1.538122 12.350609
v -0.170144 1.538122 12.350609
v 0.349991 1.538122 12.350609
v 3.164258 1.538122 12.350609
v 6.498661 1.538122 12.350609
v 3.684394 1.538122 12.350609
v -6.838946 1.538122 5.501603
v -6.318812 1.538122 5.501603
v -3.504545 1.538122 5.501603
v -2.984411 1.538122 5.501603
v -0.170144 1.538122 5.501603
v 0.349991 1.538122 5.501603
v 3.164258 1.538122 5.501603
v 3.684394 1.538122 5.501603
v 7.904535 3.360567 -5.499764
v 8.878153 3.360567 2.879665
v 11.667191 3.360567 2.879665
v 12.596869 3.360567 2.879665
v 13.526548 3.360567 2.879665
v 14.456228 3.360567 2.879665
v 15.385906 3.360567 2.879665
v 16.315586 3.360567 2.879665
v 17.245264 3.360567 2.879665
v 18.174944 3.360567 2.879665
v 19.104624 3.360567 2.879665
v 7.948473 18.922989 -5.499764
v 8.878153 18.922989 -5.499764
v 9.807833 18.922989 -5.499764
v 10.737511 18.922989 -5.499764
v 11.667191 18.922989 -5.499764
v 12.596869 18.922989 -5.499764
v 13.526548 18.922989 -5.499764
v 14.456228 18.922989 -5.499764
v 15.385906 18.922989 -5.499764
v 16.315586 18.922989 -5.499764
v 17.245264 18.922989 -5.499764
v 18.174944 18.922989 -5.499764
v 19.104624 18.922989 -5.499764
v 20.034302 18.922989 -5.499764
v 20.963980 18.922989 -5.499764
v 7.904535 0.000000 -5.499764
v 8.878153 0.000000 12.350609
v 9.807833 0.000000 12.350609
v 10.737511 0.000000 12.350609
v 11.667191 0.000000 12.350609
v 12.596869 0.000000 12.350609
v 13.526548 0.000000 12.350609
v 14.456228 0.000000 12.350609
v 7.948473 18.922989 -1.436650
v 8.878153 18.922989 -1.436650
v 9.807833 18.922989 -1.436650
v 10.737511 18.922989 -1.436650
v 11.667191 18.922989 -1.436650
v 12.596869 18.922989 -1.436650
v 13.526548 18.922989 -1.436650
v 14.456228 18.922989 -1.436650
v 15.385906 18.922989 -1.436650
v 16.315586 18.922989 -1.436650
v 17.245264 18.922989 -1.436650
v 18.174944 18.922989 -1.436650
v 19.104624 18.922989 -1.436650
v 20.034302 18.922989 -1.436650
v 20.963980 18.922989 -1.436650
v 20.963980 18.922987 0.593753
v 20.034300 18.922987 0.593753
v 19.104620 18.922987 0.593753
v 18.174942 18.922987 0.593753
v 17.245262 18.922987 0.593753
v 16.315582 18.922987 0.593753
v 15.385904 18.922987 0.593753
v 14.456224 18.922987 0.593753
v 13.526546 18.922987 0.593753
v 12.596867 18.922987 0.593753
v 11.667189 18.922987 0.593753
v 10.737509 18.922987 0.593753
v 9.807831 18.922987 0.593753
v 8.878152 18.922987 0.593753
v 7.948473 18.922989 0.593753
v 21.893658 1.680283 2.879665
v 21.893658 1.680283 -5.499764
v 21.893658 1.680283 12.350609
v 6.498661 1.680283 12.350609
v 7.018795 1.680283 12.350609
v 21.893658 1.680283 -0.108372
v 14.456228 1.680283 12.350609
v 13.526548 1.680283 12.350609
v 12.596869 1.680283 12.350609
v 11.667191 1.680283 12.350609
v 10.737511 1.680283 12.350609
v 9.807833 1.680283 12.350609
v 8.878153 1.680283 12.350609
v 7.904535 1.680283 -5.499764
v 21.893658 3.020405 -5.499764
v 7.018795 3.020405 12.350609
v 21.893658 3.020405 2.879665
v 21.893658 3.020405 12.350609
v 6.498661 3.020405 12.350609
v 21.893658 3.020405 -0.108372
v 14.456228 3.020405 12.350609
v 13.526548 3.020405 12.350609
v 12.596869 3.020405 12.350609
v 11.667191 3.020405 12.350609
v 10.737511 3.020405 12.350609
v 9.807833 3.020405 12.350609
v 8.878153 3.020405 12.350609
v 7.904535 3.020406 -5.499764
v 9.342993 18.922989 -5.499764
v 9.342993 0.000000 12.350609
v 9.342993 18.922989 -1.436650
v 9.342991 18.922987 0.593753
v 9.342993 1.680283 12.350609
v 9.342993 3.020405 12.350609
v 10.272671 3.360567 2.879665
v 10.272671 18.922989 -5.499764
v 10.272671 0.000000 12.350609
v 10.272671 18.922989 -1.436650
v 10.272671 18.922987 0.593753
v 10.272671 1.680283 12.350609
v 10.272671 3.020405 12.350609
v 11.202351 3.360567 2.879665
v 11.202351 18.922989 -5.499764
v 11.202351 0.000000 12.350609
v 11.202351 18.922989 -1.436650
v 11.202349 18.922987 0.593753
v 11.202351 1.680283 12.350609
v 11.202351 3.020405 12.350609
v 12.132030 3.360567 2.879665
v 12.132030 18.922989 -5.499764
v 12.132030 0.000000 12.350609
v 12.132030 18.922989 -1.436650
v 12.132027 18.922987 0.593753
v 12.132030 1.680283 12.350609
v 12.132030 3.020405 12.350609
v 13.061708 3.360567 2.879665
v 13.061708 18.922989 -5.499764
v 13.061708 0.000000 12.350609
v 13.061708 18.922989 -1.436650
v 13.061707 18.922987 0.593753
v 13.061708 1.680283 12.350609
v 13.061708 3.020405 12.350609
v 13.991388 3.360567 2.879665
v 13.991388 18.922989 -5.499764
v 13.991388 0.000000 12.350609
v 13.991388 18.922989 -1.436650
v 13.991385 18.922987 0.593753
v 13.991388 1.680283 12.350609
v 13.991388 3.020405 12.350609
v 14.921066 3.360567 2.879665
v 14.921066 18.922989 -5.499764
v 14.921066 0.000000 12.350609
v 14.921066 18.922989 -1.436650
v 14.921064 18.922987 0.593753
v 14.921066 1.680283 12.350609
v 14.921066 3.020405 12.350609
v 14.456228 3.020405 6.711705
v 14.456228 1.680283 6.711705
v 13.526548 3.020405 6.711705
v 13.526548 1.680283 6.711705
v 12.596869 3.020405 6.711705
v 12.596869 1.680283 6.711705
v 11.667191 3.020405 6.711705
v 11.667191 1.680283 6.711705
v 10.737511 3.020405 6.711705
v 10.737511 1.680283 6.711705
v 9.807833 3.020405 6.711705
v 9.807833 1.680283 6.711705
v 8.878153 3.020405 6.711705
v 8.878153 1.680283 6.711705
v 9.342993 1.680283 6.711705
v 9.342993 3.020405 6.711705
v 10.272671 1.680283 6.711705
v 10.272671 3.020405 6.711705
v 11.202351 1.680283 6.711705
v 11.202351 3.020405 6.711705
v 12.132030 1.680283 6.711705
v 12.132030 3.020405 6.711705
v 13.061708 1.680283 6.711705
v 13.061708 3.020405 6.711705
v 13.991388 1.680283 6.711705
v 13.991388 3.020405 6.711705
v 14.921066 1.680283 6.711705
v 14.921066 3.020405 6.711705
v -8.246080 18.336920 0.593753
v -8.246080 18.922989 -5.499764
v -8.246080 18.922989 0.593753
v -8.246080 18.336920 -5.499764
v -4.911679 18.336920 -5.499764
v -4.911679 18.922989 -5.499764
v -4.911680 18.922989 0.593753
v -4.911680 18.336920 0.593753
v -1.577278 18.922989 -5.499764
v -1.577278 18.336920 -5.499764
v -1.577278 18.336920 0.593753
v -1.577278 18.922989 0.593753
v 1.757125 18.922989 -5.499764
v 1.757124 18.922989 0.593753
v 1.757124 18.336920 -5.499764
v 1.757124 18.336920 0.593753
v 5.091527 18.922989 -5.499764
v 5.091527 18.336920 -5.499764
v 5.091527 18.336920 0.593753
v 5.091527 18.922989 0.593753
v 3.684393 18.336920 -1.356766
v 6.498661 18.336920 -1.356766
v 5.091527 18.336920 -1.356766
v 3.164258 18.336920 -1.356766
v 0.349991 18.336920 -1.356766
v 1.757124 18.336920 -1.356766
v -2.984411 18.336920 -1.356766
v -0.170144 18.336920 -1.356766
v -1.577278 18.336920 -1.356766
v -3.504545 18.336920 -1.356766
v -6.318813 18.336920 -1.356766
v -4.911679 18.336920 -1.356766
v -9.653214 18.336920 -1.356766
v -6.838948 18.336920 -1.356766
v -8.246080 18.336920 -1.356766
v -4.911679 17.665947 -5.499764
v -3.504545 17.665947 -5.499764
v -1.577278 17.665947 -5.499764
v -2.984411 17.665947 -5.499764
v 3.684393 17.665947 -1.356766
v 3.684393 17.665947 -5.499764
v -2.984411 17.665947 -1.356766
v -8.246080 17.665947 -5.499764
v -6.838948 17.665947 -5.499764
v 1.757124 17.665947 -5.499764
v 3.164258 17.665947 -5.499764
v 5.091527 17.665947 -5.499764
v 6.498661 17.665947 -5.499764
v 6.498661 17.665947 -1.356766
v 0.349991 17.665947 -5.499764
v 0.349991 17.665947 -1.356766
v -6.318812 17.665947 -5.499764
v -6.318813 17.665947 -1.356766
v -6.838948 17.665947 -1.356766
v 3.164258 17.665947 -1.356766
v -0.170144 17.665947 -5.499764
v -0.170144 17.665947 -1.356766
v -3.504545 17.665947 -1.356766
v -9.653214 17.665947 -5.499764
v -9.653214 17.665947 -1.356766
v -8.246080 17.665947 -1.356766
v -4.911679 17.665947 -1.356766
v -1.577278 17.665947 -1.356766
v 1.757124 17.665947 -1.356766
v 5.091527 17.665947 -1.356766
v -22.052992 18.922987 -5.499760
v 20.963980 3.360567 2.879665
v 21.893658 3.360567 12.350609
v 7.018795 3.360567 12.350609
v 6.498661 3.360567 12.350609
v 7.948473 3.360567 2.879665
v 9.342993 3.360567 2.879665
v 9.807833 3.360567 2.879665
v 10.737511 3.360567 2.879665
v 20.034302 3.360567 2.879665
v 6.498661 4.608520 5.025469
v 7.018795 4.608520 5.025469
v 20.963980 4.608520 2.879665
v 21.893658 4.608520 2.879665
v 21.893658 4.608520 12.350609
v 7.018795 4.608520 2.879665
v 7.018795 4.608520 12.350609
v 6.498661 4.608520 12.350609
v 7.948473 4.608520 2.879665
v 8.878153 4.608520 2.879665
v 9.342993 4.608520 2.879665
v 9.807833 4.608520 2.879665
v 10.272671 4.608520 2.879665
v 10.737511 4.608520 2.879665
v 11.202351 4.608520 2.879665
v 11.667191 4.608520 2.879665
v 12.132030 4.608520 2.879665
v 12.596869 4.608520 2.879665
v 13.061708 4.608520 2.879665
v 13.526548 4.608520 2.879665
v 13.991388 4.608520 2.879665
v 14.456228 4.608520 2.879665
v 14.921066 4.608520 2.879665
v 15.385906 4.608520 2.879665
v 16.315586 4.608520 2.879665
v 17.245264 4.608520 2.879665
v 18.174944 4.608520 2.879665
v 19.104624 4.608520 2.879665
v 20.034302 4.608520 2.879665
v 8.878153 0.976563 12.350609
v 9.342993 0.976563 12.350609
v 9.807833 0.976563 12.350609
v 10.272671 0.976563 12.350609
v 10.737511 0.976563 12.350609
v 11.202351 0.976563 12.350609
v 11.667191 0.976563 12.350609
v 12.132030 0.976563 12.350609
v 12.596869 0.976563 12.350609
v 13.061708 0.976563 12.350609
v 13.526548 0.976563 12.350609
v 13.991388 0.976563 12.350609
v 14.456228 0.976563 12.350609
v 14.921066 0.976563 12.350609
v 8.878153 0.976563 6.711705
v 9.342993 0.976563 6.711705
v 9.807833 0.976563 6.711705
v 10.272671 0.976563 6.711705
v 10.737511 0.976563 6.711705
v 11.202351 0.976563 6.711705
v 11.667191 0.976563 6.711705
v 12.132030 0.976563 6.711705
v 12.596869 0.976563 6.711705
v 13.061708 0.976563 6.711705
v 13.526548 0.976563 6.711705
v 13.991388 0.976563 6.711705
v 14.456228 0.976563 6.711705
v 14.921066 0.976563 6.711705
vn -1.0000 -0.0000 -0.0000
vn -0.0000 -0.0000 -1.0000
vn -0.0000 0.3602 0.9329
vn -0.0000 -0.0000 1.0000
vn 1.0000 -0.0000 -0.0000
vn -0.0000 0.0498 0.9988
vn -0.0000 0.1913 0.9815
vn -0.0000 1.0000 -0.0000
vn -0.0000 0.1725 0.9850
vn -0.0000 -1.0000 -0.0000
vn -0.0000 0.9671 0.2544
vn -0.0000 -0.3565 -0.9343
vt 0.565267 0.704940
vt 0.552293 0.841977
vt 0.543723 0.844386
vt 0.533072 0.713991
vt 0.042865 0.000000
vt 0.178540 0.000000
vt 0.178540 0.151527
vt 0.042865 0.151527
vt 0.042865 0.158163
vt 0.178540 0.158163
vt 0.178540 0.194059
vt 0.042865 0.194059
vt 0.042865 0.200693
vt 0.178540 0.200693
vt 0.178540 0.236591
vt 0.042865 0.236591
vt 0.042865 0.243225
vt 0.178540 0.243225
vt 0.178540 0.279121
vt 0.042865 0.279121
vt 0.042865 0.285757
vt 0.178540 0.285757
vt 0.178540 0.321653
vt 0.042865 0.321653
vt 0.042865 0.328287
vt 0.178540 0.328287
vt 0.178540 0.364185
vt 0.042865 0.364185
vt 0.989964 0.000000
vt 0.989964 0.130990
vt 0.983329 0.130990
vt 0.983329 0.000000
vt 0.651150 0.705771
vt 0.651150 0.836761
vt 0.644516 0.836761
vt 0.644516 0.705771
vt 0.978749 0.928190
vt 0.978749 0.797201
vt 0.985384 0.797201
vt 0.985384 0.928190
vt 0.978749 0.750198
vt 0.978749 0.881188
vt 0.972115 0.881188
vt 0.972115 0.750198
vt 0.657784 0.705771
vt 0.657784 0.836761
vt 0.466390 0.560552
vt 0.466390 0.691542
vt 0.459755 0.691542
vt 0.459755 0.560552
vt 0.651150 0.899508
vt 0.657785 0.899508
vt 0.657785 0.906972
vt 0.651150 0.906972
vt 0.972115 0.943936
vt 0.978749 0.943936
vt 0.978749 0.951399
vt 0.972115 0.951399
vt 0.790573 0.469883
vt 0.790573 0.478785
vt 0.798048 0.478785
vt 0.798048 0.469883
vt 0.985384 0.734453
vt 0.978749 0.734453
vt 0.978749 0.726990
vt 0.985384 0.726990
vt 0.651991 0.958798
vt 0.651991 0.984697
vt 0.644516 0.984697
vt 0.644516 0.958798
vt 0.989964 0.139041
vt 0.989964 0.193738
vt 0.983329 0.193738
vt 0.983329 0.139041
vt 0.651150 0.844812
vt 0.644516 0.899508
vt 0.644516 0.844812
vt 0.978749 0.789150
vt 0.985384 0.789150
vt 0.978749 0.889239
vt 0.972115 0.889239
vt 0.657784 0.844812
vt 0.466390 0.699593
vt 0.466390 0.754290
vt 0.459755 0.754290
vt 0.459755 0.699593
vt 0.186525 0.000000
vt 0.233892 0.000000
vt 0.233892 0.151527
vt 0.186525 0.151527
vt 0.178540 0.370819
vt 0.042865 0.370819
vt 0.186525 0.364185
vt 0.233892 0.364185
vt 0.233892 0.370819
vt 0.186525 0.370819
vt 0.186525 0.321653
vt 0.233892 0.321653
vt 0.233892 0.328287
vt 0.186525 0.328287
vt 0.521897 0.186525
vt 0.520881 0.233893
vt 0.469055 0.233893
vt 0.469055 0.186525
vt 0.000000 0.151527
vt 0.000000 0.000000
vt 0.915481 0.244253
vt 0.901159 0.381155
vt 0.892566 0.383480
vt 0.883198 0.252986
vt 0.186525 0.279121
vt 0.233892 0.279121
vt 0.233892 0.285757
vt 0.186525 0.285757
vt 0.643899 0.427893
vt 0.696741 0.427893
vt 0.696741 0.475261
vt 0.644915 0.475261
vt 0.186525 0.236591
vt 0.233892 0.236591
vt 0.233892 0.243225
vt 0.186525 0.243225
vt 0.839969 0.567574
vt 0.852943 0.704611
vt 0.820747 0.695560
vt 0.831399 0.565165
vt 0.186525 0.194059
vt 0.233892 0.194059
vt 0.233892 0.200693
vt 0.186525 0.200693
vt 0.000000 0.321653
vt 0.000000 0.285757
vt 0.595892 0.818832
vt 0.615330 0.682562
vt 0.644516 0.698892
vt 0.603661 0.823179
vt 0.233892 0.158163
vt 0.186525 0.158163
vt 0.427193 0.645390
vt 0.440167 0.782427
vt 0.407971 0.773376
vt 0.418623 0.642981
vt 0.000000 0.194059
vt 0.000000 0.158163
vt 0.627972 0.284233
vt 0.643086 0.419908
vt 0.614892 0.412646
vt 0.589859 0.284233
vt 0.151527 0.698217
vt 0.151527 0.752914
vt 0.000000 0.752914
vt 0.000000 0.698217
vt 0.151527 0.560552
vt 0.151527 0.690166
vt 0.000000 0.690166
vt 0.000000 0.560552
vt 0.469055 0.552948
vt 0.658789 0.552948
vt 0.658789 0.682562
vt 0.646931 0.682562
vt 0.635071 0.682562
vt 0.629143 0.682562
vt 0.623213 0.682562
vt 0.617285 0.682562
vt 0.611355 0.682562
vt 0.605427 0.682562
vt 0.599497 0.682562
vt 0.593567 0.682562
vt 0.587639 0.682562
vt 0.581709 0.682562
vt 0.575781 0.682562
vt 0.569851 0.682562
vt 0.563921 0.682562
vt 0.557993 0.682562
vt 0.552063 0.682562
vt 0.540205 0.682562
vt 0.528347 0.682562
vt 0.516489 0.682562
vt 0.504631 0.682562
vt 0.492771 0.682562
vt 0.480913 0.682562
vt 0.469055 0.682562
vt 0.323224 0.730442
vt 0.335384 0.783771
vt 0.311433 0.790504
vt 0.260560 0.804805
vt 0.247741 0.759205
vt 0.298612 0.744905
vt 0.957260 0.023209
vt 0.957260 0.152823
vt 0.921363 0.152823
vt 0.921363 0.023209
vt 0.103790 0.971385
vt 0.103790 0.918540
vt 0.112349 0.918540
vt 0.112349 0.971385
vt 0.187425 0.828014
vt 0.187425 0.957628
vt 0.151528 0.957628
vt 0.151528 0.828014
vt 0.957260 0.213713
vt 0.921363 0.213713
vt 0.921363 0.160874
vt 0.957260 0.160874
vt 0.223322 0.828014
vt 0.223322 0.957628
vt 0.187425 0.957628
vt 0.187425 0.828014
vt 0.784384 0.021034
vt 0.772224 0.074362
vt 0.747612 0.059900
vt 0.696741 0.045599
vt 0.709560 0.000000
vt 0.760433 0.014301
vt 0.951378 0.267462
vt 0.951378 0.397076
vt 0.915481 0.397076
vt 0.915481 0.267462
vt 0.233892 0.261173
vt 0.225334 0.261173
vt 0.225334 0.243225
vt 0.259219 0.828014
vt 0.259219 0.957628
vt 0.756730 0.505175
vt 0.742408 0.642078
vt 0.733815 0.644403
vt 0.724447 0.513909
vt 0.343954 0.582930
vt 0.330980 0.719967
vt 0.322410 0.722376
vt 0.311758 0.591981
vt 0.742841 0.802990
vt 0.742026 0.811056
vt 0.733456 0.808647
vt 0.734271 0.800581
vt 0.247741 0.582930
vt 0.234767 0.719967
vt 0.226197 0.722376
vt 0.215545 0.591981
vt 0.780794 0.076771
vt 0.779980 0.084837
vt 0.771410 0.082428
vt 0.901894 0.389229
vt 0.913529 0.442675
vt 0.904935 0.444999
vt 0.893301 0.391553
vt 0.921363 0.000000
vt 0.908389 0.137037
vt 0.899819 0.139446
vt 0.889167 0.009050
vt 0.553108 0.850043
vt 0.565267 0.903372
vt 0.556697 0.905781
vt 0.544538 0.852452
vt 0.877007 0.076771
vt 0.876192 0.084837
vt 0.867622 0.082428
vt 0.868437 0.074362
vt 0.755001 0.948093
vt 0.722805 0.939043
vt 0.743143 0.650151
vt 0.754778 0.703598
vt 0.746185 0.705922
vt 0.734550 0.652476
vt 0.428007 0.637323
vt 0.419437 0.634914
vt 0.792954 0.221874
vt 0.760758 0.212824
vt 0.331794 0.728033
vt 0.343954 0.781362
vt 0.235581 0.728033
vt 0.247741 0.781362
vt 0.239171 0.783771
vt 0.227011 0.730442
vt 0.840783 0.559507
vt 0.832213 0.557098
vt 0.889167 0.221874
vt 0.856971 0.212824
vt 0.593214 0.826484
vt 0.600983 0.830830
vt 0.909203 0.145103
vt 0.921363 0.198432
vt 0.912793 0.200841
vt 0.900633 0.147512
vt 0.522709 0.178540
vt 0.469055 0.178540
vt 0.469055 0.042865
vt 0.537824 0.042865
vt 0.568917 0.875489
vt 0.576687 0.879836
vt 0.852943 0.506180
vt 0.844373 0.503771
vt 0.440167 0.583996
vt 0.431597 0.581587
vt 0.889167 0.023443
vt 0.880597 0.021034
vt 0.792954 0.023443
vt 0.755001 0.749662
vt 0.746431 0.747253
vt 0.259219 0.965679
vt 0.223322 0.965679
vt 0.951378 0.405127
vt 0.915481 0.405127
vt 0.187425 0.965679
vt 0.187425 0.965679
vt 0.151528 0.965679
vt 0.957260 0.160874
vt 0.921363 0.160874
vt 0.696741 0.419908
vt 0.241368 0.364185
vt 0.241368 0.370819
vt 0.644516 0.906972
vt 0.746500 0.469883
vt 0.746500 0.451934
vt 0.771379 0.451934
vt 0.771379 0.469883
vt 0.696741 0.451934
vt 0.696741 0.433986
vt 0.721621 0.433986
vt 0.721621 0.451934
vt 0.989964 0.201201
vt 0.983329 0.201201
vt 0.746500 0.433986
vt 0.771379 0.433986
vt 0.233892 0.346235
vt 0.241368 0.328287
vt 0.241368 0.346235
vt 0.993365 0.244253
vt 1.000000 0.244253
vt 1.000000 0.330874
vt 0.993365 0.330874
vt 0.989964 0.086622
vt 0.996598 0.086622
vt 0.996598 0.173243
vt 0.989964 0.173244
vt 0.998653 0.900232
vt 0.992018 0.900232
vt 0.992018 0.813611
vt 0.998653 0.813611
vt 0.998653 0.986854
vt 0.992018 0.986854
vt 0.992018 0.900232
vt 0.998653 0.900232
vt 0.998652 0.813611
vt 0.992018 0.813611
vt 0.992018 0.726989
vt 0.998652 0.726989
vt 0.996598 0.086622
vt 0.989964 0.086622
vt 0.996598 0.000000
vt 0.051823 0.760378
vt 0.051823 0.911905
vt 0.000000 0.911905
vt 0.000000 0.760378
vt 0.954166 0.962954
vt 0.954166 0.885234
vt 0.972116 0.885234
vt 0.972116 0.962954
vt 0.954166 0.885234
vt 0.954166 0.807514
vt 0.972115 0.807514
vt 0.972115 0.885234
vt 0.964529 0.638176
vt 0.964529 0.715896
vt 0.946581 0.715896
vt 0.946581 0.638176
vt 0.964529 0.560456
vt 0.982478 0.560456
vt 0.982478 0.638176
vt 0.964529 0.560456
vt 0.964529 0.482736
vt 0.982478 0.482736
vt 0.982478 0.560456
vt 0.904766 0.660611
vt 0.930663 0.660611
vt 0.930663 0.672469
vt 0.904766 0.672469
vt 0.241368 0.151527
vt 0.241368 0.158163
vt 0.035897 0.964751
vt 0.017948 0.964751
vt 0.017948 0.911906
vt 0.035897 0.911906
vt 0.466390 0.761753
vt 0.459755 0.761753
vt 0.888840 0.725314
vt 0.870892 0.725314
vt 0.870892 0.672469
vt 0.888840 0.672469
vt 0.889167 0.218789
vt 0.889167 0.200841
vt 0.914046 0.200841
vt 0.914046 0.218789
vt 0.696741 0.469882
vt 0.721621 0.469882
vt 0.738245 0.469883
vt 0.738245 0.478785
vt 0.745720 0.478785
vt 0.745720 0.469883
vt 0.644516 0.917787
vt 0.640865 0.924311
vt 0.565268 0.882013
vt 0.906788 0.725314
vt 0.906788 0.672469
vt 0.143763 0.847004
vt 0.143763 0.760377
vt 0.151237 0.760377
vt 0.151237 0.847004
vt 0.241368 0.236591
vt 0.241368 0.243225
vt 0.696741 0.482736
vt 0.644915 0.482736
vt 0.000000 0.964751
vt 0.000000 0.911906
vt 0.546779 0.233893
vt 0.546779 0.241368
vt 0.520881 0.241368
vt 0.241368 0.321653
vt 0.071794 0.964751
vt 0.053845 0.964751
vt 0.053845 0.911906
vt 0.071794 0.911906
vt 0.768147 0.478785
vt 0.768147 0.469883
vt 0.760672 0.469883
vt 0.760672 0.478785
vt 0.871895 0.913318
vt 0.871895 0.965144
vt 0.864420 0.965144
vt 0.864420 0.913318
vt 0.721621 0.451934
vt 0.721621 0.433986
vt 0.746500 0.433986
vt 0.746500 0.451934
vt 0.721621 0.469883
vt 0.746500 0.469883
vt 0.933429 0.457972
vt 0.915481 0.457972
vt 0.915481 0.405127
vt 0.933429 0.405127
vt 0.241368 0.000000
vt 0.241368 0.194059
vt 0.241368 0.200693
vt 0.035897 0.964751
vt 0.035897 0.911906
vt 0.233892 0.176111
vt 0.241368 0.176111
vt 0.889167 0.236737
vt 0.914046 0.236737
vt 0.233892 0.218643
vt 0.241368 0.218643
vt 0.852943 0.725314
vt 0.852943 0.672469
vt 0.241368 0.261173
vt 0.771379 0.451934
vt 0.771379 0.433986
vt 0.796259 0.433986
vt 0.796259 0.451934
vt 0.233892 0.303705
vt 0.241368 0.285757
vt 0.241368 0.303705
vt 0.241368 0.279121
vt 0.771379 0.469883
vt 0.796259 0.469883
vt 0.573036 0.886360
vt 0.915481 0.449891
vt 0.906888 0.452215
vt 0.783098 0.469883
vt 0.783098 0.478785
vt 0.753197 0.469883
vt 0.753197 0.478785
vt 0.760672 0.478785
vt 0.760672 0.469883
vt 0.871895 0.887420
vt 0.871895 0.878517
vt 0.864420 0.878517
vt 0.864420 0.887420
vt 0.745720 0.478785
vt 0.753195 0.478785
vt 0.753195 0.469883
vt 0.768147 0.469883
vt 0.768147 0.478785
vt 0.775621 0.478785
vt 0.775621 0.469883
vt 0.775623 0.469883
vt 0.775623 0.478785
vt 0.709658 0.786119
vt 0.658788 0.771818
vt 0.671606 0.726219
vt 0.722479 0.740520
vt 0.424892 0.961498
vt 0.424892 0.943550
vt 0.433437 0.943550
vt 0.433437 0.961498
vt 0.864420 0.931356
vt 0.828524 0.931356
vt 0.828524 0.878517
vt 0.864420 0.878517
vt 0.215220 0.790504
vt 0.164347 0.804805
vt 0.151528 0.759205
vt 0.202399 0.744905
vt 0.972115 0.779828
vt 0.936218 0.779828
vt 0.936218 0.726989
vt 0.972115 0.726989
vt 0.792627 0.906204
vt 0.828524 0.906204
vt 0.828524 0.959042
vt 0.792627 0.959042
vt 0.225334 0.303705
vt 0.225334 0.285757
vt 0.807600 0.542637
vt 0.756730 0.528337
vt 0.769548 0.482737
vt 0.820422 0.497038
vt 0.328081 0.978447
vt 0.328081 0.925602
vt 0.336639 0.925602
vt 0.336639 0.978447
vt 0.880919 0.451496
vt 0.829908 0.465296
vt 0.817538 0.419572
vt 0.868547 0.405773
vt 0.394825 0.620453
vt 0.343954 0.606153
vt 0.356772 0.560553
vt 0.407646 0.574854
vt 0.532746 0.912514
vt 0.481873 0.926814
vt 0.469055 0.881215
vt 0.519925 0.866915
vt 0.843824 0.059900
vt 0.792954 0.045601
vt 0.805772 0.000000
vt 0.856646 0.014301
vt 0.792627 0.931356
vt 0.756730 0.931356
vt 0.756730 0.878517
vt 0.792627 0.878517
vt 0.722168 0.712419
vt 0.671157 0.726219
vt 0.658788 0.680495
vt 0.709796 0.666696
vt 0.627972 0.262801
vt 0.589859 0.262801
vt 0.589859 0.241368
vt 0.627972 0.241368
vt 0.000000 0.279121
vt 0.000000 0.243225
vt 0.469055 0.241127
vt 0.000000 0.370819
vt 0.000000 0.364185
vt 0.469054 0.449293
vt 0.469054 0.482737
vt 0.469054 0.361932
vt 0.000000 0.328287
vt 0.814456 0.717939
vt 0.846652 0.726990
vt 0.000000 0.236591
vt 0.000000 0.200693
vt 0.992019 0.814344
vt 0.985384 0.814344
vt 0.985384 0.726989
vt 0.992019 0.726989
vt 0.526781 0.691612
vt 0.558977 0.682562
vt 0.718377 0.491469
vt 0.750660 0.482736
vt 0.786663 0.244253
vt 0.754467 0.235203
vt 0.209255 0.569602
vt 0.241450 0.560552
vt 0.469055 0.000000
vt 0.537824 0.000000
vt 0.077720 0.918541
vt 0.077720 0.911905
vt 0.120517 0.911905
vt 0.120517 0.918541
vt 0.898926 0.916723
vt 0.898926 0.923357
vt 0.877527 0.923357
vt 0.877527 0.916723
vt 0.077720 0.760378
vt 0.120517 0.760378
vt 0.469055 0.328488
vt 0.469055 0.361932
vt 0.469055 0.241127
vt 0.459755 0.596448
vt 0.440167 0.596448
vt 0.440167 0.560552
vt 0.459755 0.560552
vt 0.575937 0.042865
vt 0.575937 0.000000
vt 0.696741 0.000000
vt 0.696741 0.042865
vt 0.877527 0.726989
vt 0.877527 0.878517
vt 0.756730 0.726989
vt 0.915481 0.244253
vt 0.951378 0.244253
vt 0.589859 0.279894
vt 0.469054 0.284233
vt 0.469054 0.279894
vt 0.223322 0.804805
vt 0.259219 0.804805
vt 0.469055 0.151527
vt 0.469055 0.158163
vt 0.469055 0.194059
vt 0.469055 0.200693
vt 0.469055 0.236591
vt 0.469055 0.243225
vt 0.469055 0.279121
vt 0.469055 0.285757
vt 0.469055 0.321653
vt 0.469055 0.328287
vt 0.469055 0.364185
vt 0.469055 0.370819
vt 0.469055 0.382116
vt 0.469055 0.560553
vt 0.400286 0.560553
vt 0.362173 0.560553
vt 0.241368 0.560553
vt 0.241368 0.471615
vt 0.241368 0.465685
vt 0.241368 0.459757
vt 0.241368 0.453827
vt 0.241368 0.447899
vt 0.241368 0.441969
vt 0.241368 0.436039
vt 0.241368 0.430111
vt 0.241368 0.424181
vt 0.241368 0.418253
vt 0.241368 0.412323
vt 0.241368 0.406393
vt 0.241368 0.400465
vt 0.241368 0.394535
vt 0.241368 0.370819
vt 0.241368 0.364185
vt 0.241368 0.328287
vt 0.241368 0.321653
vt 0.241368 0.285757
vt 0.241368 0.279121
vt 0.241368 0.243225
vt 0.241368 0.236591
vt 0.241368 0.200693
vt 0.241368 0.194059
vt 0.241368 0.158163
vt 0.241368 0.151527
vt 0.241368 0.000000
vt 0.362173 0.000000
vt 0.400286 0.000000
vt 0.469055 0.000000
vt 0.469055 0.241368
vt 0.077720 0.760378
vt 0.077720 0.911905
vt 0.550904 0.171277
vt 0.549505 0.179263
vt 0.696741 0.262801
vt 0.696741 0.241368
vt 0.619017 0.475261
vt 0.619017 0.482736
vt 0.852943 0.660611
vt 0.616290 0.420631
vt 0.696741 0.284233
vt 0.651991 0.906972
vt 0.644516 0.906972
vt 0.792627 0.878517
vt 0.828524 0.878517
vt 0.972115 0.807514
vt 0.936218 0.807514
vt 0.864420 0.959043
vt 0.828524 0.959043
vt 0.957260 0.241400
vt 0.921363 0.241400
vt 0.792627 0.959043
vt 0.756730 0.959043
vt 0.483982 0.944763
vt 0.483982 0.962711
vt 0.476519 0.962711
vt 0.476519 0.944763
vt 0.491446 0.944762
vt 0.491446 0.962711
vt 0.483982 0.944762
vt 0.476519 0.944763
vt 0.469055 0.962711
vt 0.469055 0.944763
vt 0.151527 0.760378
vt 0.000000 0.760378
vt 0.498909 0.944763
vt 0.498909 0.962711
vt 0.491446 0.962711
vt 0.491446 0.944763
vt 0.506372 0.944763
vt 0.506372 0.962711
vt 0.498909 0.962711
vt 0.498909 0.944763
vt 0.756730 0.710814
vt 0.748137 0.713138
vt 0.295115 0.925602
vt 0.259218 0.925602
vt 0.259218 0.804805
vt 0.295115 0.804805
vt 0.402806 0.804805
vt 0.438703 0.804805
vt 0.438703 0.925602
vt 0.402806 0.925602
vt 0.331012 0.804805
vt 0.366909 0.804805
vt 0.366909 0.925602
vt 0.331012 0.925602
vt 0.331012 0.804805
vt 0.331012 0.925602
vt 0.295115 0.925602
vt 0.366909 0.804805
vt 0.366909 0.925602
vt 0.187425 0.804805
vt 0.151528 0.804805
vt 0.187425 0.804805
vt 0.957260 0.000000
vt 0.120517 0.881182
vt 0.120517 0.760378
vt 0.143763 0.760378
vt 0.143763 0.881182
vt 0.440167 0.887379
vt 0.440167 0.766574
vt 0.463413 0.766574
vt 0.463413 0.887379
vt 0.459755 0.603083
vt 0.440167 0.603083
vt 0.459755 0.645614
vt 0.440167 0.645614
vt 0.440167 0.638980
vt 0.459755 0.638980
vt 0.459755 0.681511
vt 0.440167 0.681511
vt 0.459755 0.688146
vt 0.440167 0.688146
vt 0.459755 0.724042
vt 0.440167 0.724042
vt 0.459755 0.730677
vt 0.440167 0.730677
vt 0.459755 0.766573
vt 0.440167 0.766573
vt 0.433876 0.804806
vt 0.401680 0.795755
vt 0.305467 0.569602
vt 0.337663 0.560552
vt 0.882876 0.244253
vt 0.850680 0.235203
vt 0.651150 0.682562
vt 0.657784 0.682562
vt 0.978749 0.726989
vt 0.972115 0.726989
vt 0.985384 0.951401
vt 0.978749 0.951401
vt 0.644516 0.682562
vt 0.989112 0.576171
vt 0.995746 0.576171
vt 0.995746 0.663527
vt 0.989112 0.663527
vt 0.658626 0.906972
vt 0.658626 0.994328
vt 0.651991 0.994328
vt 0.651991 0.906972
vt 0.985384 0.989056
vt 0.985384 0.901700
vt 0.992018 0.901700
vt 0.992018 0.989056
vt 0.992018 0.901700
vt 0.985384 0.901700
vt 0.985384 0.814345
vt 0.992018 0.814345
vt 0.469055 0.490200
vt 0.469055 0.482737
vt 0.480913 0.482737
vt 0.492771 0.482737
vt 0.504631 0.482737
vt 0.516489 0.482737
vt 0.528347 0.482737
vt 0.540205 0.482737
vt 0.552063 0.482737
vt 0.557993 0.482737
vt 0.563921 0.482737
vt 0.569851 0.482737
vt 0.575781 0.482737
vt 0.581709 0.482737
vt 0.587639 0.482737
vt 0.593567 0.482737
vt 0.599497 0.482737
vt 0.605427 0.482737
vt 0.611355 0.482737
vt 0.617285 0.482737
vt 0.623213 0.482737
vt 0.629143 0.482737
vt 0.635071 0.482737
vt 0.646931 0.482737
vt 0.658789 0.482737
vt 0.658789 0.490200
vt 0.852943 0.482736
vt 0.904766 0.482736
vt 0.904766 0.494595
vt 0.852943 0.494595
vt 0.904766 0.506453
vt 0.852943 0.506453
vt 0.852943 0.512382
vt 0.904766 0.512382
vt 0.904766 0.518311
vt 0.852943 0.518311
vt 0.852943 0.524240
vt 0.904766 0.524240
vt 0.904766 0.530169
vt 0.852943 0.530169
vt 0.852943 0.536098
vt 0.904766 0.536098
vt 0.904766 0.542028
vt 0.852943 0.542028
vt 0.852943 0.547957
vt 0.904766 0.547957
vt 0.904766 0.553886
vt 0.852943 0.553886
vt 0.852943 0.559815
vt 0.904766 0.559815
vt 0.904766 0.565744
vt 0.852943 0.565744
vt 0.852943 0.571673
vt 0.904766 0.571673
vt 0.904766 0.577603
vt 0.852943 0.577603
vt 0.852943 0.583532
vt 0.904766 0.583532
vt 0.904766 0.589461
vt 0.852943 0.589461
vt 0.904766 0.601319
vt 0.852943 0.601319
vt 0.904766 0.613178
vt 0.852943 0.613178
vt 0.904766 0.625036
vt 0.852943 0.625036
vt 0.904766 0.636894
vt 0.852943 0.636894
vt 0.904766 0.648753
vt 0.852943 0.648753
vt 0.898926 0.815928
vt 0.877527 0.815928
vt 0.877527 0.726990
vt 0.898926 0.726990
vt 0.714528 0.482319
vt 0.708599 0.482319
vt 0.708599 0.469883
vt 0.714528 0.469883
vt 0.702670 0.482319
vt 0.702670 0.469883
vt 0.708599 0.469883
vt 0.708599 0.482319
vt 0.720458 0.469883
vt 0.720458 0.482319
vt 0.714529 0.482319
vt 0.714529 0.469883
vt 0.042865 0.382116
vt 0.038526 0.382116
vt 0.021432 0.382116
vt 0.000000 0.382116
vt 0.021432 0.560553
vt 0.000000 0.560553
vt 0.930663 0.482736
vt 0.930663 0.494595
vt 0.930663 0.506453
vt 0.930663 0.512382
vt 0.930663 0.518311
vt 0.930663 0.524240
vt 0.930663 0.530169
vt 0.930663 0.536098
vt 0.930663 0.542027
vt 0.930663 0.547957
vt 0.930663 0.553886
vt 0.930663 0.559815
vt 0.930663 0.565744
vt 0.930663 0.571673
vt 0.930663 0.577603
vt 0.930663 0.583532
vt 0.930663 0.589461
vt 0.930663 0.601319
vt 0.930663 0.613178
vt 0.930663 0.625036
vt 0.930663 0.636894
vt 0.930663 0.648753
vt 0.186525 0.560553
vt 0.178540 0.560553
vt 0.920325 0.916723
vt 0.920325 0.726990
vt 0.936218 0.726990
vt 0.936218 0.916723
vt 0.042865 0.560553
vt 0.233892 0.560553
vt 0.038526 0.560553
vt 0.898926 0.893005
vt 0.877527 0.893005
vt 0.137611 0.953108
vt 0.120517 0.953108
vt 0.137611 0.881182
vt 0.903597 0.923357
vt 0.920691 0.923357
vt 0.920691 0.995283
vt 0.903597 0.995283
vt 0.974353 0.215777
vt 0.957260 0.215777
vt 0.957260 0.143852
vt 0.974353 0.143852
vt 0.357056 0.997528
vt 0.351127 0.997528
vt 0.351127 0.925602
vt 0.357056 0.925602
vt 0.565267 0.924311
vt 0.582361 0.924311
vt 0.582361 0.996237
vt 0.565267 0.996237
vt 0.524160 0.935777
vt 0.518231 0.935777
vt 0.518231 0.926814
vt 0.524160 0.926814
vt 0.259219 0.925602
vt 0.276312 0.925602
vt 0.276312 0.997528
vt 0.259219 0.997528
vt 0.915993 0.726990
vt 0.915993 0.815928
vt 0.696741 0.279894
vt 0.627972 0.279894
vt 0.469054 0.262801
vt 0.469054 0.241368
vt 0.915993 0.916723
vt 0.915993 0.923357
vt 0.920325 0.923357
vt 0.915993 0.893005
vt 0.915993 0.887077
vt 0.915993 0.881147
vt 0.915993 0.875219
vt 0.915993 0.869289
vt 0.915993 0.863359
vt 0.915993 0.857431
vt 0.915993 0.851501
vt 0.915993 0.845573
vt 0.915993 0.839643
vt 0.915993 0.833715
vt 0.915993 0.827785
vt 0.915993 0.821856
vt 0.898926 0.887077
vt 0.898926 0.881147
vt 0.877527 0.887077
vt 0.877527 0.881147
vt 0.898926 0.875219
vt 0.898926 0.869289
vt 0.877527 0.875219
vt 0.877527 0.869289
vt 0.898926 0.863359
vt 0.898926 0.857431
vt 0.877527 0.863359
vt 0.877527 0.857431
vt 0.898926 0.851501
vt 0.898926 0.845573
vt 0.877527 0.851501
vt 0.877527 0.845573
vt 0.898926 0.839643
vt 0.898926 0.833715
vt 0.877527 0.839643
vt 0.877527 0.833715
vt 0.898926 0.827785
vt 0.898926 0.821856
vt 0.877527 0.827785
vt 0.877527 0.821856
vt 0.658789 0.544897
vt 0.469055 0.544897
vt 0.241368 0.382677
vt 0.241368 0.394535
vt 0.241368 0.400465
vt 0.241368 0.406393
vt 0.241368 0.412323
vt 0.241368 0.418253
vt 0.241368 0.424181
vt 0.241368 0.430111
vt 0.241368 0.436039
vt 0.241368 0.441969
vt 0.241368 0.447899
vt 0.241368 0.453827
vt 0.241368 0.459757
vt 0.241368 0.465685
vt 0.241368 0.471615
vt 0.241368 0.477545
vt 0.241368 0.489403
vt 0.241368 0.501261
vt 0.241368 0.513119
vt 0.241368 0.524977
vt 0.241368 0.536835
vt 0.241368 0.548695
vt 0.241368 0.560553
vt 0.919975 0.226870
vt 0.914046 0.226870
vt 0.914046 0.209803
vt 0.919975 0.209803
vt 0.524160 0.952843
vt 0.518231 0.952843
vt 0.512302 0.952843
vt 0.506373 0.952843
vt 0.506373 0.935777
vt 0.512302 0.935777
vt 0.149693 0.873033
vt 0.143764 0.873033
vt 0.143764 0.855966
vt 0.149693 0.855966
vt 0.439366 0.951631
vt 0.433437 0.951631
vt 0.433437 0.934564
vt 0.439366 0.934564
vt 0.530089 0.952843
vt 0.530089 0.935777
vt 0.894621 0.923357
vt 0.894621 0.995283
vt 0.877527 0.995283
vt 0.738245 0.469883
vt 0.738245 0.482319
vt 0.732316 0.482319
vt 0.732316 0.469883
vt 0.617407 0.924311
vt 0.634501 0.924311
vt 0.634501 0.996237
vt 0.617407 0.996237
vt 0.433437 0.925602
vt 0.439366 0.925602
vt 0.118278 0.990466
vt 0.112349 0.990466
vt 0.112349 0.918540
vt 0.118278 0.918540
vt 0.967296 0.244253
vt 0.984389 0.244253
vt 0.984389 0.316179
vt 0.967296 0.316179
vt 0.374844 0.997528
vt 0.368915 0.997528
vt 0.368915 0.925602
vt 0.374844 0.925602
vt 0.094814 0.990466
vt 0.077720 0.990466
vt 0.077720 0.918540
vt 0.094814 0.918540
vt 0.726387 0.469883
vt 0.726387 0.482319
vt 0.993366 0.244253
vt 0.993366 0.316179
vt 0.368914 0.997528
vt 0.362985 0.997528
vt 0.362985 0.925602
vt 0.368914 0.925602
vt 0.974353 0.143851
vt 0.957260 0.143851
vt 0.957260 0.071926
vt 0.974353 0.071926
vt 0.968471 0.436983
vt 0.951378 0.436983
vt 0.951378 0.365057
vt 0.968471 0.365057
vt 0.914046 0.200841
vt 0.919975 0.200841
vt 0.345198 0.997528
vt 0.345198 0.925602
vt 0.935596 0.995282
vt 0.929667 0.995282
vt 0.929667 0.923357
vt 0.935596 0.923357
vt 0.974353 0.000000
vt 0.591337 0.924311
vt 0.608431 0.924311
vt 0.608431 0.996237
vt 0.591337 0.996237
vt 0.457261 0.959304
vt 0.440167 0.959304
vt 0.440167 0.887378
vt 0.457261 0.887378
vt 0.491446 0.926814
vt 0.483982 0.926814
vt 0.796259 0.451934
vt 0.796259 0.433986
vt 0.804804 0.433986
vt 0.804804 0.451934
vt 0.936218 0.962954
vt 0.936218 0.885234
vt 0.483982 0.926815
vt 0.476519 0.926815
vt 0.285288 0.978447
vt 0.285288 0.925602
vt 0.293846 0.925602
vt 0.293846 0.978447
vt 0.936218 0.885234
vt 0.936218 0.807514
vt 0.506372 0.926815
vt 0.498909 0.926815
vt 0.982478 0.715896
vt 0.310965 0.978447
vt 0.310965 0.925602
vt 0.319523 0.925602
vt 0.319523 0.978447
vt 0.498909 0.926814
vt 0.491446 0.926814
vt 0.796259 0.469882
vt 0.804804 0.469882
vt 0.946581 0.560456
vt 0.469055 0.926815
vt 0.946581 0.560456
vt 0.946581 0.482736
vt 0.924736 0.725314
vt 0.924736 0.672469
vt 0.933294 0.672469
vt 0.933294 0.725314
vt 0.951378 0.457972
vt 0.951378 0.405127
vt 0.924736 0.725314
vt 0.924736 0.672469
vt 0.225334 0.194059
vt 0.225334 0.176111
vt 0.941853 0.672469
vt 0.941853 0.725314
vt 0.424892 0.925602
vt 0.433437 0.925602
vt 0.804804 0.469883
vt 0.813349 0.451934
vt 0.813349 0.469883
vt 0.225334 0.321653
vt 0.804804 0.433986
vt 0.813349 0.433986
vt 0.225334 0.364185
vt 0.225334 0.346235
vt 0.302404 0.978447
vt 0.302404 0.925602
vt 0.310963 0.925602
vt 0.310963 0.978447
vt 0.225334 0.158163
vt 0.225334 0.279121
vt 0.416348 0.961499
vt 0.416348 0.943551
vt 0.424892 0.943551
vt 0.424892 0.961499
vt 0.345198 0.978447
vt 0.416348 0.925602
vt 0.424892 0.925602
vt 0.225334 0.328287
vt 0.951378 0.472880
vt 0.951378 0.454931
vt 0.959923 0.454931
vt 0.959923 0.472880
vt 0.225334 0.236591
vt 0.225334 0.218643
vt 0.951378 0.436983
vt 0.959923 0.436983
vt 0.225334 0.200693
vt 0.302404 0.925602
vt 0.302404 0.978447
vt 0.946580 0.660612
vt 0.946580 0.672470
vt 0.930663 0.672470
vt 0.930663 0.660612
vt 0.998395 0.482737
vt 0.998395 0.570098
vt 0.982478 0.576171
vt 0.982478 0.482737
vt 0.946580 0.619108
vt 0.946580 0.625036
vt 0.930663 0.625036
vt 0.930663 0.619108
vt 0.993365 0.371131
vt 0.993365 0.458492
vt 0.977448 0.458492
vt 0.977448 0.365057
vt 0.936218 0.923357
vt 0.589859 0.300151
vt 0.469054 0.300151
vt 0.946580 0.630966
vt 0.946580 0.636894
vt 0.930663 0.630966
vt 0.967296 0.244253
vt 0.967296 0.365057
vt 0.951378 0.365057
vt 0.951378 0.244253
vt 0.946580 0.482737
vt 0.946580 0.494595
vt 0.930663 0.482737
vt 0.946580 0.642824
vt 0.946580 0.648752
vt 0.930663 0.648752
vt 0.930663 0.642824
vt 0.817538 0.465296
vt 0.824172 0.465296
vt 0.824172 0.481223
vt 0.817538 0.481223
vt 0.989112 0.669600
vt 0.982478 0.669600
vt 0.696741 0.267969
vt 0.696741 0.256111
vt 0.696741 0.244253
vt 0.817538 0.244253
vt 0.817538 0.433986
vt 0.696741 0.433986
vt 0.696741 0.422128
vt 0.696741 0.410269
vt 0.696741 0.398411
vt 0.696741 0.386552
vt 0.696741 0.374694
vt 0.696741 0.362836
vt 0.696741 0.350977
vt 0.696741 0.345048
vt 0.696741 0.339119
vt 0.696741 0.333190
vt 0.696741 0.327261
vt 0.696741 0.321332
vt 0.696741 0.315403
vt 0.696741 0.309474
vt 0.696741 0.303545
vt 0.696741 0.297615
vt 0.696741 0.291686
vt 0.696741 0.285757
vt 0.696741 0.279828
vt 0.696741 0.273899
vt 0.946580 0.607248
vt 0.946580 0.613178
vt 0.930663 0.613178
vt 0.930663 0.607248
vt 0.946580 0.595390
vt 0.946580 0.601320
vt 0.930663 0.601320
vt 0.930663 0.595390
vt 0.946580 0.589462
vt 0.930663 0.589462
vt 0.946580 0.577602
vt 0.946580 0.583532
vt 0.930663 0.583532
vt 0.930663 0.577602
vt 0.946580 0.565744
vt 0.946580 0.571674
vt 0.930663 0.571674
vt 0.946580 0.553886
vt 0.930663 0.553886
vt 0.946580 0.542028
vt 0.930663 0.542028
vt 0.946580 0.530170
vt 0.930663 0.530170
vt 0.946580 0.518312
vt 0.930663 0.518312
vt 0.946580 0.506453
vt 0.398560 0.925602
vt 0.404489 0.925602
vt 0.404489 0.997523
vt 0.398560 0.997523
vt 0.392631 0.925602
vt 0.392631 0.997523
vt 0.410419 0.925602
vt 0.416348 0.925602
vt 0.416348 0.997523
vt 0.410419 0.997523
vt 0.404490 0.997523
vt 0.404490 0.925602
vt 0.380773 0.925602
vt 0.380773 0.997523
vt 0.374844 0.997523
vt 0.386702 0.997523
vt 0.386702 0.925602
vt 0.983330 0.143852
vt 0.983330 0.215777
vt 0.530089 0.926814
vt 0.983330 0.000000
vt 0.983330 0.071926
vt 0.146587 0.881182
vt 0.146587 0.953108
vt 0.466237 0.887378
vt 0.466237 0.959304
vt 0.506373 0.926814
vt 0.512302 0.926814
vt 0.726387 0.482319
vt 0.726387 0.469883
vt 0.285289 0.925602
vt 0.285289 0.997528
vt 0.983330 0.143851
vt 0.643477 0.924311
vt 0.643477 0.996237
vt 0.103790 0.918540
vt 0.103790 0.990466
vt 0.929667 0.923357
vt 0.929667 0.995283
vt 0.977448 0.436983
vt 0.702670 0.469883
vt 0.702670 0.482319
vt 0.696741 0.482319
vt 0.696741 0.469883
vt 0.143764 0.847004
vt 0.149693 0.847004
s 0
usemtl dam
f 1272/2486/18 1275/2487/18 1334/2488/18 1330/2489/18
f 1253/2490/19 1257/2491/19 1280/2492/19 1264/2493/19
f 1309/2494/19 1313/2495/19 1281/2496/19 1263/2497/19
f 1304/2498/19 1308/2499/19 1282/2500/19 1262/2501/19
f 1300/2502/19 1303/2503/19 1283/2504/19 1261/2505/19
f 1295/2506/19 1299/2507/19 1284/2508/19 1260/2509/19
f 1291/2510/19 1294/2511/19 1285/2512/19 1259/2513/19
f 1287/2514/20 1290/2515/20 1274/2516/20 1273/2517/20
f 1292/2518/20 1293/2519/20 1275/2520/20 1272/2521/20
f 1297/2522/20 1298/2523/20 1276/2524/20 1271/2525/20
f 1301/2526/20 1302/2527/20 1277/2528/20 1270/2529/20
f 1306/2530/20 1307/2531/20 1278/2519/20 1269/2518/20
f 1311/2532/20 1312/2533/20 1279/2534/20 1268/2535/20
f 1421/2536/21 1420/2537/21 1431/2538/21 1401/2539/21
f 1419/2540/21 1418/2541/21 1429/2542/21 1430/2543/21
f 1408/2544/22 1431/2545/22 1420/2546/22 1506/2547/22
f 1417/2548/21 1416/2549/21 1427/2550/21 1428/2551/21
f 1488/2552/18 1341/2553/18 1508/2554/18 1490/2555/18
f 1362/2556/23 1412/2557/23 1413/2558/23 1353/2559/23
f 1365/2560/23 1414/2536/23 1415/2561/23 1354/2562/23
f 1367/2563/23 1416/2549/23 1417/2548/23 1355/2564/23
f 1369/2565/23 1418/2541/23 1419/2540/23 1356/2566/23
f 1370/2567/23 1420/2537/23 1421/2536/23 1357/2560/23
f 1371/2568/23 1422/2569/23 1411/2570/23 1358/2571/23
f 1351/2572/19 1254/2573/19 1265/2574/19 1359/2575/19
f 1259/2513/19 1285/2512/19 1288/2576/19 1289/2577/19
f 1361/2578/19 1267/2579/19 1286/2580/19 1363/2581/19
f 1360/2582/19 1434/2583/19 1433/2584/19 1364/2585/19
f 1479/2586/18 1477/2587/18 1254/2588/18 1351/2589/18
f 1253/2490/19 1264/2493/19 1450/2590/19 1443/2591/19
f 1273/2592/18 1274/2593/18 1333/2594/18 1332/2595/18
f 1260/2509/19 1284/2508/19 1294/2511/19 1291/2510/19
f 1438/2596/19 1435/2597/19 1296/2598/19 1366/2599/19
f 1487/2600/22 1352/2601/22 1256/2602/22 1486/2603/22
f 1261/2505/19 1283/2504/19 1299/2507/19 1295/2506/19
f 1439/2604/19 1266/2605/19 1436/2606/19 1368/2607/19
f 1293/2608/22 1292/2609/22 1331/2610/22 1344/2611/22
f 1262/2501/19 1282/2500/19 1303/2503/19 1300/2502/19
f 1440/2612/19 1437/2613/19 1305/2614/19 1441/2615/19
f 1295/2506/19 1260/2509/19 1446/2616/19 1453/2617/19
f 1290/2618/22 1287/2619/22 1318/2620/22 1342/2621/22
f 1263/2497/19 1281/2496/19 1308/2499/19 1304/2498/19
f 1359/2575/19 1265/2574/19 1310/2622/19 1442/2623/19
f 1298/2624/22 1297/2625/22 1329/2626/22 1345/2627/22
f 1309/2494/19 1263/2497/19 1449/2628/19 1456/2629/19
f 1484/2630/22 1485/2631/22 1316/2632/22 1317/2633/22
f 1264/2493/19 1280/2492/19 1313/2495/19 1309/2494/19
f 1379/2634/23 1502/2635/23 1315/2636/23 1372/2637/23
f 1322/2638/24 1321/2639/24 1314/2640/24 1319/2641/24
f 1316/2642/24 1342/2643/24 1318/2644/24 1777/2645/24 1540/2646/24 1778/2647/24 1779/2648/24 1637/2649/24 1780/2650/24 1644/2651/24 1541/2652/24 1651/2653/24 1542/2654/24 1658/2655/24 1543/2656/24 1665/2657/24 1544/2658/24 1672/2659/24 1545/2660/24 1546/2661/24 1547/2662/24 1548/2663/24 1549/2664/24 1781/2665/24 1773/2666/24 1317/2667/24
f 1377/2668/18 1339/2669/18 1736/2670/18 1266/2671/18 1439/2672/18 1499/2673/18
f 1332/2674/24 1333/2675/24 1344/2676/24 1331/2677/24
f 1437/2678/22 1740/2679/22 1760/2680/22 1750/2681/22
f 1330/2682/24 1334/2683/24 1345/2684/24 1329/2685/24
f 1498/2686/25 1499/2687/25 1439/2688/25 1441/2689/25
f 1328/2690/24 1335/2691/24 1347/2692/24 1327/2693/24
f 1506/2694/22 1384/2695/22 1498/2696/22 1441/2697/22 1305/2698/22 1737/2699/22
f 1326/2700/24 1336/2701/24 1348/2702/24 1325/2703/24
f 1436/2606/19 1716/2704/19 1744/2705/19 1745/2706/19
f 1324/2707/24 1337/2708/24 1350/2691/24 1323/2690/24
f 1271/2709/18 1276/2710/18 1335/2711/18 1328/2712/18
f 1270/2713/18 1277/2714/18 1336/2715/18 1326/2716/18
f 1371/2717/22 1312/2718/22 1350/2719/22 1385/2720/22
f 1269/2721/18 1278/2722/18 1337/2723/18 1324/2724/18
f 1370/2725/22 1307/2726/22 1348/2727/22 1384/2695/22
f 1353/2728/18 1413/2729/18 1503/2730/18 1374/2731/18
f 1268/2732/18 1279/2733/18 1321/2734/18 1322/2735/18
f 1354/2736/18 1415/2737/18 1338/2738/18 1375/2739/18
f 1369/2740/22 1302/2741/22 1347/2742/22 1383/2743/22
f 1312/2718/22 1311/2744/22 1323/2745/22 1350/2719/22
f 1355/2746/18 1417/2747/18 1505/2748/18 1376/2749/18
f 1367/2750/22 1298/2624/22 1345/2627/22 1382/2751/22
f 1307/2726/22 1306/2752/22 1325/2753/22 1348/2727/22
f 1356/2754/18 1419/2755/18 1339/2669/18 1377/2668/18
f 1357/2756/18 1421/2757/18 1340/2758/18 1378/2759/18
f 1365/2760/22 1293/2608/22 1344/2611/22 1381/2761/22
f 1302/2741/22 1301/2762/22 1327/2763/22 1347/2742/22
f 1362/2764/22 1290/2618/22 1342/2621/22 1380/2765/22
f 1358/2766/18 1411/2767/18 1502/2768/18 1379/2769/18
f 1476/2770/18 1257/2771/18 1253/2772/18 1478/2773/18
f 1279/2733/18 1358/2766/18 1379/2769/18 1321/2734/18
f 1412/2774/22 1362/2764/22 1380/2765/22 1341/2775/22
f 1414/2776/22 1365/2760/22 1381/2761/22 1343/2777/22
f 1278/2722/18 1357/2756/18 1378/2759/18 1337/2723/18
f 1277/2714/18 1356/2754/18 1377/2668/18 1336/2715/18
f 1416/2778/22 1367/2750/22 1382/2751/22 1504/2779/22
f 1276/2710/18 1355/2746/18 1376/2749/18 1335/2711/18
f 1418/2780/22 1369/2740/22 1383/2743/22 1346/2781/22
f 1275/2487/18 1354/2736/18 1375/2739/18 1334/2488/18
f 1274/2593/18 1353/2728/18 1374/2731/18 1333/2594/18
f 1420/2782/22 1370/2725/22 1384/2695/22 1506/2694/22
f 1422/2783/22 1371/2717/22 1385/2720/22 1349/2784/22
f 1337/2708/26 1378/2785/26 1385/2786/26 1350/2691/26
f 1336/2701/26 1377/2787/26 1384/2788/26 1348/2702/26
f 1335/2691/26 1376/2786/26 1383/2789/26 1347/2692/26
f 1334/2683/26 1375/2790/26 1382/2791/26 1345/2684/26
f 1333/2675/26 1374/2792/26 1381/2793/26 1344/2676/26
f 1321/2639/26 1379/2634/26 1372/2637/26 1314/2640/26
f 1280/2492/19 1359/2575/19 1442/2623/19 1313/2495/19
f 1281/2496/19 1440/2612/19 1441/2615/19 1308/2499/19
f 1282/2500/19 1439/2604/19 1368/2607/19 1303/2503/19
f 1485/2631/22 1258/2794/22 1352/2601/22 1487/2600/22
f 1283/2504/19 1438/2596/19 1366/2599/19 1299/2507/19
f 1476/2770/18 1479/2586/18 1351/2589/18 1257/2771/18
f 1284/2508/19 1360/2582/19 1364/2585/19 1294/2511/19
f 1285/2512/19 1361/2578/19 1363/2581/19 1288/2576/19
f 1294/2511/19 1364/2585/19 1361/2578/19 1285/2512/19
f 1299/2507/19 1366/2599/19 1360/2582/19 1284/2508/19
f 1303/2503/19 1368/2607/19 1438/2596/19 1283/2504/19
f 1308/2499/19 1441/2615/19 1439/2604/19 1282/2500/19
f 1313/2495/19 1442/2623/19 1440/2612/19 1281/2496/19
f 1257/2491/19 1351/2572/19 1359/2575/19 1280/2492/19
f 1312/2533/26 1371/2568/26 1358/2571/26 1279/2534/26
f 1307/2531/26 1370/2567/26 1357/2560/26 1278/2519/26
f 1302/2527/26 1369/2565/26 1356/2566/26 1277/2528/26
f 1298/2523/26 1367/2563/26 1355/2564/26 1276/2524/26
f 1293/2519/26 1365/2560/26 1354/2562/26 1275/2520/26
f 1290/2515/26 1362/2556/26 1353/2559/26 1274/2516/26
f 1286/2580/19 1267/2579/19 1399/2795/19 1386/2796/19
f 1415/2561/21 1414/2536/21 1426/2539/21 1400/2797/21
f 1503/2798/27 1725/2799/27 1729/2800/27 1728/2801/27
f 1714/2802/27 1506/2803/27 1737/2804/27 1738/2805/27
f 1413/2558/21 1412/2557/21 1424/2806/21 1425/2807/21
f 1725/2799/27 1343/2808/27 1727/2809/27 1729/2800/27
f 1724/2810/19 1433/2584/19 1398/2811/19 1723/2812/19
f 1386/2813/25 1399/2814/25 1425/2815/25 1424/2816/25
f 1398/2817/25 1397/2818/25 1400/2819/25 1426/2820/25
f 1396/2821/25 1395/2822/25 1428/2823/25 1427/2824/25
f 1394/2825/25 1393/2826/25 1430/2827/25 1429/2828/25
f 1392/2829/25 1391/2830/25 1401/2831/25 1431/2832/25
f 1390/2833/25 1389/2834/25 1423/2514/25 1432/2835/25
f 1481/2836/25 1482/2837/25 1389/2838/25 1772/2839/25
f 1708/2840/25 1709/2841/25 1409/2842/25 1391/2843/25
f 1712/2844/25 1713/2845/25 1407/2846/25 1393/2847/25
f 1715/2848/25 1718/2849/25 1510/2850/25 1395/2851/25
f 1719/2848/25 1720/2852/25 1404/2853/25 1397/2854/25
f 1723/2855/25 1726/2856/25 1403/2857/25 1399/2858/25
f 1587/2859/25 1588/2860/25 1388/2861/25 1489/2862/25
f 1310/2622/19 1265/2574/19 1389/2863/19 1390/2864/19
f 1763/2865/27 1769/2866/27 1744/2867/27 1762/2868/27
f 1411/2570/21 1422/2569/21 1432/2869/21 1423/2870/21
f 1764/2871/27 1768/2872/27 1742/2873/27 1743/2874/27
f 1717/2875/27 1346/2876/27 1733/2877/27 1735/2878/27
f 1339/2879/27 1714/2802/27 1738/2805/27 1736/2880/27
f 1340/2881/18 1421/2882/18 1401/2883/18 1409/2884/18
f 1412/2774/22 1286/2885/22 1386/2886/22 1424/2887/22
f 1771/2888/27 1746/2871/27 1747/2874/27 1753/2889/27
f 1265/2890/18 1411/2891/18 1423/2892/18 1389/2893/18
f 1436/2606/19 1266/2605/19 1393/2894/19 1394/2895/19
f 1486/2603/22 1256/2602/22 1387/2896/22 1489/2897/22
f 1769/2866/27 1748/2898/27 1745/2899/27 1744/2867/27
f 1477/2587/18 1315/2900/18 1507/2901/18 1481/2902/18
f 1433/2584/19 1434/2583/19 1397/2903/19 1398/2811/19
f 1760/2904/27 1767/2905/27 1749/2906/27 1750/2907/27
f 1339/2908/18 1419/2909/18 1430/2910/18 1407/2911/18
f 1480/2912/22 1265/2913/22 1389/2914/22 1482/2915/22
f 1707/2916/27 1349/2917/27 1739/2918/27 1741/2919/27
f 1340/2920/27 1707/2916/27 1741/2919/27 1740/2921/27
f 1770/2922/27 1757/2923/27 1756/2924/27 1751/2925/27
f 1265/2574/19 1254/2573/19 1772/2926/19 1389/2863/19
f 1305/2614/19 1437/2613/19 1391/2927/19 1392/2928/19
f 1767/2905/27 1766/2929/27 1765/2930/27 1749/2906/27
f 1710/2931/19 1310/2622/19 1390/2864/19 1708/2932/19
f 1505/2933/27 1717/2875/27 1735/2878/27 1734/2934/27
f 1711/2935/19 1305/2614/19 1392/2928/19 1712/2936/19
f 1768/2872/27 1759/2937/27 1758/2938/27 1742/2873/27
f 1716/2704/19 1436/2606/19 1394/2895/19 1715/2939/19
f 1722/2940/27 1504/2941/27 1731/2942/27 1732/2943/27
f 1721/2944/19 1296/2598/19 1396/2945/19 1719/2946/19
f 1296/2598/19 1435/2597/19 1395/2947/19 1396/2945/19
f 1338/2948/27 1722/2940/27 1732/2943/27 1730/2949/27
f 1424/2887/22 1412/2774/22 1341/2775/22 1508/2950/22
f 1413/2729/18 1425/2951/18 1403/2952/18 1503/2730/18
f 1509/2953/22 1426/2954/22 1414/2545/22 1343/2544/22
f 1410/2955/22 1432/2956/22 1422/2957/22 1349/2958/22
f 1502/2959/18 1411/2960/18 1423/2961/18 1402/2962/18
f 1338/2884/18 1415/2963/18 1400/2964/18 1404/2965/18
f 1405/2966/22 1427/2967/22 1416/2968/22 1504/2969/22
f 1406/2970/22 1429/2971/22 1418/2954/22 1346/2953/22
f 1349/2784/22 1385/2720/22 1500/2972/22 1442/2973/22 1310/2974/22 1739/2975/22
f 1740/2976/21 1741/2977/21 1767/2978/21 1760/2979/21
f 1497/2980/25 1496/2981/25 1438/2982/25 1368/2983/25
f 1378/2759/18 1340/2758/18 1740/2984/18 1437/2985/18 1440/2986/18 1501/2987/18
f 1495/2988/25 1494/2989/25 1360/2990/25 1366/2991/25
f 1493/2992/25 1492/2993/25 1361/2994/25 1364/2995/25
f 1296/2598/19 1721/2944/19 1751/2996/19 1756/2997/19
f 1343/2777/22 1381/2761/22 1493/2998/22 1364/2999/22 1433/3000/22 1727/3001/22
f 1737/3002/18 1305/3003/18 1758/3004/18 1759/3005/18
f 1374/2731/18 1503/2730/18 1728/3006/18 1267/3007/18 1361/3008/18 1492/3009/18
f 1504/2779/22 1382/2751/22 1495/3010/22 1366/3011/22 1296/3012/22 1731/3013/22
f 1375/2739/18 1338/2738/18 1730/3014/18 1434/3015/18 1360/3016/18 1494/3017/18
f 1346/2781/22 1383/2743/22 1497/3018/22 1368/3019/22 1436/3020/22 1733/3021/22
f 1500/3022/25 1501/3023/25 1440/3024/25 1442/3025/25
f 1376/2749/18 1505/2748/18 1734/3026/18 1435/3027/18 1438/3028/18 1496/3029/18
f 1608/3030/22 1603/3031/22 1457/3032/22 1491/3033/22
f 1300/2502/19 1261/2505/19 1447/3034/19 1454/3035/19
f 1323/3036/22 1311/3036/22 1461/3036/22
f 1259/2513/19 1289/2577/19 1451/3037/19 1445/3038/19
f 1268/3039/25 1322/3040/25 1460/3041/25
f 1260/2509/19 1291/2510/19 1452/3042/19 1446/2616/19
f 1261/2505/19 1295/2506/19 1453/2617/19 1447/3034/19
f 1519/3043/22 1331/2610/22 1292/2609/22 1538/3044/22
f 1262/2501/19 1300/2502/19 1454/3035/19 1448/3045/19
f 1263/2497/19 1304/2498/19 1455/3046/19 1449/2628/19
f 1291/2510/19 1259/2513/19 1445/3038/19 1452/3042/19
f 1264/2493/19 1309/2494/19 1456/2629/19 1450/2590/19
f 1311/3047/25 1268/3048/25 1460/3049/25 1461/3050/25
f 1304/2498/19 1262/2501/19 1448/3045/19 1455/3046/19
f 1330/2489/18 1518/3051/18 1537/3052/18 1272/2486/18
f 1328/2712/18 1516/3053/18 1535/3054/18 1271/2709/18
f 1306/2752/22 1532/3055/22 1513/3056/22 1325/2753/22
f 1269/2721/18 1324/2724/18 1512/3057/18 1531/3058/18
f 1478/2773/18 1253/2772/18 1443/3059/18 1483/3060/18
f 1461/3061/21 1460/3062/21 1471/3063/21 1468/3064/21
f 1607/3065/21 1606/3066/21 1475/3067/21 1465/3068/21
f 1460/3062/21 1459/3069/21 1470/3070/21 1471/3063/21
f 1273/3071/25 1332/3072/25 1776/3073/25
f 1462/3074/21 1522/3075/21 1521/3076/21 1468/3077/21
f 1319/3078/18 1458/3079/18 1470/3080/18 1459/3081/18
f 1322/3082/25 1319/3083/25 1459/3024/25 1460/3084/25
f 1326/2700/21 1325/2703/21 1513/3085/21 1514/3086/21
f 1619/3087/22 1317/2633/22 1774/3088/22 1620/3089/22
f 1318/3036/22 1287/3036/22 1775/3036/22
f 1324/2707/21 1323/2690/21 1511/3090/21 1512/3091/21
f 1450/3092/27 1456/3093/27 1449/3094/27 1455/3095/27 1448/3096/27 1454/3097/27 1447/3098/27 1453/3099/27 1446/3100/27 1452/3101/27 1445/3102/27 1451/3103/27 1565/3104/27 1444/3105/27 1491/3106/27 1457/3107/27 1469/3108/27 1674/3109/27 1572/3110/27 1667/3111/27 1571/3112/27 1660/3113/27 1570/3114/27 1653/3115/27 1569/3116/27 1646/3117/27 1568/3118/27 1639/3119/27 1567/3120/27 1632/3121/27 1566/3122/27 1465/3123/27 1475/3124/27 1474/3125/27 1473/3126/27 1466/3127/27 1464/3128/27 1472/3129/27 1463/3130/27 1467/3131/27 1462/3132/27 1468/3133/27 1471/3134/27 1470/3135/27 1458/3136/27 1483/3137/27 1443/3138/27
f 1319/3078/18 1478/2773/18 1483/3060/18 1458/3079/18
f 1502/2959/22 1480/2912/22 1482/2915/22 1402/2962/22
f 1254/2588/18 1477/2587/18 1481/2902/18 1772/3139/18
f 1507/3140/25 1402/3141/25 1482/2837/25 1481/2836/25
f 1314/3142/18 1372/3143/18 1479/2586/18 1476/2770/18
f 1314/3142/18 1476/2770/18 1478/2773/18 1319/3078/18
f 1372/3143/18 1315/2900/18 1477/2587/18 1479/2586/18
f 1604/3144/22 1608/3030/22 1491/3033/22 1444/3145/22
f 1320/3146/22 1486/2603/22 1489/2897/22 1388/3147/22
f 1564/3148/25 1587/2859/25 1489/2862/25 1387/2938/25
f 1316/2632/22 1485/2631/22 1487/2600/22 1373/3149/22
f 1255/3150/22 1258/2794/22 1485/2631/22 1484/2630/22
f 1373/3149/22 1487/2600/22 1486/2603/22 1320/3146/22
f 1286/3151/18 1488/2552/18 1490/2555/18 1386/3152/18
f 1381/3153/28 1374/3154/28 1492/2993/28 1493/2992/28
f 1382/3155/28 1375/3156/28 1494/2989/28 1495/2988/28
f 1383/3157/28 1376/3158/28 1496/2981/28 1497/2980/28
f 1384/3159/28 1377/3160/28 1499/2687/28 1498/2686/28
f 1385/3161/28 1378/3162/28 1501/3023/28 1500/3022/28
f 1714/3163/21 1339/3164/21 1407/3165/21 1713/3166/21
f 1707/3167/21 1340/3168/21 1409/3164/21 1709/3169/21
f 1725/3170/21 1503/3165/21 1403/3171/21 1726/3172/21
f 1315/2636/21 1502/2635/21 1402/3173/21 1507/3174/21
f 1722/3175/21 1338/3176/21 1404/3177/21 1720/3178/21
f 1717/3179/21 1505/3180/21 1510/3181/21 1718/3182/21
f 1417/2747/18 1428/3183/18 1510/3184/18 1505/2748/18
f 1512/3185/25 1511/3186/25 1521/3187/25 1522/3188/25
f 1514/3189/25 1513/3190/25 1523/3191/25 1524/3192/25
f 1516/3193/25 1515/3194/25 1525/3195/25 1526/3196/25
f 1518/3188/25 1517/3197/25 1527/3198/25 1528/3199/25
f 1520/3200/25 1519/3189/25 1530/3192/25 1529/3201/25
f 1328/2690/21 1327/2693/21 1515/3202/21 1516/3090/21
f 1330/2682/21 1329/2685/21 1517/3203/21 1518/3204/21
f 1332/2674/21 1331/2677/21 1519/2732/21 1520/3205/21
f 1776/3206/18 1332/3207/18 1520/3208/18 1529/3209/18
f 1323/3210/22 1461/3211/22 1521/3212/22 1511/3213/22
f 1462/3074/21 1467/3214/21 1523/3215/21 1522/3075/21
f 1472/3216/21 1525/3217/21 1524/3218/21 1463/3219/21
f 1463/3219/21 1524/3218/21 1523/3215/21 1467/3214/21
f 1464/3220/21 1526/3221/21 1525/3217/21 1472/3216/21
f 1464/3220/21 1466/3222/21 1527/3223/21 1526/3221/21
f 1473/3224/21 1528/3225/21 1527/3223/21 1466/3222/21
f 1473/3224/21 1474/3226/21 1530/3227/21 1528/3225/21
f 1475/3228/21 1529/3229/21 1530/3227/21 1474/3226/21
f 1297/2625/22 1536/3230/22 1517/3231/22 1329/2626/22
f 1270/2713/18 1326/2716/18 1514/3232/18 1533/3233/18
f 1301/2762/22 1534/3234/22 1515/3235/22 1327/2763/22
f 1269/2518/21 1531/3236/21 1532/3237/21 1306/2530/21
f 1534/3238/21 1301/2526/21 1270/2529/21 1533/3239/21
f 1297/2522/21 1271/2525/21 1535/3240/21 1536/3241/21
f 1272/2521/21 1537/3242/21 1538/3236/21 1292/2518/21
f 1522/3243/25 1523/3244/25 1532/3245/25 1531/3246/25
f 1525/3247/25 1534/3248/25 1533/3249/25 1524/3250/25
f 1527/3251/25 1536/3252/25 1535/3253/25 1526/3254/25
f 1528/3255/25 1530/3256/25 1538/3257/25 1537/3258/25
f 1320/3259/21 1388/3260/21 1588/3261/21 1589/3262/21 1590/3263/21 1591/3264/21 1592/3265/21 1593/3266/21 1594/3267/21 1676/3268/21 1595/3269/21 1669/3270/21 1596/3271/21 1662/3272/21 1597/3273/21 1655/3274/21 1598/3275/21 1648/3276/21 1599/3277/21 1641/3278/21 1600/3279/21 1634/3280/21 1601/3281/21 1602/3282/21 1508/3283/21 1341/3284/21
f 1386/3285/25 1490/3286/25 1573/3287/25 1550/3288/25
f 1550/3288/25 1573/3287/25 1574/3289/25 1551/3290/25
f 1631/3291/25 1633/3292/25 1575/3293/25 1552/3294/25
f 1638/3295/25 1640/3296/25 1576/3297/25 1553/3298/25
f 1645/3299/25 1647/3300/25 1577/3301/25 1554/3302/25
f 1652/3303/25 1654/3304/25 1578/3305/25 1555/3306/25
f 1659/3307/25 1661/3308/25 1579/3309/25 1556/3310/25
f 1666/3311/25 1668/3312/25 1580/3313/25 1557/3314/25
f 1673/3315/25 1675/3316/25 1581/3317/25 1558/3318/25
f 1558/3318/25 1581/3317/25 1582/3319/25 1559/3320/25
f 1559/3320/25 1582/3319/25 1583/3321/25 1560/3322/25
f 1560/3322/25 1583/3321/25 1584/3323/25 1561/3324/25
f 1561/3324/25 1584/3323/25 1585/3325/25 1562/3326/25
f 1562/3326/25 1585/3325/25 1586/3327/25 1563/3328/25
f 1563/3328/25 1586/3327/25 1587/2859/25 1564/3148/25
f 1677/3329/21 1674/3330/21 1469/3331/21 1605/3332/21
f 1816/3333/21 1815/3334/21 1568/3335/21 1646/3336/21
f 1817/3337/21 1569/3338/21 1653/3339/21 1818/3340/21
f 1667/3341/21 1822/3342/21 1821/3343/21 1571/3344/21
f 1289/2577/19 1539/3345/19 1630/3346/19 1616/3347/19 1565/3348/19 1451/3037/19
f 1604/3349/19 1444/3350/19 1565/3348/19 1616/3347/19
f 1490/3286/25 1508/3351/25 1602/3352/25 1573/3287/25
f 1573/3287/25 1602/3352/25 1601/3353/25 1574/3289/25
f 1633/3292/25 1634/3354/25 1600/3355/25 1575/3293/25
f 1640/3296/25 1641/3356/25 1599/3357/25 1576/3297/25
f 1647/3300/25 1648/3358/25 1598/3359/25 1577/3301/25
f 1654/3304/25 1655/3360/25 1597/3361/25 1578/3305/25
f 1661/3308/25 1662/3362/25 1596/3363/25 1579/3309/25
f 1668/3312/25 1669/3364/25 1595/3365/25 1580/3313/25
f 1675/3316/25 1676/3366/25 1594/3367/25 1581/3317/25
f 1581/3317/25 1594/3367/25 1593/3368/25 1582/3319/25
f 1582/3319/25 1593/3368/25 1592/3369/25 1583/3321/25
f 1583/3321/25 1592/3369/25 1591/3370/25 1584/3323/25
f 1584/3323/25 1591/3370/25 1590/3371/25 1585/3325/25
f 1585/3325/25 1590/3371/25 1589/3372/25 1586/3327/25
f 1586/3327/25 1589/3372/25 1588/2860/25 1587/2859/25
f 1363/2581/19 1352/3373/19 1258/3374/19 1288/2576/19
f 1775/3375/21 1774/3376/21 1786/3377/21 1788/3378/21
f 1288/2576/19 1258/3374/19 1255/3379/19 1539/3345/19 1289/2577/19
f 1286/2580/19 1256/3380/19 1352/3373/19 1363/2581/19
f 1617/3381/19 1604/3349/19 1616/3347/19 1630/3346/19
f 1615/3382/21 1607/3065/21 1465/3068/21 1566/3383/21
f 1663/3384/18 1664/3385/18 1702/3206/18 1701/3386/18
f 1626/3387/22 1612/3388/22 1686/3389/22 1685/3390/22
f 1635/3391/18 1636/3392/18 1694/3393/18 1693/3394/18
f 1657/3395/27 1626/3396/27 1685/3397/27 1700/3398/27
f 1625/3399/22 1611/3400/22 1684/3401/22 1683/3402/22
f 1695/3403/21 1690/3404/21 1827/3405/21 1828/3406/21
f 1624/3407/22 1610/3408/22 1682/3409/22 1681/3410/22
f 1620/3411/21 1678/3412/21 1677/3329/21 1605/3332/21
f 1617/3413/22 1622/3414/22 1608/3030/22 1604/3144/22
f 1457/3032/22 1603/3031/22 1605/3415/22 1469/3416/22
f 1618/3417/21 1621/3418/21 1606/3066/21 1607/3065/21
f 1622/3414/22 1619/3087/22 1603/3031/22 1608/3030/22
f 1484/2630/22 1317/2633/22 1619/3087/22 1622/3414/22
f 1775/3375/21 1776/3419/21 1621/3418/21 1618/3417/21
f 1255/3150/22 1484/2630/22 1622/3414/22 1617/3413/22
f 1774/3376/21 1775/3375/21 1618/3417/21 1629/3420/21 1636/3421/21 1628/3422/21 1643/3423/21 1627/3424/21 1650/3425/21 1626/3426/21 1657/3427/21 1625/3428/21 1664/3429/21 1624/3430/21 1671/3431/21 1623/3432/21 1678/3412/21 1620/3411/21
f 1255/3379/19 1617/3381/19 1630/3346/19 1539/3345/19
f 1603/3031/22 1619/3087/22 1620/3089/22 1605/3415/22
f 1628/3422/21 1636/3421/21 1635/3433/21 1614/3434/21
f 1574/3289/25 1601/3353/25 1634/3354/25 1633/3292/25
f 1614/3434/21 1635/3433/21 1632/3435/21 1567/3436/21
f 1551/3290/25 1574/3289/25 1633/3292/25 1631/3291/25
f 1627/3424/21 1643/3423/21 1642/3437/21 1613/3438/21
f 1575/3293/25 1600/3355/25 1641/3356/25 1640/3296/25
f 1613/3438/21 1642/3437/21 1639/3439/21 1568/3440/21
f 1552/3294/25 1575/3293/25 1640/3296/25 1638/3295/25
f 1626/3426/21 1650/3425/21 1649/3441/21 1612/3442/21
f 1576/3297/25 1599/3357/25 1648/3358/25 1647/3300/25
f 1612/3442/21 1649/3441/21 1646/3443/21 1569/3444/21
f 1553/3298/25 1576/3297/25 1647/3300/25 1645/3299/25
f 1625/3428/21 1657/3427/21 1656/3445/21 1611/3446/21
f 1577/3301/25 1598/3359/25 1655/3360/25 1654/3304/25
f 1611/3446/21 1656/3445/21 1653/3447/21 1570/3448/21
f 1554/3302/25 1577/3301/25 1654/3304/25 1652/3303/25
f 1624/3430/21 1664/3429/21 1663/3449/21 1610/3450/21
f 1578/3305/25 1597/3361/25 1662/3362/25 1661/3308/25
f 1610/3450/21 1663/3449/21 1660/3451/21 1571/3452/21
f 1555/3306/25 1578/3305/25 1661/3308/25 1659/3307/25
f 1623/3432/21 1671/3431/21 1670/3453/21 1609/3454/21
f 1579/3309/25 1596/3363/25 1669/3364/25 1668/3312/25
f 1609/3454/21 1670/3453/21 1667/3455/21 1572/3456/21
f 1556/3310/25 1579/3309/25 1668/3312/25 1666/3311/25
f 1320/3259/23 1341/3284/23 1380/3457/23 1373/3458/23
f 1373/3458/26 1380/3457/26 1342/2643/26 1316/2642/26
f 1580/3313/25 1595/3365/25 1676/3366/25 1675/3316/25
f 1286/2580/19 1386/2796/19 1550/3459/19 1551/3460/19 1631/3461/19 1552/3462/19 1638/3463/19 1553/3464/19 1645/3465/19 1554/3466/19 1652/3467/19 1555/3468/19 1659/3469/19 1556/3470/19 1666/3471/19 1557/3472/19 1673/3473/19 1558/3474/19 1559/3475/19 1560/3476/19 1561/3477/19 1562/3478/19 1563/3479/19 1564/3480/19 1387/3481/19 1256/3380/19
f 1618/3417/21 1607/3065/21 1615/3382/21 1629/3420/21
f 1557/3314/25 1580/3313/25 1675/3316/25 1673/3315/25
f 1694/3482/21 1691/3483/21 1692/3484/21 1693/3485/21
f 1696/3486/21 1689/3487/21 1690/3404/21 1695/3403/21
f 1698/3488/21 1687/3489/21 1688/3490/21 1697/3491/21
f 1700/3487/21 1685/3488/21 1686/3491/21 1699/3404/21
f 1702/3492/21 1683/3493/21 1684/3494/21 1701/3495/21
f 1704/3496/21 1681/3497/21 1682/3498/21 1703/3499/21
f 1706/3500/21 1679/3486/21 1680/3403/21 1705/3501/21
f 1627/3067/22 1613/3502/22 1688/3503/22 1687/3504/22
f 1674/3505/21 1824/3506/21 1823/3507/21 1572/3508/21
f 1628/3509/22 1614/3510/22 1690/3511/22 1689/3512/22
f 1703/3499/21 1682/3498/21 1835/3513/21 1836/3514/21
f 1650/3515/27 1627/3516/27 1687/3517/27 1698/3518/27
f 1629/3519/22 1615/3520/22 1692/3521/22 1691/3522/22
f 1678/3523/27 1623/3524/27 1679/3525/27 1706/3526/27
f 1656/3527/18 1657/3528/18 1700/3529/18 1699/3530/18
f 1632/3531/21 1812/3532/21 1811/3342/21 1566/3341/21
f 1692/3521/22 1615/3520/22 1811/3533/22 1825/3534/22
f 1643/3535/27 1628/3536/27 1689/3537/27 1696/3538/27
f 1671/3536/27 1624/3395/27 1681/3398/27 1704/3537/27
f 1649/3539/18 1650/3540/18 1698/3541/18 1697/3542/18
f 1677/3543/18 1678/3544/18 1706/3545/18 1705/3546/18
f 1693/3485/21 1692/3484/21 1825/3547/21 1826/3548/21
f 1636/3396/27 1629/3549/27 1691/3550/27 1694/3397/27
f 1664/3551/27 1625/3552/27 1683/3553/27 1702/3554/27
f 1642/3542/18 1643/3541/18 1696/3205/18 1695/3555/18
f 1623/3556/22 1609/3557/22 1680/3558/22 1679/3559/22
f 1670/3560/18 1671/3561/18 1704/3562/18 1703/3563/18
f 1349/3564/21 1707/3167/21 1709/3169/21 1410/3565/21
f 1738/3566/21 1737/3567/21 1759/3568/21 1768/3569/21
f 1437/2613/19 1710/2931/19 1708/2932/19 1391/2927/19
f 1390/3570/25 1410/3571/25 1709/2841/25 1708/2840/25
f 1506/3572/21 1714/3163/21 1713/3166/21 1408/3573/21
f 1435/3574/22 1734/3575/22 1763/3576/22 1762/3577/22
f 1266/2605/19 1711/2935/19 1712/2936/19 1393/2894/19
f 1392/3578/25 1408/3579/25 1713/2845/25 1712/2844/25
f 1346/3580/21 1717/3179/21 1718/3182/21 1406/3581/21
f 1435/2597/19 1716/2704/19 1715/2939/19 1395/2947/19
f 1394/2854/25 1406/3582/25 1718/2849/25 1715/2848/25
f 1731/3583/18 1296/3584/18 1756/3585/18 1757/3586/18
f 1504/3587/21 1722/3175/21 1720/3178/21 1405/3588/21
f 1736/3589/21 1738/3566/21 1768/3569/21 1764/3590/21
f 1434/2583/19 1721/2944/19 1719/2946/19 1397/2903/19
f 1396/2851/25 1405/3591/25 1720/2852/25 1719/2848/25
f 1343/3573/21 1725/3170/21 1726/3172/21 1509/3592/21
f 1398/3593/25 1509/3594/25 1726/2856/25 1723/2855/25
f 1267/2579/19 1724/2810/19 1723/2812/19 1399/2795/19
f 1267/3595/22 1728/3596/22 1755/3597/22 1754/3598/22
f 1761/3599/27 1770/2922/27 1751/2925/27 1752/3600/27
f 1755/3601/27 1771/2888/27 1753/2889/27 1754/3602/27
f 1710/2931/19 1437/2613/19 1750/3603/19 1749/3604/19
f 1266/3598/22 1736/3597/22 1764/3605/22 1743/3606/22
f 1741/2977/21 1739/3607/21 1766/3608/21 1767/2978/21
f 1728/3609/21 1729/3569/21 1771/3610/21 1755/3611/21
f 1721/2944/19 1434/2583/19 1752/3612/19 1751/2996/19
f 1729/3569/21 1727/3613/21 1746/3614/21 1771/3610/21
f 1724/2810/19 1267/2579/19 1754/3615/19 1753/3616/19
f 1739/3617/18 1310/3618/18 1765/3619/18 1766/3620/18
f 1310/2622/19 1710/2931/19 1749/3604/19 1765/3621/19
f 1716/2704/19 1435/2597/19 1762/3622/19 1744/2705/19
f 1730/3623/21 1732/3624/21 1770/3625/21 1761/3626/21
f 1727/3005/18 1433/3004/18 1747/3550/18 1746/3627/18
f 1732/3624/21 1731/3628/21 1757/3629/21 1770/3625/21
f 1433/2584/19 1724/2810/19 1753/3616/19 1747/3630/19
f 1734/3631/21 1735/3632/21 1769/3633/21 1763/3634/21
f 1711/2935/19 1266/2605/19 1743/3635/19 1742/3636/19
f 1733/3586/18 1436/3585/18 1745/3003/18 1748/3002/18
f 1735/3632/21 1733/3637/21 1748/3638/21 1769/3633/21
f 1305/2614/19 1711/2935/19 1742/3636/19 1758/3639/19
f 1434/3577/22 1730/3576/22 1761/3640/22 1752/3641/22
f 1777/3642/19 1318/3643/19 1787/3644/19 1790/3645/19
f 1775/3646/22 1287/3647/22 1783/3648/22 1788/3649/22
f 1644/3650/19 1780/3651/19 1795/3652/19 1796/3653/19
f 1273/3654/18 1776/3655/18 1789/3656/18 1782/3657/18
f 1776/3419/21 1775/3375/21 1788/3378/21 1789/3658/21
f 1774/3088/22 1317/2633/22 1785/3659/22 1786/3660/22
f 1637/3661/19 1779/3662/19 1793/3371/19 1794/3663/19
f 1318/3664/18 1775/3665/18 1788/3666/18 1787/3667/18
f 1317/3668/19 1773/3669/19 1784/3352/19 1785/3670/19
f 1778/3671/19 1540/3672/19 1791/3673/19 1792/3674/19
f 1287/3675/29 1273/3676/29 1782/3677/29 1783/3678/29
f 1783/3679/25 1782/3680/25 1789/3648/25 1788/3243/25
f 1791/3681/25 1790/3682/25 1787/3683/25 1788/3684/25 1786/3685/25 1785/3686/25 1784/3687/25 1810/3688/25 1809/3689/25 1808/3690/25 1807/3691/25 1806/3692/25 1805/3693/25 1804/3694/25 1803/3695/25 1802/3696/25 1801/3697/25 1800/3698/25 1799/3699/25 1798/3700/25 1797/3701/25 1796/3702/25 1795/3703/25 1794/3704/25 1793/3705/25 1792/3706/25
f 1540/3672/19 1777/3642/19 1790/3645/19 1791/3673/19
f 1651/3707/19 1541/3708/19 1797/3709/19 1798/3710/19
f 1779/3662/19 1778/3671/19 1792/3674/19 1793/3371/19
f 1780/3651/19 1637/3661/19 1794/3663/19 1795/3652/19
f 1541/3708/19 1644/3650/19 1796/3653/19 1797/3709/19
f 1658/3711/19 1542/3712/19 1799/3713/19 1800/3714/19
f 1542/3712/19 1651/3707/19 1798/3710/19 1799/3713/19
f 1543/3715/19 1658/3711/19 1800/3714/19 1801/3716/19
f 1544/3717/19 1665/3718/19 1802/3719/19 1803/3720/19
f 1665/3718/19 1543/3715/19 1801/3716/19 1802/3719/19
f 1545/3721/19 1672/3722/19 1804/3723/19 1805/3363/19
f 1546/3724/19 1545/3721/19 1805/3363/19 1806/3725/19
f 1547/3726/19 1546/3724/19 1806/3725/19 1807/3727/19
f 1672/3722/19 1544/3717/19 1803/3720/19 1804/3723/19
f 1548/3728/19 1547/3726/19 1807/3727/19 1808/3729/19
f 1549/3730/19 1548/3728/19 1808/3729/19 1809/3731/19
f 1781/3732/19 1549/3730/19 1809/3731/19 1810/3353/19
f 1773/3669/19 1781/3732/19 1810/3353/19 1784/3352/19
f 1817/3733/25 1818/3734/25 1832/3735/25 1831/3736/25
f 1815/3737/25 1816/3733/25 1830/3736/25 1829/3738/25
f 1823/3739/25 1824/3740/25 1838/3741/25 1837/3742/25
f 1813/3742/25 1814/3743/25 1828/3744/25 1827/3739/25
f 1821/3526/25 1822/3745/25 1836/3746/25 1835/3747/25
f 1811/3738/25 1812/3748/25 1826/3749/25 1825/3737/25
f 1819/3748/25 1820/3746/25 1834/3745/25 1833/3749/25
f 1635/3391/18 1693/3394/18 1826/3750/18 1812/3751/18
f 1705/3501/21 1680/3403/21 1837/3406/21 1838/3752/21
f 1642/3542/18 1695/3555/18 1828/3753/18 1814/3754/18
f 1663/3384/18 1701/3386/18 1834/3755/18 1820/3756/18
f 1670/3560/18 1703/3563/18 1836/3757/18 1822/3758/18
f 1697/3491/21 1688/3490/21 1829/3759/21 1830/3760/21
f 1639/3508/21 1814/3507/21 1813/3761/21 1567/3762/21
f 1688/3503/22 1613/3502/22 1815/3387/22 1829/3390/22
f 1682/3409/22 1610/3408/22 1821/3763/22 1835/3764/22
f 1649/3539/18 1697/3542/18 1830/3754/18 1816/3765/18
f 1699/3404/21 1686/3491/21 1831/3760/21 1832/3405/21
f 1690/3511/22 1614/3510/22 1813/3766/22 1827/3767/22
f 1656/3527/18 1699/3530/18 1832/3768/18 1818/3769/18
f 1686/3389/22 1612/3388/22 1817/3770/22 1831/3771/22
f 1677/3543/18 1705/3546/18 1838/3657/18 1824/3772/18
f 1660/3773/21 1820/3774/21 1819/3775/21 1570/3776/21
f 1684/3401/22 1611/3400/22 1819/3556/22 1833/3559/22
f 1701/3495/21 1684/3494/21 1833/3777/21 1834/3778/21
f 1680/3558/22 1609/3557/22 1823/3509/22 1837/3512/22
o dam-top
v -22.052992 18.922987 0.593750
v 21.893658 18.922989 0.593750
v 21.893658 18.922989 -5.499763
v 21.893658 18.922989 -5.499764
v 21.893658 18.922987 0.593753
v -22.052992 18.922987 0.593753
v -22.052992 18.922987 -5.499760
v -22.052992 18.922987 -5.194960
v -22.052992 18.922987 0.288953
v 21.893658 18.922989 -5.296564
v 21.893658 18.922989 -5.398164
v -22.052992 18.922987 -5.398160
v -22.052992 18.922987 -5.296560
v -22.052992 18.922987 0.390553
v -22.052992 18.922987 0.492153
v 21.440599 18.922989 -5.499764
v 20.987541 18.922989 -5.499764
v 20.534483 18.922989 -5.499764
v 20.081425 18.922989 -5.499764
v 19.628366 18.922989 -5.499764
v 19.175308 18.922989 -5.499764
v 18.722250 18.922989 -5.499764
v 18.269192 18.922989 -5.499764
v 17.816133 18.922989 -5.499764
v 17.363075 18.922989 -5.499764
v 16.910017 18.922989 -5.499764
v 16.456959 18.922989 -5.499764
v 16.003901 18.922989 -5.499764
v 15.550842 18.922989 -5.499764
v 15.097784 18.922989 -5.499764
v 14.644726 18.922989 -5.499764
v 14.191668 18.922989 -5.499764
v 13.738609 18.922989 -5.499764
v 13.285551 18.922989 -5.499764
v 12.832493 18.922989 -5.499764
v 12.379435 18.922989 -5.499764
v 11.926376 18.922989 -5.499764
v 11.473318 18.922989 -5.499764
v 11.020260 18.922989 -5.499764
v 10.567202 18.922989 -5.499764
v 10.114143 18.922989 -5.499764
v 9.661085 18.922989 -5.499764
v 9.208027 18.922989 -5.499764
v 8.754969 18.922989 -5.499764
v 8.301910 18.922989 -5.499764
v 7.848852 18.922989 -5.499764
v 7.395794 18.922989 -5.499764
v 6.942736 18.922989 -5.499764
v 6.489677 18.922989 -5.499764
v 6.036619 18.922989 -5.499764
v 5.583561 18.922989 -5.499764
v 5.130503 18.922989 -5.499764
v 4.677444 18.922989 -5.499764
v 4.224386 18.922989 -5.499764
v 3.771328 18.922989 -5.499764
v 3.318270 18.922989 -5.499764
v 2.865211 18.922989 -5.499764
v 2.412153 18.922989 -5.499764
v 1.959095 18.922989 -5.499764
v 1.506037 18.922989 -5.499764
v 1.052979 18.922989 -5.499764
v 0.599920 18.922989 -5.499764
v 0.146862 18.922989 -5.499764
v -0.306196 18.922989 -5.499764
v -0.759254 18.922989 -5.499764
v -1.212313 18.922989 -5.499764
v -1.665371 18.922989 -5.499764
v -2.118429 18.922989 -5.499764
v -2.571487 18.922989 -5.499764
v -3.024546 18.922989 -5.499764
v -3.477604 18.922989 -5.499764
v -3.930662 18.922989 -5.499764
v -4.383720 18.922989 -5.499764
v -4.836779 18.922989 -5.499764
v -5.289837 18.922989 -5.499764
v -5.742895 18.922989 -5.499764
v -6.195953 18.922989 -5.499764
v -6.649012 18.922989 -5.499763
v -7.102070 18.922989 -5.499763
v -7.555128 18.922989 -5.499763
v -8.008186 18.922989 -5.499763
v -8.461245 18.922989 -5.499763
v -8.914303 18.922989 -5.499763
v -9.367361 18.922989 -5.499763
v -9.820419 18.922989 -5.499763
v -10.273478 18.922989 -5.499763
v -10.726536 18.922989 -5.499763
v -11.179594 18.922989 -5.499763
v -11.632652 18.922989 -5.499763
v -12.085711 18.922989 -5.499763
v -12.538769 18.922989 -5.499762
v -12.991827 18.922989 -5.499762
v -13.444885 18.922989 -5.499762
v -13.897943 18.922989 -5.499762
v -14.351002 18.922989 -5.499762
v -14.804060 18.922989 -5.499762
v -15.257118 18.922989 -5.499762
v -15.710176 18.922989 -5.499762
v -16.163235 18.922989 -5.499761
v -16.616293 18.922989 -5.499761
v -17.069351 18.922989 -5.499761
v -17.522409 18.922989 -5.499761
v -17.975468 18.922989 -5.499761
v -18.428526 18.922989 -5.499761
v -18.881584 18.922989 -5.499761
v -19.334642 18.922989 -5.499761
v -19.787701 18.922989 -5.499760
v -20.240759 18.922989 -5.499760
v -20.693817 18.922989 -5.499760
v -21.146875 18.922989 -5.499760
v -21.599934 18.922987 -5.499760
v -21.599934 18.922987 0.593753
v -21.146875 18.922987 0.593753
v -20.693817 18.922987 0.593753
v -20.240759 18.922987 0.593753
v -19.787701 18.922987 0.593753
v -19.334642 18.922987 0.593753
v -18.881584 18.922987 0.593753
v -18.428526 18.922987 0.593753
v -17.975468 18.922987 0.593753
v -17.522409 18.922987 0.593753
v -17.069351 18.922987 0.593753
v -16.616293 18.922987 0.593753
v -16.163235 18.922987 0.593753
v -15.710176 18.922987 0.593753
v -15.257118 18.922987 0.593753
v -14.804060 18.922987 0.593753
v -14.351002 18.922987 0.593753
v -13.897943 18.922987 0.593753
v -13.444885 18.922987 0.593753
v -12.991827 18.922987 0.593753
v -12.538769 18.922987 0.593753
v -12.085711 18.922987 0.593753
v -11.632652 18.922987 0.593753
v -11.179594 18.922987 0.593753
v -10.726536 18.922987 0.593753
v -10.273478 18.922987 0.593753
v -9.820419 18.922987 0.593753
v -9.367361 18.922987 0.593753
v -8.914303 18.922987 0.593753
v -8.461245 18.922987 0.593753
v -8.008186 18.922987 0.593753
v -7.555128 18.922987 0.593753
v -7.102070 18.922987 0.593753
v -6.649012 18.922987 0.593753
v -6.195953 18.922987 0.593753
v -5.742895 18.922987 0.593753
v -5.289837 18.922987 0.593753
v -4.836779 18.922987 0.593753
v -4.383720 18.922987 0.593753
v -3.930662 18.922987 0.593753
v -3.477604 18.922987 0.593753
v -3.024546 18.922987 0.593753
v -2.571487 18.922987 0.593753
v -2.118429 18.922987 0.593753
v -1.665371 18.922987 0.593753
v -1.212313 18.922987 0.593753
v -0.759254 18.922987 0.593753
v -0.306196 18.922987 0.593753
v 0.146862 18.922987 0.593753
v 0.599920 18.922987 0.593753
v 1.052979 18.922987 0.593753
v 1.506037 18.922987 0.593753
v 1.959095 18.922987 0.593753
v 2.412153 18.922987 0.593753
v 2.865211 18.922987 0.593753
v 3.318270 18.922987 0.593753
v 3.771328 18.922987 0.593753
v 4.224386 18.922987 0.593753
v 4.677444 18.922987 0.593753
v 5.130503 18.922987 0.593753
v 5.583561 18.922987 0.593753
v 6.036619 18.922987 0.593753
v 6.489677 18.922987 0.593753
v 6.942736 18.922987 0.593753
v 7.395794 18.922987 0.593753
v 7.848852 18.922987 0.593753
v 8.301910 18.922987 0.593753
v 8.754969 18.922987 0.593753
v 9.208027 18.922987 0.593753
v 9.661085 18.922987 0.593753
v 10.114143 18.922987 0.593753
v 10.567202 18.922987 0.593753
v 11.020260 18.922987 0.593753
v 11.473318 18.922987 0.593753
v 11.926376 18.922987 0.593753
v 12.379435 18.922987 0.593753
v 12.832493 18.922987 0.593753
v 13.285551 18.922987 0.593753
v 13.738609 18.922987 0.593753
v 14.191668 18.922987 0.593753
v 14.644726 18.922987 0.593753
v 15.097784 18.922987 0.593753
v 15.550842 18.922987 0.593753
v 16.003901 18.922987 0.593753
v 16.456959 18.922987 0.593753
v 16.910017 18.922987 0.593753
v 17.363075 18.922987 0.593753
v 17.816133 18.922987 0.593753
v 18.269192 18.922987 0.593753
v 18.722250 18.922987 0.593753
v 19.175308 18.922987 0.593753
v 19.628366 18.922987 0.593753
v 20.081425 18.922987 0.593753
v 20.534483 18.922987 0.593753
v 20.987541 18.922987 0.593753
v 21.440599 18.922987 0.593753
v 21.440599 19.075390 -5.194964
v 20.987541 19.075390 -5.194964
v 20.534483 19.075390 -5.194964
v 20.081425 19.075390 -5.194964
v 19.628366 19.075390 -5.194964
v 19.175308 19.075390 -5.194964
v 18.722250 19.075390 -5.194964
v 18.269192 19.075390 -5.194964
v 17.816133 19.075390 -5.194964
v 17.363075 19.075390 -5.194964
v 16.910017 19.075390 -5.194964
v 16.456959 19.075390 -5.194964
v 16.003901 19.075390 -5.194964
v 15.550842 19.075390 -5.194964
v 15.097784 19.075390 -5.194964
v 14.644726 19.075390 -5.194964
v 14.191668 19.075390 -5.194964
v 13.738609 19.075390 -5.194964
v 13.285551 19.075390 -5.194964
v 12.832493 19.075390 -5.194964
v 12.379435 19.075390 -5.194964
v 11.926376 19.075390 -5.194964
v 11.473318 19.075390 -5.194964
v 11.020260 19.075390 -5.194964
v 10.567202 19.075390 -5.194964
v 10.114143 19.075390 -5.194964
v 9.661085 19.075390 -5.194964
v 9.208027 19.075390 -5.194963
v 8.754969 19.075390 -5.194963
v 8.301910 19.075390 -5.194963
v 7.848852 19.075390 -5.194963
v 7.395794 19.075390 -5.194963
v 6.942736 19.075390 -5.194963
v 6.489677 19.075390 -5.194963
v 6.036619 19.075390 -5.194963
v 5.583561 19.075390 -5.194963
v 5.130503 19.075390 -5.194963
v 4.677444 19.075390 -5.194963
v 4.224386 19.075390 -5.194963
v 3.771328 19.075390 -5.194963
v 3.318270 19.075390 -5.194963
v 2.865211 19.075390 -5.194963
v 2.412153 19.075390 -5.194963
v 1.959095 19.075390 -5.194963
v 1.506037 19.075390 -5.194963
v 1.052979 19.075390 -5.194963
v 0.599920 19.075390 -5.194963
v 0.146862 19.075390 -5.194963
v -0.306196 19.075390 -5.194963
v -0.759254 19.075390 -5.194963
v -1.212313 19.075390 -5.194963
v -1.665371 19.075390 -5.194963
v -2.118429 19.075390 -5.194963
v -2.571487 19.075390 -5.194963
v -3.024546 19.075390 -5.194962
v -3.477604 19.075390 -5.194962
v -3.930662 19.075390 -5.194962
v -4.383720 19.075390 -5.194962
v -4.836779 19.075390 -5.194962
v -5.289837 19.075390 -5.194962
v -5.742895 19.075390 -5.194962
v -6.195953 19.075390 -5.194962
v -6.649012 19.075390 -5.194962
v -7.102070 19.075390 -5.194962
v -7.555128 19.075390 -5.194962
v -8.008186 19.075390 -5.194962
v -8.461245 19.075390 -5.194962
v -8.914303 19.075390 -5.194962
v -9.367361 19.075390 -5.194962
v -9.820419 19.075390 -5.194962
v -10.273478 19.075390 -5.194961
v -10.726536 19.075390 -5.194961
v -11.179594 19.075390 -5.194961
v -11.632652 19.075390 -5.194961
v -12.085711 19.075390 -5.194961
v -12.538769 19.075390 -5.194961
v -12.991827 19.075390 -5.194961
v -13.444885 19.075390 -5.194961
v -13.897943 19.075390 -5.194961
v -14.351002 19.075390 -5.194961
v -14.804060 19.075390 -5.194961
v -15.257118 19.075390 -5.194961
v -15.710176 19.075390 -5.194961
v -16.163235 19.075390 -5.194961
v -16.616293 19.075390 -5.194961
v -17.069351 19.075390 -5.194961
v -17.522409 19.075390 -5.194960
v -17.975468 19.075390 -5.194960
v -18.428526 19.075390 -5.194960
v -18.881584 19.075390 -5.194960
v -19.334642 19.075390 -5.194960
v -19.787701 19.075390 -5.194960
v -20.240759 19.075390 -5.194960
v -20.693817 19.075390 -5.194960
v -21.146875 19.075388 -5.194960
v -21.599934 19.075386 -5.194960
v 21.440599 19.075386 0.288953
v 20.987541 19.075386 0.288953
v 20.534483 19.075386 0.288953
v 20.081425 19.075386 0.288953
v 19.628366 19.075386 0.288953
v 19.175308 19.075386 0.288953
v 18.722250 19.075386 0.288953
v 18.269192 19.075386 0.288953
v 17.816133 19.075386 0.288953
v 17.363075 19.075386 0.288953
v 16.910017 19.075386 0.288953
v 16.456959 19.075386 0.288953
v 16.003901 19.075386 0.288953
v 15.550842 19.075386 0.288953
v 15.097784 19.075386 0.288953
v 14.644726 19.075386 0.288953
v 14.191668 19.075386 0.288953
v 13.738609 19.075386 0.288953
v 13.285551 19.075386 0.288953
v 12.832493 19.075386 0.288953
v 12.379435 19.075386 0.288953
v 11.926376 19.075386 0.288953
v 11.473318 19.075386 0.288953
v 11.020260 19.075386 0.288953
v 10.567202 19.075386 0.288953
v 10.114143 19.075386 0.288953
v 9.661085 19.075386 0.288953
v 9.208027 19.075386 0.288953
v 8.754969 19.075386 0.288953
v 8.301910 19.075386 0.288953
v 7.848852 19.075386 0.288953
v 7.395794 19.075386 0.288953
v 6.942736 19.075386 0.288953
v 6.489677 19.075386 0.288953
v 6.036619 19.075386 0.288953
v 5.583561 19.075386 0.288953
v 5.130503 19.075386 0.288953
v 4.677444 19.075386 0.288953
v 4.224386 19.075386 0.288953
v 3.771328 19.075386 0.288953
v 3.318270 19.075386 0.288953
v 2.865211 19.075386 0.288953
v 2.412153 19.075386 0.288953
v 1.959095 19.075386 0.288953
v 1.506037 19.075386 0.288953
v 1.052979 19.075386 0.288953
v 0.599920 19.075386 0.288953
v 0.146862 19.075386 0.288953
v -0.306196 19.075386 0.288953
v -0.759254 19.075386 0.288953
v -1.212313 19.075386 0.288953
v -1.665371 19.075386 0.288953
v -2.118429 19.075386 0.288953
v -2.571487 19.075386 0.288953
v -3.024546 19.075386 0.288953
v -3.477604 19.075386 0.288953
v -3.930662 19.075386 0.288953
v -4.383720 19.075386 0.288953
v -4.836779 19.075386 0.288953
v -5.289837 19.075386 0.288953
v -5.742895 19.075386 0.288953
v -6.195953 19.075386 0.288953
v -6.649012 19.075386 0.288953
v -7.102070 19.075386 0.288953
v -7.555128 19.075386 0.288953
v -8.008186 19.075386 0.288953
v -8.461245 19.075386 0.288953
v -8.914303 19.075386 0.288953
v -9.367361 19.075386 0.288953
v -9.820419 19.075386 0.288953
v -10.273478 19.075386 0.288953
v -10.726536 19.075386 0.288953
v -11.179594 19.075386 0.288953
v -11.632652 19.075386 0.288953
v -12.085711 19.075386 0.288953
v -12.538769 19.075386 0.288953
v -12.991827 19.075386 0.288953
v -13.444885 19.075386 0.288953
v -13.897943 19.075386 0.288953
v -14.351002 19.075386 0.288953
v -14.804060 19.075386 0.288953
v -15.257118 19.075386 0.288953
v -15.710176 19.075386 0.288953
v -16.163235 19.075386 0.288953
v -16.616293 19.075386 0.288953
v -17.069351 19.075386 0.288953
v -17.522409 19.075386 0.288953
v -17.975468 19.075386 0.288953
v -18.428526 19.075386 0.288953
v -18.881584 19.075386 0.288953
v -19.334642 19.075386 0.288953
v -19.787701 19.075386 0.288953
v -20.240759 19.075386 0.288953
v -20.693817 19.075386 0.288953
v -21.146875 19.075386 0.288953
v -21.599934 19.075386 0.288953
v 21.440599 19.075390 -5.296564
v 20.987541 19.075390 -5.296564
v 20.534483 19.075390 -5.296564
v 20.081425 19.075390 -5.296564
v 19.628366 19.075390 -5.296564
v 19.175308 19.075390 -5.296564
v 18.722250 19.075390 -5.296564
v 18.269192 19.075390 -5.296564
v 17.816133 19.075390 -5.296564
v 17.363075 19.075390 -5.296564
v 16.910017 19.075390 -5.296564
v 16.456959 19.075390 -5.296564
v 16.003901 19.075390 -5.296564
v 15.550842 19.075390 -5.296564
v 15.097784 19.075390 -5.296564
v 14.644726 19.075390 -5.296564
v 14.191668 19.075390 -5.296564
v 13.738609 19.075390 -5.296564
v 13.285551 19.075390 -5.296564
v 12.832493 19.075390 -5.296564
v 12.379435 19.075390 -5.296564
v 11.926376 19.075390 -5.296564
v 11.473318 19.075390 -5.296564
v 11.020260 19.075390 -5.296564
v 10.567202 19.075390 -5.296564
v 10.114143 19.075390 -5.296564
v 9.661085 19.075390 -5.296564
v 9.208027 19.075390 -5.296564
v 8.754969 19.075390 -5.296564
v 8.301910 19.075390 -5.296564
v 7.848852 19.075390 -5.296564
v 7.395794 19.075390 -5.296564
v 6.942736 19.075390 -5.296564
v 6.489677 19.075390 -5.296564
v 6.036619 19.075390 -5.296564
v 5.583561 19.075390 -5.296564
v 5.130503 19.075390 -5.296564
v 4.677444 19.075390 -5.296564
v 4.224386 19.075390 -5.296564
v 3.771328 19.075390 -5.296564
v 3.318270 19.075390 -5.296564
v 2.865211 19.075390 -5.296564
v 2.412153 19.075390 -5.296564
v 1.959095 19.075390 -5.296564
v 1.506037 19.075390 -5.296564
v 1.052979 19.075390 -5.296564
v 0.599920 19.075390 -5.296564
v 0.146862 19.075390 -5.296564
v -0.306196 19.075390 -5.296564
v -0.759254 19.075390 -5.296564
v -1.212313 19.075390 -5.296564
v -1.665371 19.075390 -5.296564
v -2.118429 19.075390 -5.296564
v -2.571487 19.075390 -5.296564
v -3.024546 19.075390 -5.296564
v -3.477604 19.075390 -5.296564
v -3.930662 19.075390 -5.296564
v -4.383720 19.075390 -5.296564
v -4.836779 19.075390 -5.296564
v -5.289837 19.075390 -5.296564
v -5.742895 19.075390 -5.296564
v -6.195953 19.075390 -5.296564
v -6.649012 19.075390 -5.296564
v -7.102070 19.075390 -5.296564
v -7.555128 19.075390 -5.296564
v -8.008186 19.075390 -5.296564
v -8.461245 19.075390 -5.296563
v -8.914303 19.075390 -5.296563
v -9.367361 19.075390 -5.296563
v -9.820419 19.075390 -5.296563
v -10.273478 19.075390 -5.296563
v -10.726536 19.075390 -5.296563
v -11.179594 19.075390 -5.296563
v -11.632652 19.075390 -5.296563
v -12.085711 19.075390 -5.296562
v -12.538769 19.075390 -5.296562
v -12.991827 19.075390 -5.296562
v -13.444885 19.075390 -5.296562
v -13.897943 19.075390 -5.296562
v -14.351002 19.075390 -5.296562
v -14.804060 19.075390 -5.296562
v -15.257118 19.075390 -5.296562
v -15.710176 19.075390 -5.296561
v -16.163235 19.075390 -5.296561
v -16.616293 19.075390 -5.296561
v -17.069351 19.075390 -5.296561
v -17.522409 19.075390 -5.296561
v -17.975468 19.075390 -5.296561
v -18.428526 19.075390 -5.296561
v -18.881584 19.075390 -5.296561
v -19.334642 19.075390 -5.296560
v -19.787701 19.075390 -5.296560
v -20.240759 19.075390 -5.296560
v -20.693817 19.075390 -5.296560
v -21.146875 19.075388 -5.296560
v -21.599934 19.075386 -5.296560
v 21.440599 18.922989 -5.398164
v 20.987541 18.922989 -5.398164
v 20.534483 18.922989 -5.398164
v 20.081425 18.922989 -5.398164
v 19.628366 18.922989 -5.398164
v 19.175308 18.922989 -5.398164
v 18.722250 18.922989 -5.398164
v 18.269192 18.922989 -5.398164
v 17.816133 18.922989 -5.398164
v 17.363075 18.922989 -5.398164
v 16.910017 18.922989 -5.398164
v 16.456959 18.922989 -5.398164
v 16.003901 18.922989 -5.398164
v 15.550842 18.922989 -5.398164
v 15.097784 18.922989 -5.398164
v 14.644726 18.922989 -5.398164
v 14.191668 18.922989 -5.398164
v 13.738609 18.922989 -5.398164
v 13.285551 18.922989 -5.398164
v 12.832493 18.922989 -5.398164
v 12.379435 18.922989 -5.398164
v 11.926376 18.922989 -5.398164
v 11.473318 18.922989 -5.398164
v 11.020260 18.922989 -5.398164
v 10.567202 18.922989 -5.398164
v 10.114143 18.922989 -5.398164
v 9.661085 18.922989 -5.398164
v 9.208027 18.922989 -5.398164
v 8.754969 18.922989 -5.398164
v 8.301910 18.922989 -5.398164
v 7.848852 18.922989 -5.398164
v 7.395794 18.922989 -5.398164
v 6.942736 18.922989 -5.398164
v 6.489677 18.922989 -5.398164
v 6.036619 18.922989 -5.398164
v 5.583561 18.922989 -5.398164
v 5.130503 18.922989 -5.398164
v 4.677444 18.922989 -5.398164
v 4.224386 18.922989 -5.398164
v 3.771328 18.922989 -5.398164
v 3.318270 18.922989 -5.398164
v 2.865211 18.922989 -5.398164
v 2.412153 18.922989 -5.398164
v 1.959095 18.922989 -5.398164
v 1.506037 18.922989 -5.398164
v 1.052979 18.922989 -5.398164
v 0.599920 18.922989 -5.398164
v 0.146862 18.922989 -5.398164
v -0.306196 18.922989 -5.398164
v -0.759254 18.922989 -5.398164
v -1.212313 18.922989 -5.398164
v -1.665371 18.922989 -5.398164
v -2.118429 18.922989 -5.398164
v -2.571487 18.922989 -5.398164
v -3.024546 18.922989 -5.398164
v -3.477604 18.922989 -5.398164
v -3.930662 18.922989 -5.398164
v -4.383720 18.922989 -5.398164
v -4.836779 18.922989 -5.398164
v -5.289837 18.922989 -5.398164
v -5.742895 18.922989 -5.398164
v -6.195953 18.922989 -5.398164
v -6.649012 18.922989 -5.398164
v -7.102070 18.922989 -5.398164
v -7.555128 18.922989 -5.398164
v -8.008186 18.922989 -5.398163
v -8.461245 18.922989 -5.398163
v -8.914303 18.922989 -5.398163
v -9.367361 18.922989 -5.398163
v -9.820419 18.922989 -5.398163
v -10.273478 18.922989 -5.398163
v -10.726536 18.922989 -5.398163
v -11.179594 18.922989 -5.398163
v -11.632652 18.922989 -5.398162
v -12.085711 18.922989 -5.398162
v -12.538769 18.922989 -5.398162
v -12.991827 18.922989 -5.398162
v -13.444885 18.922989 -5.398162
v -13.897943 18.922989 -5.398162
v -14.351002 18.922989 -5.398162
v -14.804060 18.922989 -5.398162
v -15.257118 18.922989 -5.398161
v -15.710176 18.922989 -5.398161
v -16.163235 18.922989 -5.398161
v -16.616293 18.922989 -5.398161
v -17.069351 18.922989 -5.398161
v -17.522409 18.922989 -5.398161
v -17.975468 18.922989 -5.398161
v -18.428526 18.922989 -5.398161
v -18.881584 18.922989 -5.398160
v -19.334642 18.922989 -5.398160
v -19.787701 18.922989 -5.398160
v -20.240759 18.922989 -5.398160
v -20.693817 18.922989 -5.398160
v -21.146875 18.922989 -5.398160
v -21.599934 18.922987 -5.398160
v 21.440599 18.922987 0.492153
v 20.987541 18.922987 0.492153
v 20.534483 18.922987 0.492153
v 20.081425 18.922987 0.492153
v 19.628366 18.922987 0.492153
v 19.175308 18.922987 0.492153
v 18.722250 18.922987 0.492153
v 18.269192 18.922987 0.492153
v 17.816133 18.922987 0.492153
v 17.363075 18.922987 0.492153
v 16.910017 18.922987 0.492153
v 16.456959 18.922987 0.492153
v 16.003901 18.922987 0.492153
v 15.550842 18.922987 0.492153
v 15.097784 18.922987 0.492153
v 14.644726 18.922987 0.492153
v 14.191668 18.922987 0.492153
v 13.738609 18.922987 0.492153
v 13.285551 18.922987 0.492153
v 12.832493 18.922987 0.492153
v 12.379435 18.922987 0.492153
v 11.926376 18.922987 0.492153
v 11.473318 18.922987 0.492153
v 11.020260 18.922987 0.492153
v 10.567202 18.922987 0.492153
v 10.114143 18.922987 0.492153
v 9.661085 18.922987 0.492153
v 9.208027 18.922987 0.492153
v 8.754969 18.922987 0.492153
v 8.301910 18.922987 0.492153
v 7.848852 18.922987 0.492153
v 7.395794 18.922987 0.492153
v 6.942736 18.922987 0.492153
v 6.489677 18.922987 0.492153
v 6.036619 18.922987 0.492153
v 5.583561 18.922987 0.492153
v 5.130503 18.922987 0.492153
v 4.677444 18.922987 0.492153
v 4.224386 18.922987 0.492153
v 3.771328 18.922987 0.492153
v 3.318270 18.922987 0.492153
v 2.865211 18.922987 0.492153
v 2.412153 18.922987 0.492153
v 1.959095 18.922987 0.492153
v 1.506037 18.922987 0.492153
v 1.052979 18.922987 0.492153
v 0.599920 18.922987 0.492153
v 0.146862 18.922987 0.492153
v -0.306196 18.922987 0.492153
v -0.759254 18.922987 0.492153
v -1.212313 18.922987 0.492153
v -1.665371 18.922987 0.492153
v -2.118429 18.922987 0.492153
v -2.571487 18.922987 0.492153
v -3.024546 18.922987 0.492153
v -3.477604 18.922987 0.492153
v -3.930662 18.922987 0.492153
v -4.383720 18.922987 0.492153
v -4.836779 18.922987 0.492153
v -5.289837 18.922987 0.492153
v -5.742895 18.922987 0.492153
v -6.195953 18.922987 0.492153
v -6.649012 18.922987 0.492153
v -7.102070 18.922987 0.492153
v -7.555128 18.922987 0.492153
v -8.008186 18.922987 0.492153
v -8.461245 18.922987 0.492153
v -8.914303 18.922987 0.492153
v -9.367361 18.922987 0.492153
v -9.820419 18.922987 0.492153
v -10.273478 18.922987 0.492153
v -10.726536 18.922987 0.492153
v -11.179594 18.922987 0.492153
v -11.632652 18.922987 0.492153
v -12.085711 18.922987 0.492153
v -12.538769 18.922987 0.492153
v -12.991827 18.922987 0.492153
v -13.444885 18.922987 0.492153
v -13.897943 18.922987 0.492153
v -14.351002 18.922987 0.492153
v -14.804060 18.922987 0.492153
v -15.257118 18.922987 0.492153
v -15.710176 18.922987 0.492153
v -16.163235 18.922987 0.492153
v -16.616293 18.922987 0.492153
v -17.069351 18.922987 0.492153
v -17.522409 18.922987 0.492153
v -17.975468 18.922987 0.492153
v -18.428526 18.922987 0.492153
v -18.881584 18.922987 0.492153
v -19.334642 18.922987 0.492153
v -19.787701 18.922987 0.492153
v -20.240759 18.922987 0.492153
v -20.693817 18.922987 0.492153
v -21.146875 18.922987 0.492153
v -21.599934 18.922987 0.492153
v 21.440599 19.075386 0.390553
v 20.987541 19.075386 0.390553
v 20.534483 19.075386 0.390553
v 20.081425 19.075386 0.390553
v 19.628366 19.075386 0.390553
v 19.175308 19.075386 0.390553
v 18.722250 19.075386 0.390553
v 18.269192 19.075386 0.390553
v 17.816133 19.075386 0.390553
v 17.363075 19.075386 0.390553
v 16.910017 19.075386 0.390553
v 16.456959 19.075386 0.390553
v 16.003901 19.075386 0.390553
v 15.550842 19.075386 0.390553
v 15.097784 19.075386 0.390553
v 14.644726 19.075386 0.390553
v 14.191668 19.075386 0.390553
v 13.738609 19.075386 0.390553
v 13.285551 19.075386 0.390553
v 12.832493 19.075386 0.390553
v 12.379435 19.075386 0.390553
v 11.926376 19.075386 0.390553
v 11.473318 19.075386 0.390553
v 11.020260 19.075386 0.390553
v 10.567202 19.075386 0.390553
v 10.114143 19.075386 0.390553
v 9.661085 19.075386 0.390553
v 9.208027 19.075386 0.390553
v 8.754969 19.075386 0.390553
v 8.301910 19.075386 0.390553
v 7.848852 19.075386 0.390553
v 7.395794 19.075386 0.390553
v 6.942736 19.075386 0.390553
v 6.489677 19.075386 0.390553
v 6.036619 19.075386 0.390553
v 5.583561 19.075386 0.390553
v 5.130503 19.075386 0.390553
v 4.677444 19.075386 0.390553
v 4.224386 19.075386 0.390553
v 3.771328 19.075386 0.390553
v 3.318270 19.075386 0.390553
v 2.865211 19.075386 0.390553
v 2.412153 19.075386 0.390553
v 1.959095 19.075386 0.390553
v 1.506037 19.075386 0.390553
v 1.052979 19.075386 0.390553
v 0.599920 19.075386 0.390553
v 0.146862 19.075386 0.390553
v -0.306196 19.075386 0.390553
v -0.759254 19.075386 0.390553
v -1.212313 19.075386 0.390553
v -1.665371 19.075386 0.390553
v -2.118429 19.075386 0.390553
v -2.571487 19.075386 0.390553
v -3.024546 19.075386 0.390553
v -3.477604 19.075386 0.390553
v -3.930662 19.075386 0.390553
v -4.383720 19.075386 0.390553
v -4.836779 19.075386 0.390553
v -5.289837 19.075386 0.390553
v -5.742895 19.075386 0.390553
v -6.195953 19.075386 0.390553
v -6.649012 19.075386 0.390553
v -7.102070 19.075386 0.390553
v -7.555128 19.075386 0.390553
v -8.008186 19.075386 0.390553
v -8.461245 19.075386 0.390553
v -8.914303 19.075386 0.390553
v -9.367361 19.075386 0.390553
v -9.820419 19.075386 0.390553
v -10.273478 19.075386 0.390553
v -10.726536 19.075386 0.390553
v -11.179594 19.075386 0.390553
v -11.632652 19.075386 0.390553
v -12.085711 19.075386 0.390553
v -12.538769 19.075386 0.390553
v -12.991827 19.075386 0.390553
v -13.444885 19.075386 0.390553
v -13.897943 19.075386 0.390553
v -14.351002 19.075386 0.390553
v -14.804060 19.075386 0.390553
v -15.257118 19.075386 0.390553
v -15.710176 19.075386 0.390553
v -16.163235 19.075386 0.390553
v -16.616293 19.075386 0.390553
v -17.069351 19.075386 0.390553
v -17.522409 19.075386 0.390553
v -17.975468 19.075386 0.390553
v -18.428526 19.075386 0.390553
v -18.881584 19.075386 0.390553
v -19.334642 19.075386 0.390553
v -19.787701 19.075386 0.390553
v -20.240759 19.075386 0.390553
v -20.693817 19.075386 0.390553
v -21.146875 19.075386 0.390553
v -21.599934 19.075386 0.390553
v 21.893658 19.837389 -5.398164
v 21.893658 19.837389 -5.499764
v -21.599934 19.837387 -5.499760
v -22.052992 19.837387 -5.499760
v -22.052992 19.837387 -5.296560
v -22.052992 19.837387 -5.194960
v -21.599934 19.837387 -5.194960
v 21.893658 19.837389 -5.194964
v 21.893658 19.837389 -5.296564
v -22.052992 19.837387 -5.398160
v -21.599934 19.837387 -5.296560
v -21.599934 19.837387 -5.398160
v 21.440599 19.837389 -5.499764
v 20.081425 19.837389 -5.499764
v 19.628366 19.837389 -5.499764
v 18.269192 19.837389 -5.499764
v 17.816133 19.837389 -5.499764
v 16.456959 19.837389 -5.499764
v 16.003901 19.837389 -5.499764
v 14.644726 19.837389 -5.499764
v 14.191668 19.837389 -5.499764
v 12.832493 19.837389 -5.499764
v 12.379435 19.837389 -5.499764
v 11.020260 19.837389 -5.499764
v 10.567202 19.837389 -5.499764
v 9.208027 19.837389 -5.499764
v 8.754969 19.837389 -5.499764
v 7.395794 19.837389 -5.499764
v 6.942736 19.837389 -5.499764
v 5.583561 19.837389 -5.499764
v 5.130503 19.837389 -5.499764
v 3.771328 19.837389 -5.499764
v 3.318270 19.837389 -5.499764
v 1.959095 19.837389 -5.499764
v 1.506037 19.837389 -5.499764
v 0.146862 19.837389 -5.499764
v -0.306196 19.837389 -5.499764
v -1.665371 19.837389 -5.499764
v -2.118429 19.837389 -5.499764
v -3.477604 19.837389 -5.499764
v -3.930662 19.837389 -5.499764
v -5.289837 19.837389 -5.499764
v -5.742895 19.837389 -5.499764
v -7.102070 19.837389 -5.499763
v -7.555128 19.837389 -5.499763
v -8.914303 19.837389 -5.499763
v -9.367361 19.837389 -5.499763
v -10.726536 19.837389 -5.499763
v -11.179594 19.837389 -5.499763
v -12.538769 19.837389 -5.499762
v -12.991827 19.837389 -5.499762
v -14.351002 19.837389 -5.499762
v -14.804060 19.837389 -5.499762
v -16.163235 19.837389 -5.499761
v -16.616293 19.837389 -5.499761
v -17.975468 19.837389 -5.499761
v -18.428526 19.837389 -5.499761
v -19.787701 19.837389 -5.499760
v -20.240759 19.837389 -5.499760
v 21.440599 19.837389 -5.194964
v 20.081425 19.837389 -5.194964
v 19.628366 19.837389 -5.194964
v 18.269192 19.837389 -5.194964
v 17.816133 19.837389 -5.194964
v 16.456959 19.837389 -5.194964
v 16.003901 19.837389 -5.194964
v 14.644726 19.837389 -5.194964
v 14.191668 19.837389 -5.194964
v 12.832493 19.837389 -5.194964
v 12.379435 19.837389 -5.194964
v 11.020260 19.837389 -5.194964
v 10.567202 19.837389 -5.194964
v 9.208027 19.837389 -5.194963
v 8.754969 19.837389 -5.194963
v 7.395794 19.837389 -5.194963
v 6.942736 19.837389 -5.194963
v 5.583561 19.837389 -5.194963
v 5.130503 19.837389 -5.194963
v 3.771328 19.837389 -5.194963
v 3.318270 19.837389 -5.194963
v 1.959095 19.837389 -5.194963
v 1.506037 19.837389 -5.194963
v 0.146862 19.837389 -5.194963
v -0.306196 19.837389 -5.194963
v -1.665371 19.837389 -5.194963
v -2.118429 19.837389 -5.194963
v -3.477604 19.837389 -5.194962
v -3.930662 19.837389 -5.194962
v -5.289837 19.837389 -5.194962
v -5.742895 19.837389 -5.194962
v -7.102070 19.837389 -5.194962
v -7.555128 19.837389 -5.194962
v -8.914303 19.837389 -5.194962
v -9.367361 19.837389 -5.194962
v -10.726536 19.837389 -5.194961
v -11.179594 19.837389 -5.194961
v -12.538769 19.837389 -5.194961
v -12.991827 19.837389 -5.194961
v -14.351002 19.837389 -5.194961
v -14.804060 19.837389 -5.194961
v -16.163235 19.837389 -5.194961
v -16.616293 19.837389 -5.194961
v -17.975468 19.837389 -5.194960
v -18.428526 19.837389 -5.194960
v -19.787701 19.837389 -5.194960
v -20.240759 19.837389 -5.194960
v 21.440599 19.837389 -5.296564
v 20.987541 19.837389 -5.296564
v 20.534483 19.837389 -5.296564
v 20.081425 19.837389 -5.296564
v 19.628366 19.837389 -5.296564
v 19.175308 19.837389 -5.296564
v 18.722250 19.837389 -5.296564
v 18.269192 19.837389 -5.296564
v 17.816133 19.837389 -5.296564
v 17.363075 19.837389 -5.296564
v 16.910017 19.837389 -5.296564
v 16.456959 19.837389 -5.296564
v 16.003901 19.837389 -5.296564
v 15.550842 19.837389 -5.296564
v 15.097784 19.837389 -5.296564
v 14.644726 19.837389 -5.296564
v 14.191668 19.837389 -5.296564
v 13.738609 19.837389 -5.296564
v 13.285551 19.837389 -5.296564
v 12.832493 19.837389 -5.296564
v 12.379435 19.837389 -5.296564
v 11.926376 19.837389 -5.296564
v 11.473318 19.837389 -5.296564
v 11.020260 19.837389 -5.296564
v 10.567202 19.837389 -5.296564
v 10.114143 19.837389 -5.296564
v 9.661085 19.837389 -5.296564
v 9.208027 19.837389 -5.296564
v 8.754969 19.837389 -5.296564
v 8.301910 19.837389 -5.296564
v 7.848852 19.837389 -5.296564
v 7.395794 19.837389 -5.296564
v 6.942736 19.837389 -5.296564
v 6.489677 19.837389 -5.296564
v 6.036619 19.837389 -5.296564
v 5.583561 19.837389 -5.296564
v 5.130503 19.837389 -5.296564
v 4.677444 19.837389 -5.296564
v 4.224386 19.837389 -5.296564
v 3.771328 19.837389 -5.296564
v 3.318270 19.837389 -5.296564
v 2.865211 19.837389 -5.296564
v 2.412153 19.837389 -5.296564
v 1.959095 19.837389 -5.296564
v 1.506037 19.837389 -5.296564
v 1.052979 19.837389 -5.296564
v 0.599920 19.837389 -5.296564
v 0.146862 19.837389 -5.296564
v -0.306196 19.837389 -5.296564
v -0.759254 19.837389 -5.296564
v -1.212313 19.837389 -5.296564
v -1.665371 19.837389 -5.296564
v -2.118429 19.837389 -5.296564
v -2.571487 19.837389 -5.296564
v -3.024546 19.837389 -5.296564
v -3.477604 19.837389 -5.296564
v -3.930662 19.837389 -5.296564
v -4.383720 19.837389 -5.296564
v -4.836779 19.837389 -5.296564
v -5.289837 19.837389 -5.296564
v -5.742895 19.837389 -5.296564
v -6.195953 19.837389 -5.296564
v -6.649012 19.837389 -5.296564
v -7.102070 19.837389 -5.296564
v -7.555128 19.837389 -5.296564
v -8.008186 19.837389 -5.296564
v -8.461245 19.837389 -5.296563
v -8.914303 19.837389 -5.296563
v -9.367361 19.837389 -5.296563
v -9.820419 19.837389 -5.296563
v -10.273478 19.837389 -5.296563
v -10.726536 19.837389 -5.296563
v -11.179594 19.837389 -5.296563
v -11.632652 19.837389 -5.296563
v -12.085711 19.837389 -5.296562
v -12.538769 19.837389 -5.296562
v -12.991827 19.837389 -5.296562
v -13.444885 19.837389 -5.296562
v -13.897943 19.837389 -5.296562
v -14.351002 19.837389 -5.296562
v -14.804060 19.837389 -5.296562
v -15.257118 19.837389 -5.296562
v -15.710176 19.837389 -5.296561
v -16.163235 19.837389 -5.296561
v -16.616293 19.837389 -5.296561
v -17.069351 19.837389 -5.296561
v -17.522409 19.837389 -5.296561
v -17.975468 19.837389 -5.296561
v -18.428526 19.837389 -5.296561
v -18.881584 19.837389 -5.296561
v -19.334642 19.837389 -5.296560
v -19.787701 19.837389 -5.296560
v -20.240759 19.837389 -5.296560
v -20.693817 19.837389 -5.296560
v -21.146875 19.837387 -5.296560
v 21.440599 19.837389 -5.398164
v 20.987541 19.837389 -5.398164
v 20.534483 19.837389 -5.398164
v 20.081425 19.837389 -5.398164
v 19.628366 19.837389 -5.398164
v 19.175308 19.837389 -5.398164
v 18.722250 19.837389 -5.398164
v 18.269192 19.837389 -5.398164
v 17.816133 19.837389 -5.398164
v 17.363075 19.837389 -5.398164
v 16.910017 19.837389 -5.398164
v 16.456959 19.837389 -5.398164
v 16.003901 19.837389 -5.398164
v 15.550842 19.837389 -5.398164
v 15.097784 19.837389 -5.398164
v 14.644726 19.837389 -5.398164
v 14.191668 19.837389 -5.398164
v 13.738609 19.837389 -5.398164
v 13.285551 19.837389 -5.398164
v 12.832493 19.837389 -5.398164
v 12.379435 19.837389 -5.398164
v 11.926376 19.837389 -5.398164
v 11.473318 19.837389 -5.398164
v 11.020260 19.837389 -5.398164
v 10.567202 19.837389 -5.398164
v 10.114143 19.837389 -5.398164
v 9.661085 19.837389 -5.398164
v 9.208027 19.837389 -5.398164
v 8.754969 19.837389 -5.398164
v 8.301910 19.837389 -5.398164
v 7.848852 19.837389 -5.398164
v 7.395794 19.837389 -5.398164
v 6.942736 19.837389 -5.398164
v 6.489677 19.837389 -5.398164
v 6.036619 19.837389 -5.398164
v 5.583561 19.837389 -5.398164
v 5.130503 19.837389 -5.398164
v 4.677444 19.837389 -5.398164
v 4.224386 19.837389 -5.398164
v 3.771328 19.837389 -5.398164
v 3.318270 19.837389 -5.398164
v 2.865211 19.837389 -5.398164
v 2.412153 19.837389 -5.398164
v 1.959095 19.837389 -5.398164
v 1.506037 19.837389 -5.398164
v 1.052979 19.837389 -5.398164
v 0.599920 19.837389 -5.398164
v 0.146862 19.837389 -5.398164
v -0.306196 19.837389 -5.398164
v -0.759254 19.837389 -5.398164
v -1.212313 19.837389 -5.398164
v -1.665371 19.837389 -5.398164
v -2.118429 19.837389 -5.398164
v -2.571487 19.837389 -5.398164
v -3.024546 19.837389 -5.398164
v -3.477604 19.837389 -5.398164
v -3.930662 19.837389 -5.398164
v -4.383720 19.837389 -5.398164
v -4.836779 19.837389 -5.398164
v -5.289837 19.837389 -5.398164
v -5.742895 19.837389 -5.398164
v -6.195953 19.837389 -5.398164
v -6.649012 19.837389 -5.398164
v -7.102070 19.837389 -5.398164
v -7.555128 19.837389 -5.398164
v -8.008186 19.837389 -5.398163
v -8.461245 19.837389 -5.398163
v -8.914303 19.837389 -5.398163
v -9.367361 19.837389 -5.398163
v -9.820419 19.837389 -5.398163
v -10.273478 19.837389 -5.398163
v -10.726536 19.837389 -5.398163
v -11.179594 19.837389 -5.398163
v -11.632652 19.837389 -5.398162
v -12.085711 19.837389 -5.398162
v -12.538769 19.837389 -5.398162
v -12.991827 19.837389 -5.398162
v -13.444885 19.837389 -5.398162
v -13.897943 19.837389 -5.398162
v -14.351002 19.837389 -5.398162
v -14.804060 19.837389 -5.398162
v -15.257118 19.837389 -5.398161
v -15.710176 19.837389 -5.398161
v -16.163235 19.837389 -5.398161
v -16.616293 19.837389 -5.398161
v -17.069351 19.837389 -5.398161
v -17.522409 19.837389 -5.398161
v -17.975468 19.837389 -5.398161
v -18.428526 19.837389 -5.398161
v -18.881584 19.837389 -5.398160
v -19.334642 19.837389 -5.398160
v -19.787701 19.837389 -5.398160
v -20.240759 19.837389 -5.398160
v -20.693817 19.837389 -5.398160
v -21.146875 19.837387 -5.398160
v -22.052992 19.837387 0.492153
v -22.052992 19.837387 0.593753
v 21.440599 19.837387 0.593753
v 21.893658 19.837387 0.593753
v 21.893658 19.837387 0.390553
v 21.893658 19.837387 0.288953
v -21.599934 19.837387 0.288953
v -22.052992 19.837387 0.288953
v -22.052992 19.837387 0.390553
v 21.893658 19.837387 0.492153
v -21.599934 19.837387 0.492153
v -21.599934 19.837387 0.390553
v -21.599934 19.837387 0.593753
v -20.240759 19.837387 0.593753
v -19.787701 19.837387 0.593753
v -18.428526 19.837387 0.593753
v -17.975468 19.837387 0.593753
v -16.616293 19.837387 0.593753
v -16.163235 19.837387 0.593753
v -14.804060 19.837387 0.593753
v -14.351002 19.837387 0.593753
v -12.991827 19.837387 0.593753
v -12.538769 19.837387 0.593753
v -11.179594 19.837387 0.593753
v -10.726536 19.837387 0.593753
v -9.367361 19.837387 0.593753
v -8.914303 19.837387 0.593753
v -7.555128 19.837387 0.593753
v -7.102070 19.837387 0.593753
v -5.742895 19.837387 0.593753
v -5.289837 19.837387 0.593753
v -3.930662 19.837387 0.593753
v -3.477604 19.837387 0.593753
v -2.118429 19.837387 0.593753
v -1.665371 19.837387 0.593753
v -0.306196 19.837387 0.593753
v 0.146862 19.837387 0.593753
v 1.506037 19.837387 0.593753
v 1.959095 19.837387 0.593753
v 3.318270 19.837387 0.593753
v 3.771328 19.837387 0.593753
v 5.130503 19.837387 0.593753
v 5.583561 19.837387 0.593753
v 6.942736 19.837387 0.593753
v 7.395794 19.837387 0.593753
v 8.754969 19.837387 0.593753
v 9.208027 19.837387 0.593753
v 10.567202 19.837387 0.593753
v 11.020260 19.837387 0.593753
v 12.379435 19.837387 0.593753
v 12.832493 19.837387 0.593753
v 14.191668 19.837387 0.593753
v 14.644726 19.837387 0.593753
v 16.003901 19.837387 0.593753
v 16.456959 19.837387 0.593753
v 17.816133 19.837387 0.593753
v 18.269192 19.837387 0.593753
v 19.628366 19.837387 0.593753
v 20.081425 19.837387 0.593753
v 21.440599 19.837387 0.288953
v 20.081425 19.837387 0.288953
v 19.628366 19.837387 0.288953
v 18.269192 19.837387 0.288953
v 17.816133 19.837387 0.288953
v 16.456959 19.837387 0.288953
v 16.003901 19.837387 0.288953
v 14.644726 19.837387 0.288953
v 14.191668 19.837387 0.288953
v 12.832493 19.837387 0.288953
v 12.379435 19.837387 0.288953
v 11.020260 19.837387 0.288953
v 10.567202 19.837387 0.288953
v 9.208027 19.837387 0.288953
v 8.754969 19.837387 0.288953
v 7.395794 19.837387 0.288953
v 6.942736 19.837387 0.288953
v 5.583561 19.837387 0.288953
v 5.130503 19.837387 0.288953
v 3.771328 19.837387 0.288953
v 3.318270 19.837387 0.288953
v 1.959095 19.837387 0.288953
v 1.506037 19.837387 0.288953
v 0.146862 19.837387 0.288953
v -0.306196 19.837387 0.288953
v -1.665371 19.837387 0.288953
v -2.118429 19.837387 0.288953
v -3.477604 19.837387 0.288953
v -3.930662 19.837387 0.288953
v -5.289837 19.837387 0.288953
v -5.742895 19.837387 0.288953
v -7.102070 19.837387 0.288953
v -7.555128 19.837387 0.288953
v -8.914303 19.837387 0.288953
v -9.367361 19.837387 0.288953
v -10.726536 19.837387 0.288953
v -11.179594 19.837387 0.288953
v -12.538769 19.837387 0.288953
v -12.991827 19.837387 0.288953
v -14.351002 19.837387 0.288953
v -14.804060 19.837387 0.288953
v -16.163235 19.837387 0.288953
v -16.616293 19.837387 0.288953
v -17.975468 19.837387 0.288953
v -18.428526 19.837387 0.288953
v -19.787701 19.837387 0.288953
v -20.240759 19.837387 0.288953
v 21.440599 19.837387 0.492153
v 20.987541 19.837387 0.492153
v 20.534483 19.837387 0.492153
v 20.081425 19.837387 0.492153
v 19.628366 19.837387 0.492153
v 19.175308 19.837387 0.492153
v 18.722250 19.837387 0.492153
v 18.269192 19.837387 0.492153
v 17.816133 19.837387 0.492153
v 17.363075 19.837387 0.492153
v 16.910017 19.837387 0.492153
v 16.456959 19.837387 0.492153
v 16.003901 19.837387 0.492153
v 15.550842 19.837387 0.492153
v 15.097784 19.837387 0.492153
v 14.644726 19.837387 0.492153
v 14.191668 19.837387 0.492153
v 13.738609 19.837387 0.492153
v 13.285551 19.837387 0.492153
v 12.832493 19.837387 0.492153
v 12.379435 19.837387 0.492153
v 11.926376 19.837387 0.492153
v 11.473318 19.837387 0.492153
v 11.020260 19.837387 0.492153
v 10.567202 19.837387 0.492153
v 10.114143 19.837387 0.492153
v 9.661085 19.837387 0.492153
v 9.208027 19.837387 0.492153
v 8.754969 19.837387 0.492153
v 8.301910 19.837387 0.492153
v 7.848852 19.837387 0.492153
v 7.395794 19.837387 0.492153
v 6.942736 19.837387 0.492153
v 6.489677 19.837387 0.492153
v 6.036619 19.837387 0.492153
v 5.583561 19.837387 0.492153
v 5.130503 19.837387 0.492153
v 4.677444 19.837387 0.492153
v 4.224386 19.837387 0.492153
v 3.771328 19.837387 0.492153
v 3.318270 19.837387 0.492153
v 2.865211 19.837387 0.492153
v 2.412153 19.837387 0.492153
v 1.959095 19.837387 0.492153
v 1.506037 19.837387 0.492153
v 1.052979 19.837387 0.492153
v 0.599920 19.837387 0.492153
v 0.146862 19.837387 0.492153
v -0.306196 19.837387 0.492153
v -0.759254 19.837387 0.492153
v -1.212313 19.837387 0.492153
v -1.665371 19.837387 0.492153
v -2.118429 19.837387 0.492153
v -2.571487 19.837387 0.492153
v -3.024546 19.837387 0.492153
v -3.477604 19.837387 0.492153
v -3.930662 19.837387 0.492153
v -4.383720 19.837387 0.492153
v -4.836779 19.837387 0.492153
v -5.289837 19.837387 0.492153
v -5.742895 19.837387 0.492153
v -6.195953 19.837387 0.492153
v -6.649012 19.837387 0.492153
v -7.102070 19.837387 0.492153
v -7.555128 19.837387 0.492153
v -8.008186 19.837387 0.492153
v -8.461245 19.837387 0.492153
v -8.914303 19.837387 0.492153
v -9.367361 19.837387 0.492153
v -9.820419 19.837387 0.492153
v -10.273478 19.837387 0.492153
v -10.726536 19.837387 0.492153
v -11.179594 19.837387 0.492153
v -11.632652 19.837387 0.492153
v -12.085711 19.837387 0.492153
v -12.538769 19.837387 0.492153
v -12.991827 19.837387 0.492153
v -13.444885 19.837387 0.492153
v -13.897943 19.837387 0.492153
v -14.351002 19.837387 0.492153
v -14.804060 19.837387 0.492153
v -15.257118 19.837387 0.492153
v -15.710176 19.837387 0.492153
v -16.163235 19.837387 0.492153
v -16.616293 19.837387 0.492153
v -17.069351 19.837387 0.492153
v -17.522409 19.837387 0.492153
v -17.975468 19.837387 0.492153
v -18.428526 19.837387 0.492153
v -18.881584 19.837387 0.492153
v -19.334642 19.837387 0.492153
v -19.787701 19.837387 0.492153
v -20.240759 19.837387 0.492153
v -20.693817 19.837387 0.492153
v -21.146875 19.837387 0.492153
v 21.440599 19.837387 0.390553
v 20.987541 19.837387 0.390553
v 20.534483 19.837387 0.390553
v 20.081425 19.837387 0.390553
v 19.628366 19.837387 0.390553
v 19.175308 19.837387 0.390553
v 18.722250 19.837387 0.390553
v 18.269192 19.837387 0.390553
v 17.816133 19.837387 0.390553
v 17.363075 19.837387 0.390553
v 16.910017 19.837387 0.390553
v 16.456959 19.837387 0.390553
v 16.003901 19.837387 0.390553
v 15.550842 19.837387 0.390553
v 15.097784 19.837387 0.390553
v 14.644726 19.837387 0.390553
v 14.191668 19.837387 0.390553
v 13.738609 19.837387 0.390553
v 13.285551 19.837387 0.390553
v 12.832493 19.837387 0.390553
v 12.379435 19.837387 0.390553
v 11.926376 19.837387 0.390553
v 11.473318 19.837387 0.390553
v 11.020260 19.837387 0.390553
v 10.567202 19.837387 0.390553
v 10.114143 19.837387 0.390553
v 9.661085 19.837387 0.390553
v 9.208027 19.837387 0.390553
v 8.754969 19.837387 0.390553
v 8.301910 19.837387 0.390553
v 7.848852 19.837387 0.390553
v 7.395794 19.837387 0.390553
v 6.942736 19.837387 0.390553
v 6.489677 19.837387 0.390553
v 6.036619 19.837387 0.390553
v 5.583561 19.837387 0.390553
v 5.130503 19.837387 0.390553
v 4.677444 19.837387 0.390553
v 4.224386 19.837387 0.390553
v 3.771328 19.837387 0.390553
v 3.318270 19.837387 0.390553
v 2.865211 19.837387 0.390553
v 2.412153 19.837387 0.390553
v 1.959095 19.837387 0.390553
v 1.506037 19.837387 0.390553
v 1.052979 19.837387 0.390553
v 0.599920 19.837387 0.390553
v 0.146862 19.837387 0.390553
v -0.306196 19.837387 0.390553
v -0.759254 19.837387 0.390553
v -1.212313 19.837387 0.390553
v -1.665371 19.837387 0.390553
v -2.118429 19.837387 0.390553
v -2.571487 19.837387 0.390553
v -3.024546 19.837387 0.390553
v -3.477604 19.837387 0.390553
v -3.930662 19.837387 0.390553
v -4.383720 19.837387 0.390553
v -4.836779 19.837387 0.390553
v -5.289837 19.837387 0.390553
v -5.742895 19.837387 0.390553
v -6.195953 19.837387 0.390553
v -6.649012 19.837387 0.390553
v -7.102070 19.837387 0.390553
v -7.555128 19.837387 0.390553
v -8.008186 19.837387 0.390553
v -8.461245 19.837387 0.390553
v -8.914303 19.837387 0.390553
v -9.367361 19.837387 0.390553
v -9.820419 19.837387 0.390553
v -10.273478 19.837387 0.390553
v -10.726536 19.837387 0.390553
v -11.179594 19.837387 0.390553
v -11.632652 19.837387 0.390553
v -12.085711 19.837387 0.390553
v -12.538769 19.837387 0.390553
v -12.991827 19.837387 0.390553
v -13.444885 19.837387 0.390553
v -13.897943 19.837387 0.390553
v -14.351002 19.837387 0.390553
v -14.804060 19.837387 0.390553
v -15.257118 19.837387 0.390553
v -15.710176 19.837387 0.390553
v -16.163235 19.837387 0.390553
v -16.616293 19.837387 0.390553
v -17.069351 19.837387 0.390553
v -17.522409 19.837387 0.390553
v -17.975468 19.837387 0.390553
v -18.428526 19.837387 0.390553
v -18.881584 19.837387 0.390553
v -19.334642 19.837387 0.390553
v -19.787701 19.837387 0.390553
v -20.240759 19.837387 0.390553
v -20.693817 19.837387 0.390553
v -21.146875 19.837387 0.390553
v -22.052992 18.922987 -4.585360
v 21.440599 19.075390 -4.585364
v 20.987541 19.075390 -4.585364
v 20.534483 19.075390 -4.585364
v 20.081425 19.075390 -4.585364
v 19.628366 19.075390 -4.585364
v 19.175308 19.075390 -4.585364
v 18.722250 19.075390 -4.585364
v 18.269192 19.075390 -4.585364
v 17.816133 19.075390 -4.585364
v 17.363075 19.075390 -4.585364
v 16.910017 19.075390 -4.585364
v 16.456959 19.075390 -4.585364
v 16.003901 19.075390 -4.585364
v 15.550842 19.075390 -4.585364
v 15.097784 19.075390 -4.585364
v 14.644726 19.075390 -4.585364
v 14.191668 19.075390 -4.585364
v 13.738609 19.075390 -4.585364
v 13.285551 19.075390 -4.585364
v 12.832493 19.075390 -4.585364
v 12.379435 19.075390 -4.585364
v 11.926376 19.075390 -4.585364
v 11.473318 19.075390 -4.585364
v 11.020260 19.075390 -4.585364
v 10.567202 19.075390 -4.585364
v 10.114143 19.075390 -4.585364
v 9.661085 19.075390 -4.585364
v 9.208027 19.075390 -4.585363
v 8.754969 19.075390 -4.585363
v 8.301910 19.075390 -4.585363
v 7.848852 19.075390 -4.585363
v 7.395794 19.075390 -4.585363
v 6.942736 19.075390 -4.585363
v 6.489677 19.075390 -4.585363
v 6.036619 19.075390 -4.585363
v 5.583561 19.075390 -4.585363
v 5.130503 19.075390 -4.585363
v 4.677444 19.075390 -4.585363
v 4.224386 19.075390 -4.585363
v 3.771328 19.075390 -4.585363
v 3.318270 19.075390 -4.585363
v 2.865211 19.075390 -4.585363
v 2.412153 19.075390 -4.585363
v 1.959095 19.075390 -4.585362
v 1.506037 19.075390 -4.585362
v 1.052979 19.075390 -4.585362
v 0.599920 19.075390 -4.585362
v 0.146862 19.075390 -4.585362
v -0.306196 19.075390 -4.585362
v -0.759254 19.075390 -4.585362
v -1.212313 19.075390 -4.585362
v -1.665371 19.075390 -4.585362
v -2.118429 19.075390 -4.585362
v -2.571487 19.075390 -4.585362
v -3.024546 19.075390 -4.585362
v -3.477604 19.075390 -4.585362
v -3.930662 19.075390 -4.585362
v -4.383720 19.075390 -4.585362
v -4.836779 19.075390 -4.585362
v -5.289837 19.075390 -4.585361
v -5.742895 19.075390 -4.585361
v -6.195953 19.075390 -4.585361
v -6.649012 19.075390 -4.585361
v -7.102070 19.075390 -4.585361
v -7.555128 19.075390 -4.585361
v -8.008186 19.075390 -4.585361
v -8.461245 19.075390 -4.585361
v -8.914303 19.075390 -4.585361
v -9.367361 19.075390 -4.585361
v -9.820419 19.075390 -4.585361
v -10.273478 19.075390 -4.585361
v -10.726536 19.075390 -4.585361
v -11.179594 19.075390 -4.585361
v -11.632652 19.075390 -4.585361
v -12.085711 19.075390 -4.585361
v -12.538769 19.075390 -4.585361
v -12.991827 19.075390 -4.585361
v -13.444885 19.075390 -4.585361
v -13.897943 19.075390 -4.585361
v -14.351002 19.075390 -4.585361
v -14.804060 19.075390 -4.585361
v -15.257118 19.075390 -4.585361
v -15.710176 19.075390 -4.585361
v -16.163235 19.075390 -4.585361
v -16.616293 19.075390 -4.585361
v -17.069351 19.075390 -4.585361
v -17.522409 19.075390 -4.585361
v -17.975468 19.075390 -4.585360
v -18.428526 19.075390 -4.585360
v -18.881584 19.075390 -4.585360
v -19.334642 19.075390 -4.585360
v -19.787701 19.075390 -4.585360
v -20.240759 19.075390 -4.585360
v -20.693817 19.075390 -4.585360
v -21.146875 19.075388 -4.585360
v -21.599934 19.075386 -4.585360
v -22.052992 18.922987 -0.320647
v 21.440599 19.075386 -0.320647
v 20.987541 19.075386 -0.320647
v 20.534483 19.075386 -0.320647
v 20.081425 19.075386 -0.320647
v 19.628366 19.075386 -0.320647
v 19.175308 19.075386 -0.320647
v 18.722250 19.075386 -0.320647
v 18.269192 19.075386 -0.320647
v 17.816133 19.075386 -0.320647
v 17.363075 19.075386 -0.320647
v 16.910017 19.075386 -0.320647
v 16.456959 19.075386 -0.320647
v 16.003901 19.075386 -0.320647
v 15.550842 19.075386 -0.320647
v 15.097784 19.075386 -0.320647
v 14.644726 19.075386 -0.320647
v 14.191668 19.075386 -0.320647
v 13.738609 19.075386 -0.320647
v 13.285551 19.075386 -0.320647
v 12.832493 19.075386 -0.320647
v 12.379435 19.075386 -0.320647
v 11.926376 19.075386 -0.320647
v 11.473318 19.075386 -0.320647
v 11.020260 19.075386 -0.320647
v 10.567202 19.075386 -0.320647
v 10.114143 19.075386 -0.320647
v 9.661085 19.075386 -0.320647
v 9.208027 19.075386 -0.320647
v 8.754969 19.075386 -0.320647
v 8.301910 19.075386 -0.320647
v 7.848852 19.075386 -0.320647
v 7.395794 19.075386 -0.320647
v 6.942736 19.075386 -0.320647
v 6.489677 19.075386 -0.320647
v 6.036619 19.075386 -0.320647
v 5.583561 19.075386 -0.320647
v 5.130503 19.075386 -0.320647
v 4.677444 19.075386 -0.320647
v 4.224386 19.075386 -0.320647
v 3.771328 19.075386 -0.320647
v 3.318270 19.075386 -0.320647
v 2.865211 19.075386 -0.320647
v 2.412153 19.075386 -0.320647
v 1.959095 19.075386 -0.320647
v 1.506037 19.075386 -0.320647
v 1.052979 19.075386 -0.320647
v 0.599920 19.075386 -0.320647
v 0.146862 19.075386 -0.320647
v -0.306196 19.075386 -0.320647
v -0.759254 19.075386 -0.320647
v -1.212313 19.075386 -0.320647
v -1.665371 19.075386 -0.320647
v -2.118429 19.075386 -0.320647
v -2.571487 19.075386 -0.320647
v -3.024546 19.075386 -0.320647
v -3.477604 19.075386 -0.320647
v -3.930662 19.075386 -0.320647
v -4.383720 19.075386 -0.320647
v -4.836779 19.075386 -0.320647
v -5.289837 19.075386 -0.320647
v -5.742895 19.075386 -0.320647
v -6.195953 19.075386 -0.320647
v -6.649012 19.075386 -0.320647
v -7.102070 19.075386 -0.320647
v -7.555128 19.075386 -0.320647
v -8.008186 19.075386 -0.320647
v -8.461245 19.075386 -0.320647
v -8.914303 19.075386 -0.320647
v -9.367361 19.075386 -0.320647
v -9.820419 19.075386 -0.320647
v -10.273478 19.075386 -0.320647
v -10.726536 19.075386 -0.320647
v -11.179594 19.075386 -0.320647
v -11.632652 19.075386 -0.320647
v -12.085711 19.075386 -0.320647
v -12.538769 19.075386 -0.320647
v -12.991827 19.075386 -0.320647
v -13.444885 19.075386 -0.320647
v -13.897943 19.075386 -0.320647
v -14.351002 19.075386 -0.320647
v -14.804060 19.075386 -0.320647
v -15.257118 19.075386 -0.320647
v -15.710176 19.075386 -0.320647
v -16.163235 19.075386 -0.320647
v -16.616293 19.075386 -0.320647
v -17.069351 19.075386 -0.320647
v -17.522409 19.075386 -0.320647
v -17.975468 19.075386 -0.320647
v -18.428526 19.075386 -0.320647
v -18.881584 19.075386 -0.320647
v -19.334642 19.075386 -0.320647
v -19.787701 19.075386 -0.320647
v -20.240759 19.075386 -0.320647
v -20.693817 19.075386 -0.320647
v -21.146875 19.075386 -0.320647
v -21.599934 19.075386 -0.320647
v -21.146875 18.999187 -4.585360
v -21.599934 18.999187 -4.585360
v -20.693817 18.999189 -4.585360
v -20.240759 18.999189 -4.585360
v -19.787701 18.999189 -4.585360
v -19.334642 18.999189 -4.585360
v -18.881584 18.999189 -4.585360
v -18.428526 18.999189 -4.585360
v -17.975468 18.999189 -4.585360
v -17.522409 18.999189 -4.585361
v -17.069351 18.999189 -4.585361
v -16.616293 18.999189 -4.585361
v -16.163235 18.999189 -4.585361
v -15.710176 18.999189 -4.585361
v -15.257118 18.999189 -4.585361
v -14.804060 18.999189 -4.585361
v -14.351002 18.999189 -4.585361
v -13.897943 18.999189 -4.585361
v -13.444885 18.999189 -4.585361
v -12.991827 18.999189 -4.585361
v -12.538769 18.999189 -4.585361
v -12.085711 18.999189 -4.585361
v -11.632652 18.999189 -4.585361
v -11.179594 18.999189 -4.585361
v -10.726536 18.999189 -4.585361
v -10.273478 18.999189 -4.585361
v -9.820419 18.999189 -4.585361
v -9.367361 18.999189 -4.585361
v -8.914303 18.999189 -4.585361
v -8.461245 18.999189 -4.585361
v -8.008186 18.999189 -4.585361
v -7.555128 18.999189 -4.585361
v -7.102070 18.999189 -4.585361
v -6.649012 18.999189 -4.585361
v -6.195953 18.999189 -4.585361
v -5.742895 18.999189 -4.585361
v -5.289837 18.999189 -4.585361
v -4.836779 18.999189 -4.585362
v -4.383720 18.999189 -4.585362
v -3.930662 18.999189 -4.585362
v -3.477604 18.999189 -4.585362
v -3.024546 18.999189 -4.585362
v -2.571487 18.999189 -4.585362
v -2.118429 18.999189 -4.585362
v -1.665371 18.999189 -4.585362
v -1.212313 18.999189 -4.585362
v -0.759254 18.999189 -4.585362
v -0.306196 18.999189 -4.585362
v 0.146862 18.999189 -4.585362
v 0.599920 18.999189 -4.585362
v 1.052979 18.999189 -4.585362
v 1.506037 18.999189 -4.585362
v 1.959095 18.999189 -4.585362
v 2.412153 18.999189 -4.585363
v 2.865211 18.999189 -4.585363
v 3.318270 18.999189 -4.585363
v 3.771328 18.999189 -4.585363
v 4.224386 18.999189 -4.585363
v 4.677444 18.999189 -4.585363
v 5.130503 18.999189 -4.585363
v 5.583561 18.999189 -4.585363
v 6.036619 18.999189 -4.585363
v 6.489677 18.999189 -4.585363
v 6.942736 18.999189 -4.585363
v 7.395794 18.999189 -4.585363
v 7.848852 18.999189 -4.585363
v 8.301910 18.999189 -4.585363
v 8.754969 18.999189 -4.585363
v 9.208027 18.999189 -4.585363
v 9.661085 18.999189 -4.585364
v 10.114143 18.999189 -4.585364
v 10.567202 18.999189 -4.585364
v 11.020260 18.999189 -4.585364
v 11.473318 18.999189 -4.585364
v 11.926376 18.999189 -4.585364
v 12.379435 18.999189 -4.585364
v 12.832493 18.999189 -4.585364
v 13.285551 18.999189 -4.585364
v 13.738609 18.999189 -4.585364
v 14.191668 18.999189 -4.585364
v 14.644726 18.999189 -4.585364
v 15.097784 18.999189 -4.585364
v 15.550842 18.999189 -4.585364
v 16.003901 18.999189 -4.585364
v 16.456959 18.999189 -4.585364
v 16.910017 18.999189 -4.585364
v 17.363075 18.999189 -4.585364
v 17.816133 18.999189 -4.585364
v 18.269192 18.999189 -4.585364
v 18.722250 18.999189 -4.585364
v 19.175308 18.999189 -4.585364
v 19.628366 18.999189 -4.585364
v 20.081425 18.999189 -4.585364
v 20.534483 18.999189 -4.585364
v 20.987541 18.999189 -4.585364
v 21.440599 18.999189 -4.585364
v 21.440599 18.999187 -0.320647
v 20.987541 18.999187 -0.320647
v 20.534483 18.999187 -0.320647
v 20.081425 18.999187 -0.320647
v 19.628366 18.999187 -0.320647
v 19.175308 18.999187 -0.320647
v 18.722250 18.999187 -0.320647
v 18.269192 18.999187 -0.320647
v 17.816133 18.999187 -0.320647
v 17.363075 18.999187 -0.320647
v 16.910017 18.999187 -0.320647
v 16.456959 18.999187 -0.320647
v 16.003901 18.999187 -0.320647
v 15.550842 18.999187 -0.320647
v 15.097784 18.999187 -0.320647
v 14.644726 18.999187 -0.320647
v 14.191668 18.999187 -0.320647
v 13.738609 18.999187 -0.320647
v 13.285551 18.999187 -0.320647
v 12.832493 18.999187 -0.320647
v 12.379435 18.999187 -0.320647
v 11.926376 18.999187 -0.320647
v 11.473318 18.999187 -0.320647
v 11.020260 18.999187 -0.320647
v 10.567202 18.999187 -0.320647
v 10.114143 18.999187 -0.320647
v 9.661085 18.999187 -0.320647
v 9.208027 18.999187 -0.320647
v 8.754969 18.999187 -0.320647
v 8.301910 18.999187 -0.320647
v 7.848852 18.999187 -0.320647
v 7.395794 18.999187 -0.320647
v 6.942736 18.999187 -0.320647
v 6.489677 18.999187 -0.320647
v 6.036619 18.999187 -0.320647
v 5.583561 18.999187 -0.320647
v 5.130503 18.999187 -0.320647
v 4.677444 18.999187 -0.320647
v 4.224386 18.999187 -0.320647
v 3.771328 18.999187 -0.320647
v 3.318270 18.999187 -0.320647
v 2.865211 18.999187 -0.320647
v 2.412153 18.999187 -0.320647
v 1.959095 18.999187 -0.320647
v 1.506037 18.999187 -0.320647
v 1.052979 18.999187 -0.320647
v 0.599920 18.999187 -0.320647
v 0.146862 18.999187 -0.320647
v -0.306196 18.999187 -0.320647
v -0.759254 18.999187 -0.320647
v -1.212313 18.999187 -0.320647
v -1.665371 18.999187 -0.320647
v -2.118429 18.999187 -0.320647
v -2.571487 18.999187 -0.320647
v -3.024546 18.999187 -0.320647
v -3.477604 18.999187 -0.320647
v -3.930662 18.999187 -0.320647
v -4.383720 18.999187 -0.320647
v -4.836779 18.999187 -0.320647
v -5.289837 18.999187 -0.320647
v -5.742895 18.999187 -0.320647
v -6.195953 18.999187 -0.320647
v -6.649012 18.999187 -0.320647
v -7.102070 18.999187 -0.320647
v -7.555128 18.999187 -0.320647
v -8.008186 18.999187 -0.320647
v -8.461245 18.999187 -0.320647
v -8.914303 18.999187 -0.320647
v -9.367361 18.999187 -0.320647
v -9.820419 18.999187 -0.320647
v -10.273478 18.999187 -0.320647
v -10.726536 18.999187 -0.320647
v -11.179594 18.999187 -0.320647
v -11.632652 18.999187 -0.320647
v -12.085711 18.999187 -0.320647
v -12.538769 18.999187 -0.320647
v -12.991827 18.999187 -0.320647
v -13.444885 18.999187 -0.320647
v -13.897943 18.999187 -0.320647
v -14.351002 18.999187 -0.320647
v -14.804060 18.999187 -0.320647
v -15.257118 18.999187 -0.320647
v -15.710176 18.999187 -0.320647
v -16.163235 18.999187 -0.320647
v -16.616293 18.999187 -0.320647
v -17.069351 18.999187 -0.320647
v -17.522409 18.999187 -0.320647
v -17.975468 18.999187 -0.320647
v -18.428526 18.999187 -0.320647
v -18.881584 18.999187 -0.320647
v -19.334642 18.999187 -0.320647
v -19.787701 18.999187 -0.320647
v -20.240759 18.999187 -0.320647
v -20.693817 18.999187 -0.320647
v -21.146875 18.999187 -0.320647
v -21.599934 18.999187 -0.320647
v 21.893658 18.922989 -5.194964
v 21.893658 18.922989 -5.194964
v 21.893658 18.922989 -4.585364
v 21.893658 18.922989 0.288953
v 21.893658 18.922989 0.288953
v 21.893658 18.922989 0.390553
v 21.893658 18.922989 0.492153
v 21.893658 18.922989 -4.585364
v 21.893658 18.922989 -0.320647
v 21.893658 18.922989 -0.320647
vn -0.0000 -0.0000 -1.0000
vn -0.3188 0.9478 -0.0000
vn 1.0000 -0.0000 -0.0000
vn -0.0000 -0.0000 1.0000
vn -1.0000 -0.0000 -0.0000
vn -0.0000 1.0000 -0.0000
vn -0.1659 0.9861 -0.0000
vn 0.3188 0.9478 -0.0000
vn 0.1659 0.9861 -0.0000
vt 0.275059 0.092784
vt 0.275059 0.103093
vt 0.254251 0.103093
vt 0.254251 0.092784
vt 0.113226 0.010309
vt 0.099355 0.010309
vt 0.099355 0.000000
vt 0.113226 0.000000
vt 0.370839 0.361013
vt 0.373151 0.361013
vt 0.373151 0.381821
vt 0.370839 0.381821
vt 0.205514 0.340206
vt 0.215823 0.340206
vt 0.215823 0.357546
vt 0.205514 0.357546
vt 0.309738 0.000000
vt 0.309738 0.010309
vt 0.292398 0.010309
vt 0.292398 0.000000
vt 0.191832 0.072165
vt 0.191832 0.082474
vt 0.171024 0.082474
vt 0.171024 0.072165
vt 0.292398 0.103093
vt 0.292398 0.113402
vt 0.275059 0.113402
vt 0.275059 0.103093
vt 0.384711 0.330086
vt 0.387023 0.330086
vt 0.387023 0.347425
vt 0.384711 0.347425
vt 0.191832 0.092783
vt 0.171024 0.092783
vt 0.327077 0.124842
vt 0.337386 0.124842
vt 0.337386 0.145649
vt 0.327077 0.145649
vt 0.292398 0.092784
vt 0.275059 0.092784
vt 0.366216 0.361013
vt 0.368528 0.361013
vt 0.368528 0.381821
vt 0.366216 0.381821
vt 0.171024 0.092784
vt 0.171024 0.103093
vt 0.150217 0.103093
vt 0.150217 0.092784
vt 0.254253 0.268042
vt 0.254253 0.278351
vt 0.236914 0.278351
vt 0.236914 0.268042
vt 0.383436 0.221943
vt 0.385748 0.221943
vt 0.385748 0.239283
vt 0.383436 0.239283
vt 0.378812 0.201136
vt 0.381124 0.201136
vt 0.381124 0.221943
vt 0.378812 0.221943
vt 0.171024 0.113402
vt 0.150217 0.113402
vt 0.254253 0.257732
vt 0.236914 0.257732
vt 0.383436 0.187263
vt 0.385748 0.187263
vt 0.385748 0.204603
vt 0.383436 0.204603
vt 0.171024 0.123712
vt 0.150217 0.123712
vt 0.327077 0.166456
vt 0.337386 0.166456
vt 0.337386 0.187263
vt 0.327077 0.187263
vt 0.254253 0.247423
vt 0.236914 0.247423
vt 0.376500 0.117907
vt 0.378812 0.117907
vt 0.378812 0.138714
vt 0.376500 0.138714
vt 0.191832 0.123712
vt 0.191832 0.134021
vt 0.171024 0.134021
vt 0.292398 0.144330
vt 0.292398 0.154639
vt 0.275059 0.154639
vt 0.275059 0.144330
vt 0.383436 0.069357
vt 0.385748 0.069357
vt 0.385748 0.086697
vt 0.383436 0.086697
vt 0.376406 0.247423
vt 0.378718 0.247423
vt 0.378718 0.268230
vt 0.376406 0.268230
vt 0.191832 0.144330
vt 0.171024 0.144330
vt 0.292398 0.134021
vt 0.275059 0.134021
vt 0.383342 0.289038
vt 0.385654 0.289038
vt 0.385654 0.306377
vt 0.383342 0.306377
vt 0.191832 0.154639
vt 0.171024 0.154639
vt 0.327077 0.208071
vt 0.337386 0.208071
vt 0.337386 0.228878
vt 0.327077 0.228878
vt 0.292398 0.123712
vt 0.275059 0.123712
vt 0.347696 0.017340
vt 0.358006 0.017340
vt 0.358006 0.034679
vt 0.347696 0.034679
vt 0.194143 0.357546
vt 0.196455 0.357546
vt 0.196455 0.378353
vt 0.194143 0.378353
vt 0.171024 0.185568
vt 0.171024 0.195877
vt 0.150217 0.195877
vt 0.150217 0.185568
vt 0.236914 0.298969
vt 0.236914 0.309278
vt 0.219574 0.309278
vt 0.219574 0.298969
vt 0.343285 0.368231
vt 0.345597 0.368231
vt 0.345597 0.385571
vt 0.343285 0.385571
vt 0.379874 0.000000
vt 0.382185 0.000000
vt 0.382185 0.020807
vt 0.379874 0.020807
vt 0.171024 0.206186
vt 0.150217 0.206186
vt 0.236914 0.288660
vt 0.219574 0.288660
vt 0.337600 0.368231
vt 0.339912 0.368231
vt 0.339912 0.385571
vt 0.337600 0.385571
vt 0.171024 0.216496
vt 0.150217 0.216496
vt 0.229883 0.309278
vt 0.229883 0.330086
vt 0.219574 0.330086
vt 0.219574 0.278351
vt 0.347696 0.156054
vt 0.358006 0.156054
vt 0.358006 0.173393
vt 0.347696 0.173393
vt 0.376500 0.180328
vt 0.378812 0.180328
vt 0.378812 0.201136
vt 0.376500 0.201136
vt 0.233446 0.154638
vt 0.233446 0.164948
vt 0.212639 0.164948
vt 0.212639 0.154638
vt 0.167557 0.298969
vt 0.167557 0.309278
vt 0.150217 0.309278
vt 0.150217 0.298969
vt 0.322667 0.368231
vt 0.324979 0.368231
vt 0.324979 0.385571
vt 0.322667 0.385571
vt 0.378718 0.268230
vt 0.381030 0.268230
vt 0.381030 0.289038
vt 0.378718 0.289038
vt 0.233446 0.175257
vt 0.212639 0.175257
vt 0.167557 0.288660
vt 0.150217 0.288660
vt 0.316981 0.368231
vt 0.319293 0.368231
vt 0.319293 0.385571
vt 0.316981 0.385571
vt 0.233446 0.185566
vt 0.212639 0.185566
vt 0.167557 0.278351
vt 0.150217 0.278351
vt 0.337386 0.020807
vt 0.347695 0.020807
vt 0.347695 0.041615
vt 0.337386 0.041615
vt 0.347695 0.225410
vt 0.358005 0.225410
vt 0.358005 0.242750
vt 0.347695 0.242750
vt 0.370839 0.361013
vt 0.370839 0.381821
vt 0.254251 0.061855
vt 0.254251 0.072165
vt 0.233444 0.072165
vt 0.233444 0.061855
vt 0.292398 0.051546
vt 0.292398 0.061855
vt 0.275059 0.061855
vt 0.275059 0.051546
vt 0.302236 0.368231
vt 0.304548 0.368231
vt 0.304548 0.385571
vt 0.302236 0.385571
vt 0.378812 0.117907
vt 0.381124 0.117907
vt 0.381124 0.138714
vt 0.378812 0.138714
vt 0.254251 0.082474
vt 0.233444 0.082474
vt 0.292398 0.041237
vt 0.275059 0.041237
vt 0.297613 0.368231
vt 0.299925 0.368231
vt 0.299925 0.385571
vt 0.297613 0.385571
vt 0.254251 0.092783
vt 0.233444 0.092783
vt 0.292398 0.030928
vt 0.275059 0.030928
vt 0.323609 0.247423
vt 0.333919 0.247423
vt 0.333919 0.268230
vt 0.323609 0.268230
vt 0.347695 0.121374
vt 0.358005 0.121374
vt 0.358005 0.138714
vt 0.347695 0.138714
vt 0.376500 0.076292
vt 0.378812 0.076292
vt 0.378812 0.097099
vt 0.376500 0.097099
vt 0.202234 0.268042
vt 0.202234 0.278351
vt 0.184895 0.278351
vt 0.184895 0.268042
vt 0.286053 0.368231
vt 0.288365 0.368231
vt 0.288365 0.385571
vt 0.286053 0.385571
vt 0.205514 0.357546
vt 0.207826 0.357546
vt 0.207826 0.378353
vt 0.205514 0.378353
vt 0.202234 0.257732
vt 0.184895 0.257732
vt 0.281430 0.368231
vt 0.283741 0.368231
vt 0.283741 0.385571
vt 0.281430 0.385571
vt 0.281901 0.309278
vt 0.292210 0.309278
vt 0.292210 0.330086
vt 0.281901 0.330086
vt 0.202234 0.247423
vt 0.184895 0.247423
vt 0.347695 0.052017
vt 0.358005 0.052017
vt 0.358005 0.069357
vt 0.347695 0.069357
vt 0.198767 0.357546
vt 0.198767 0.378353
vt 0.219574 0.268042
vt 0.273432 0.368231
vt 0.275744 0.368231
vt 0.275744 0.385571
vt 0.273432 0.385571
vt 0.201079 0.357546
vt 0.203391 0.357546
vt 0.203391 0.378353
vt 0.201079 0.378353
vt 0.219574 0.257732
vt 0.275744 0.368231
vt 0.278056 0.368231
vt 0.278056 0.385571
vt 0.275744 0.385571
vt 0.250502 0.330086
vt 0.260811 0.330086
vt 0.260811 0.350893
vt 0.250502 0.350893
vt 0.219574 0.247423
vt 0.337386 0.246218
vt 0.327077 0.246218
vt 0.378812 0.117907
vt 0.376500 0.117907
vt 0.254251 0.154638
vt 0.254251 0.164948
vt 0.233444 0.164948
vt 0.233444 0.154638
vt 0.376500 0.138714
vt 0.378812 0.138714
vt 0.378812 0.159521
vt 0.376500 0.159521
vt 0.254251 0.175257
vt 0.233444 0.175257
vt 0.290677 0.368231
vt 0.290677 0.385571
vt 0.327077 0.020807
vt 0.337386 0.020807
vt 0.337386 0.041615
vt 0.327077 0.041615
vt 0.254251 0.185566
vt 0.233444 0.185566
vt 0.347695 0.208071
vt 0.358005 0.208071
vt 0.378247 0.309278
vt 0.380558 0.309278
vt 0.380558 0.330086
vt 0.378247 0.330086
vt 0.212639 0.216496
vt 0.212639 0.226805
vt 0.191832 0.226805
vt 0.191832 0.216496
vt 0.309172 0.368231
vt 0.311484 0.368231
vt 0.311484 0.385571
vt 0.309172 0.385571
vt 0.381124 0.097099
vt 0.381124 0.117907
vt 0.212639 0.237114
vt 0.191832 0.237114
vt 0.314669 0.368231
vt 0.314669 0.385571
vt 0.327077 0.062422
vt 0.337386 0.062422
vt 0.337386 0.083229
vt 0.327077 0.083229
vt 0.367252 0.117907
vt 0.369564 0.117907
vt 0.369564 0.128216
vt 0.367252 0.128216
vt 0.369564 0.138525
vt 0.367252 0.138525
vt 0.369564 0.148834
vt 0.367252 0.148834
vt 0.212639 0.247423
vt 0.191832 0.247423
vt 0.371876 0.065607
vt 0.374188 0.065607
vt 0.374188 0.075916
vt 0.371876 0.075916
vt 0.374188 0.086226
vt 0.371876 0.086226
vt 0.374188 0.096535
vt 0.371876 0.096535
vt 0.150217 0.340206
vt 0.160526 0.340206
vt 0.160526 0.357546
vt 0.150217 0.357546
vt 0.368528 0.330086
vt 0.370839 0.330086
vt 0.370839 0.340395
vt 0.368528 0.340395
vt 0.370839 0.350704
vt 0.368528 0.350704
vt 0.368528 0.361013
vt 0.376500 0.055485
vt 0.378812 0.055485
vt 0.369564 0.210690
vt 0.371876 0.210690
vt 0.371876 0.220999
vt 0.369564 0.220999
vt 0.371876 0.231308
vt 0.369564 0.231308
vt 0.371876 0.241617
vt 0.369564 0.241617
vt 0.191832 0.164948
vt 0.191832 0.154638
vt 0.369564 0.179762
vt 0.371876 0.179762
vt 0.371876 0.190071
vt 0.369564 0.190071
vt 0.371876 0.200380
vt 0.369564 0.200380
vt 0.383436 0.034679
vt 0.385748 0.034679
vt 0.385748 0.052019
vt 0.383436 0.052019
vt 0.181145 0.340206
vt 0.183457 0.340206
vt 0.183457 0.350515
vt 0.181145 0.350515
vt 0.183457 0.360825
vt 0.181145 0.360825
vt 0.183457 0.371134
vt 0.181145 0.371134
vt 0.292398 0.237114
vt 0.292398 0.247423
vt 0.275059 0.247423
vt 0.275059 0.237114
vt 0.371782 0.247423
vt 0.374094 0.247423
vt 0.374094 0.257732
vt 0.371782 0.257732
vt 0.374094 0.268042
vt 0.371782 0.268042
vt 0.374094 0.278351
vt 0.371782 0.278351
vt 0.378718 0.289038
vt 0.376406 0.289038
vt 0.367252 0.034678
vt 0.369564 0.034678
vt 0.369564 0.044988
vt 0.367252 0.044988
vt 0.369564 0.055297
vt 0.367252 0.055297
vt 0.369564 0.065606
vt 0.367252 0.065606
vt 0.191832 0.175257
vt 0.368314 0.000000
vt 0.370626 0.000000
vt 0.370626 0.010309
vt 0.368314 0.010309
vt 0.370626 0.020618
vt 0.368314 0.020618
vt 0.370626 0.030928
vt 0.368314 0.030928
vt 0.347909 0.368231
vt 0.347909 0.385571
vt 0.370839 0.330085
vt 0.373151 0.330085
vt 0.373151 0.340394
vt 0.370839 0.340394
vt 0.373151 0.350704
vt 0.370839 0.350704
vt 0.373151 0.361013
vt 0.370839 0.361013
vt 0.292398 0.226805
vt 0.275059 0.226805
vt 0.369470 0.278351
vt 0.371782 0.278351
vt 0.371782 0.288660
vt 0.369470 0.288660
vt 0.371782 0.298969
vt 0.369470 0.298969
vt 0.371782 0.309278
vt 0.369470 0.309278
vt 0.337386 0.062422
vt 0.347695 0.062422
vt 0.347695 0.083229
vt 0.337386 0.083229
vt 0.215823 0.340206
vt 0.218135 0.340206
vt 0.218135 0.350515
vt 0.215823 0.350515
vt 0.218135 0.360825
vt 0.215823 0.360825
vt 0.218135 0.371134
vt 0.215823 0.371134
vt 0.191832 0.185566
vt 0.369564 0.148834
vt 0.371876 0.148834
vt 0.371876 0.159144
vt 0.369564 0.159144
vt 0.371876 0.169453
vt 0.369564 0.169453
vt 0.371876 0.179762
vt 0.369564 0.179762
vt 0.292398 0.216496
vt 0.275059 0.216496
vt 0.367252 0.148834
vt 0.369564 0.148834
vt 0.369564 0.159144
vt 0.367252 0.159144
vt 0.369564 0.169453
vt 0.367252 0.169453
vt 0.369564 0.179762
vt 0.367252 0.179762
vt 0.344228 0.289038
vt 0.354537 0.289038
vt 0.354537 0.306377
vt 0.344228 0.306377
vt 0.371782 0.278351
vt 0.374094 0.278351
vt 0.374094 0.288660
vt 0.371782 0.288660
vt 0.374094 0.298969
vt 0.371782 0.298969
vt 0.374094 0.309278
vt 0.371782 0.309278
vt 0.378812 0.180328
vt 0.381124 0.180328
vt 0.371876 0.117907
vt 0.371876 0.128216
vt 0.371876 0.138525
vt 0.371876 0.148834
vt 0.171024 0.154638
vt 0.171024 0.164948
vt 0.150217 0.164948
vt 0.150217 0.154638
vt 0.367252 0.210690
vt 0.369564 0.210690
vt 0.369564 0.220999
vt 0.367252 0.220999
vt 0.369564 0.231308
vt 0.367252 0.231308
vt 0.369564 0.241618
vt 0.367252 0.241618
vt 0.371876 0.065606
vt 0.371876 0.075915
vt 0.369564 0.075915
vt 0.371876 0.086225
vt 0.369564 0.086225
vt 0.371876 0.096534
vt 0.369564 0.096534
vt 0.271591 0.268042
vt 0.271591 0.278351
vt 0.254251 0.278351
vt 0.254251 0.268042
vt 0.367252 0.075915
vt 0.367252 0.086225
vt 0.367252 0.096534
vt 0.376500 0.221941
vt 0.378812 0.221941
vt 0.378812 0.242748
vt 0.376500 0.242748
vt 0.369470 0.247423
vt 0.369470 0.257732
vt 0.369470 0.268042
vt 0.369470 0.278351
vt 0.171024 0.175257
vt 0.150217 0.175257
vt 0.371876 0.034678
vt 0.374188 0.034678
vt 0.374188 0.044988
vt 0.371876 0.044988
vt 0.374188 0.055297
vt 0.371876 0.055297
vt 0.374188 0.065606
vt 0.371876 0.065606
vt 0.292989 0.368231
vt 0.292989 0.385571
vt 0.367252 0.179762
vt 0.367252 0.190071
vt 0.367252 0.200380
vt 0.367252 0.210690
vt 0.271591 0.257732
vt 0.254251 0.257732
vt 0.369564 0.034679
vt 0.371876 0.034679
vt 0.371876 0.044989
vt 0.369564 0.044989
vt 0.371876 0.055298
vt 0.369564 0.055298
vt 0.371876 0.065607
vt 0.369564 0.065607
vt 0.337386 0.083229
vt 0.347696 0.083229
vt 0.347696 0.104036
vt 0.337386 0.104036
vt 0.370626 0.000000
vt 0.372938 0.000000
vt 0.372938 0.010309
vt 0.370626 0.010309
vt 0.372938 0.020618
vt 0.370626 0.020618
vt 0.372938 0.030928
vt 0.370626 0.030928
vt 0.275059 0.020619
vt 0.275059 0.030928
vt 0.254251 0.030928
vt 0.254251 0.020619
vt 0.371876 0.117907
vt 0.374188 0.117907
vt 0.374188 0.138714
vt 0.371876 0.138714
vt 0.309738 0.020619
vt 0.292398 0.020619
vt 0.275059 0.010309
vt 0.254251 0.010309
vt 0.238069 0.368231
vt 0.240381 0.368231
vt 0.240381 0.385571
vt 0.238069 0.385571
vt 0.373151 0.350893
vt 0.375463 0.350893
vt 0.375463 0.371700
vt 0.373151 0.371700
vt 0.309738 0.030928
vt 0.292398 0.030928
vt 0.327076 0.104034
vt 0.337385 0.104034
vt 0.337385 0.124842
vt 0.327076 0.124842
vt 0.275059 0.000000
vt 0.254251 0.000000
vt 0.343286 0.350893
vt 0.353595 0.350893
vt 0.353595 0.368233
vt 0.343286 0.368233
vt 0.309738 0.061856
vt 0.309738 0.072165
vt 0.292398 0.072165
vt 0.292398 0.061856
vt 0.275059 0.175258
vt 0.275059 0.185567
vt 0.254251 0.185567
vt 0.254251 0.175258
vt 0.235757 0.368231
vt 0.235757 0.385571
vt 0.374094 0.247423
vt 0.376406 0.247423
vt 0.376406 0.268230
vt 0.374094 0.268230
vt 0.309738 0.082474
vt 0.292398 0.082474
vt 0.275059 0.164948
vt 0.254251 0.164948
vt 0.382399 0.330086
vt 0.384711 0.330086
vt 0.384711 0.347425
vt 0.382399 0.347425
vt 0.374188 0.159521
vt 0.376500 0.159521
vt 0.376500 0.180328
vt 0.374188 0.180328
vt 0.309738 0.092783
vt 0.292398 0.092783
vt 0.333447 0.309278
vt 0.343756 0.309278
vt 0.343756 0.330086
vt 0.333447 0.330086
vt 0.254251 0.154639
vt 0.260811 0.368233
vt 0.250502 0.368233
vt 0.309738 0.030928
vt 0.309738 0.041237
vt 0.275059 0.237113
vt 0.275059 0.247423
vt 0.254251 0.247423
vt 0.254251 0.237113
vt 0.382870 0.309278
vt 0.385182 0.309278
vt 0.385182 0.326618
vt 0.382870 0.326618
vt 0.374188 0.201136
vt 0.376500 0.201136
vt 0.376500 0.221943
vt 0.374188 0.221943
vt 0.309738 0.051546
vt 0.275059 0.226804
vt 0.254251 0.226804
vt 0.228821 0.368231
vt 0.231133 0.368231
vt 0.231133 0.385571
vt 0.228821 0.385571
vt 0.375935 0.309278
vt 0.378246 0.309278
vt 0.378246 0.330086
vt 0.375935 0.330086
vt 0.309738 0.061855
vt 0.275059 0.216495
vt 0.254251 0.216495
vt 0.240192 0.350893
vt 0.240192 0.368233
vt 0.327078 0.000000
vt 0.327078 0.010309
vt 0.212639 0.051546
vt 0.212639 0.061855
vt 0.191832 0.061855
vt 0.191832 0.051546
vt 0.233445 0.368231
vt 0.235757 0.368231
vt 0.235757 0.385571
vt 0.233445 0.385571
vt 0.152529 0.357546
vt 0.152529 0.378353
vt 0.150217 0.378353
vt 0.327078 0.020618
vt 0.309738 0.020618
vt 0.212639 0.041237
vt 0.191832 0.041237
vt 0.224198 0.368231
vt 0.226510 0.368231
vt 0.226510 0.385571
vt 0.224198 0.385571
vt 0.374188 0.221941
vt 0.376500 0.221941
vt 0.376500 0.242748
vt 0.374188 0.242748
vt 0.327078 0.030928
vt 0.212639 0.030928
vt 0.191832 0.030928
vt 0.332975 0.350893
vt 0.343285 0.350893
vt 0.343285 0.368233
vt 0.332975 0.368233
vt 0.327078 0.092784
vt 0.327078 0.103093
vt 0.309738 0.103093
vt 0.309738 0.092784
vt 0.358005 0.034679
vt 0.360316 0.034679
vt 0.360316 0.055487
vt 0.358005 0.055487
vt 0.233446 0.020618
vt 0.233446 0.030928
vt 0.212639 0.020618
vt 0.381124 0.221941
vt 0.383436 0.221941
vt 0.383436 0.239281
vt 0.381124 0.239281
vt 0.327078 0.113402
vt 0.309738 0.113402
vt 0.233446 0.010309
vt 0.212639 0.010309
vt 0.384497 0.000000
vt 0.384497 0.017340
vt 0.382185 0.017340
vt 0.327078 0.123712
vt 0.309738 0.123712
vt 0.233446 0.000000
vt 0.212639 0.000000
vt 0.302048 0.330086
vt 0.312357 0.330086
vt 0.312357 0.350893
vt 0.302048 0.350893
vt 0.358006 0.000000
vt 0.368315 0.000000
vt 0.368315 0.017340
vt 0.323610 0.247423
vt 0.323610 0.257732
vt 0.306271 0.257732
vt 0.306271 0.247423
vt 0.191832 0.237113
vt 0.191832 0.247422
vt 0.171024 0.247422
vt 0.171024 0.237113
vt 0.381124 0.069357
vt 0.383435 0.069357
vt 0.383435 0.086697
vt 0.381124 0.086697
vt 0.323610 0.268042
vt 0.306271 0.268042
vt 0.191832 0.226804
vt 0.171024 0.226804
vt 0.381124 0.052017
vt 0.383435 0.052017
vt 0.323610 0.278351
vt 0.306271 0.278351
vt 0.344227 0.247423
vt 0.354536 0.250891
vt 0.354536 0.268230
vt 0.344227 0.268230
vt 0.191832 0.216495
vt 0.171024 0.216495
vt 0.354065 0.309278
vt 0.354065 0.330086
vt 0.362628 0.034679
vt 0.364940 0.034679
vt 0.364940 0.055487
vt 0.362628 0.055487
vt 0.327078 0.041237
vt 0.254253 0.051546
vt 0.254253 0.061855
vt 0.233446 0.061855
vt 0.233446 0.051546
vt 0.381124 0.034679
vt 0.383435 0.034679
vt 0.383435 0.052019
vt 0.381124 0.052019
vt 0.327078 0.051546
vt 0.254253 0.041237
vt 0.233446 0.041237
vt 0.360530 0.364763
vt 0.362842 0.364763
vt 0.362842 0.382103
vt 0.360530 0.382103
vt 0.327078 0.061855
vt 0.177960 0.357546
vt 0.180272 0.357546
vt 0.180272 0.378353
vt 0.177960 0.378353
vt 0.254253 0.030928
vt 0.281429 0.330086
vt 0.291739 0.330086
vt 0.291739 0.350893
vt 0.281429 0.350893
vt 0.271120 0.330086
vt 0.271120 0.350893
vt 0.327078 0.123711
vt 0.327078 0.134020
vt 0.309738 0.134020
vt 0.309738 0.123711
vt 0.254253 0.206185
vt 0.254253 0.216495
vt 0.233446 0.216495
vt 0.233446 0.206185
vt 0.381030 0.268230
vt 0.383341 0.268230
vt 0.383341 0.285570
vt 0.381030 0.285570
vt 0.327078 0.144329
vt 0.309738 0.144329
vt 0.371876 0.180328
vt 0.371876 0.201136
vt 0.254253 0.195876
vt 0.233446 0.195876
vt 0.381030 0.289038
vt 0.381030 0.306377
vt 0.327078 0.154638
vt 0.309738 0.154638
vt 0.175648 0.357546
vt 0.177959 0.357546
vt 0.177959 0.378353
vt 0.175648 0.378353
vt 0.254253 0.185567
vt 0.233446 0.185567
vt 0.347695 0.228878
vt 0.292398 0.134020
vt 0.292398 0.123711
vt 0.275059 0.144329
vt 0.275059 0.154638
vt 0.254251 0.144329
vt 0.353594 0.364763
vt 0.355906 0.364763
vt 0.355906 0.382103
vt 0.353594 0.382103
vt 0.099355 0.989691
vt 0.097043 0.989691
vt 0.097043 0.979382
vt 0.099355 0.979382
vt 0.097043 0.969072
vt 0.099355 0.969072
vt 0.097043 0.958763
vt 0.099355 0.958763
vt 0.292398 0.144329
vt 0.099355 0.948454
vt 0.097043 0.948454
vt 0.097043 0.938145
vt 0.099355 0.938145
vt 0.097043 0.927835
vt 0.099355 0.927835
vt 0.097043 0.917526
vt 0.099355 0.917526
vt 0.173336 0.357546
vt 0.173336 0.378353
vt 0.099355 0.907217
vt 0.097043 0.907217
vt 0.097043 0.896908
vt 0.099355 0.896908
vt 0.097043 0.886599
vt 0.099355 0.886599
vt 0.097043 0.876289
vt 0.099355 0.876289
vt 0.275059 0.134020
vt 0.254251 0.134020
vt 0.099355 0.865980
vt 0.097043 0.865980
vt 0.097043 0.855671
vt 0.099355 0.855671
vt 0.097043 0.845362
vt 0.099355 0.845362
vt 0.097043 0.835051
vt 0.099355 0.835051
vt 0.358219 0.364763
vt 0.358218 0.382103
vt 0.355906 0.382103
vt 0.099355 0.824743
vt 0.097043 0.824743
vt 0.097043 0.814432
vt 0.099355 0.814432
vt 0.097043 0.804123
vt 0.099355 0.804123
vt 0.097043 0.793814
vt 0.099355 0.793814
vt 0.292398 0.154638
vt 0.099355 0.783504
vt 0.097043 0.783504
vt 0.097043 0.773195
vt 0.099355 0.773195
vt 0.097043 0.762886
vt 0.099355 0.762886
vt 0.097043 0.752577
vt 0.099355 0.752577
vt 0.171024 0.357546
vt 0.173336 0.357546
vt 0.173336 0.378353
vt 0.171024 0.378353
vt 0.099355 0.742268
vt 0.097043 0.742268
vt 0.097043 0.731958
vt 0.099355 0.731958
vt 0.097043 0.721649
vt 0.099355 0.721649
vt 0.097043 0.711340
vt 0.099355 0.711340
vt 0.275059 0.123711
vt 0.254251 0.123711
vt 0.099355 0.701031
vt 0.097043 0.701031
vt 0.097043 0.690722
vt 0.099355 0.690722
vt 0.097043 0.680412
vt 0.099355 0.680412
vt 0.097043 0.670103
vt 0.099355 0.670103
vt 0.337386 0.104034
vt 0.347695 0.104034
vt 0.347695 0.124842
vt 0.099355 0.659794
vt 0.097043 0.659794
vt 0.097043 0.649485
vt 0.099355 0.649485
vt 0.097043 0.639175
vt 0.099355 0.639175
vt 0.097043 0.628866
vt 0.099355 0.628866
vt 0.229883 0.350893
vt 0.229883 0.368233
vt 0.099355 0.618557
vt 0.097043 0.618557
vt 0.097043 0.608248
vt 0.099355 0.608248
vt 0.097043 0.597939
vt 0.099355 0.597939
vt 0.097043 0.587629
vt 0.099355 0.587629
vt 0.327078 0.185568
vt 0.327078 0.195877
vt 0.309738 0.195877
vt 0.309738 0.185568
vt 0.099355 0.577320
vt 0.097043 0.577320
vt 0.097043 0.567011
vt 0.099355 0.567011
vt 0.097043 0.556702
vt 0.099355 0.556702
vt 0.097043 0.546392
vt 0.099355 0.546392
vt 0.254253 0.144329
vt 0.254253 0.154638
vt 0.233446 0.144329
vt 0.099355 0.536083
vt 0.097043 0.536083
vt 0.097043 0.525774
vt 0.099355 0.525774
vt 0.097043 0.515465
vt 0.099355 0.515465
vt 0.097043 0.505156
vt 0.099355 0.505156
vt 0.376406 0.289038
vt 0.378718 0.289038
vt 0.378718 0.306377
vt 0.376406 0.306377
vt 0.099355 0.494844
vt 0.097043 0.494844
vt 0.097043 0.484535
vt 0.099355 0.484535
vt 0.097043 0.474226
vt 0.099355 0.474226
vt 0.097043 0.463917
vt 0.099355 0.463917
vt 0.327078 0.206186
vt 0.309738 0.206186
vt 0.099355 0.453608
vt 0.097043 0.453608
vt 0.097043 0.443298
vt 0.099355 0.443298
vt 0.097043 0.432989
vt 0.099355 0.432989
vt 0.097043 0.422680
vt 0.099355 0.422680
vt 0.374188 0.055485
vt 0.376500 0.055485
vt 0.376500 0.076292
vt 0.374188 0.076292
vt 0.099355 0.412371
vt 0.097043 0.412371
vt 0.097043 0.402061
vt 0.099355 0.402061
vt 0.097043 0.391752
vt 0.099355 0.391752
vt 0.097043 0.381443
vt 0.099355 0.381443
vt 0.254253 0.134020
vt 0.233446 0.134020
vt 0.099355 0.371134
vt 0.097043 0.371134
vt 0.097043 0.360825
vt 0.099355 0.360825
vt 0.097043 0.350515
vt 0.099355 0.350515
vt 0.097043 0.340206
vt 0.099355 0.340206
vt 0.374094 0.289038
vt 0.376406 0.289038
vt 0.376406 0.306377
vt 0.374094 0.306377
vt 0.099355 0.329897
vt 0.097043 0.329897
vt 0.097043 0.319588
vt 0.099355 0.319588
vt 0.097043 0.309278
vt 0.099355 0.309278
vt 0.097043 0.298969
vt 0.099355 0.298969
vt 0.327078 0.216496
vt 0.309738 0.216496
vt 0.099355 0.288660
vt 0.097043 0.288660
vt 0.097043 0.278351
vt 0.099355 0.278351
vt 0.097043 0.268042
vt 0.099355 0.268042
vt 0.097043 0.257732
vt 0.099355 0.257732
vt 0.168712 0.357546
vt 0.168712 0.378353
vt 0.099355 0.247423
vt 0.097043 0.247423
vt 0.097043 0.237114
vt 0.099355 0.237114
vt 0.097043 0.226805
vt 0.099355 0.226805
vt 0.097043 0.216496
vt 0.099355 0.216496
vt 0.254253 0.123711
vt 0.233446 0.123711
vt 0.099355 0.206186
vt 0.097043 0.206186
vt 0.097043 0.195877
vt 0.099355 0.195877
vt 0.097043 0.185568
vt 0.099355 0.185568
vt 0.097043 0.175259
vt 0.099355 0.175259
vt 0.240192 0.309278
vt 0.250502 0.309278
vt 0.240192 0.330086
vt 0.099355 0.164949
vt 0.097043 0.164949
vt 0.097043 0.154638
vt 0.099355 0.154638
vt 0.097043 0.144329
vt 0.099355 0.144329
vt 0.097043 0.134020
vt 0.099355 0.134020
vt 0.322666 0.350893
vt 0.322666 0.368233
vt 0.312357 0.368233
vt 0.099355 0.123711
vt 0.097043 0.123711
vt 0.097043 0.113401
vt 0.099355 0.113401
vt 0.097043 0.103092
vt 0.099355 0.103092
vt 0.097043 0.092783
vt 0.099355 0.092783
vt 0.212639 0.144329
vt 0.099355 0.082474
vt 0.097043 0.082474
vt 0.097043 0.072165
vt 0.099355 0.072165
vt 0.097043 0.061855
vt 0.099355 0.061855
vt 0.097043 0.051546
vt 0.099355 0.051546
vt 0.381030 0.306377
vt 0.099355 0.041237
vt 0.097043 0.041237
vt 0.097043 0.030928
vt 0.099355 0.030928
vt 0.097043 0.020618
vt 0.099355 0.020618
vt 0.097043 0.010309
vt 0.171024 0.185566
vt 0.150217 0.185566
vt 0.129410 0.989691
vt 0.127098 0.989691
vt 0.127098 0.979382
vt 0.129410 0.979382
vt 0.127098 0.969072
vt 0.129410 0.969072
vt 0.127098 0.958763
vt 0.129410 0.958763
vt 0.271591 0.247423
vt 0.254251 0.247423
vt 0.129410 0.948454
vt 0.127098 0.948454
vt 0.127098 0.938145
vt 0.129410 0.938145
vt 0.127098 0.927835
vt 0.129410 0.927835
vt 0.127098 0.917526
vt 0.129410 0.917526
vt 0.347695 0.086697
vt 0.358005 0.086697
vt 0.358005 0.104036
vt 0.347695 0.104036
vt 0.129410 0.907217
vt 0.127098 0.907217
vt 0.127098 0.896908
vt 0.129410 0.896908
vt 0.127098 0.886599
vt 0.129410 0.886599
vt 0.127098 0.876289
vt 0.129410 0.876289
vt 0.378718 0.247423
vt 0.381030 0.247423
vt 0.381030 0.268230
vt 0.378718 0.268230
vt 0.129410 0.865980
vt 0.127098 0.865980
vt 0.127098 0.855671
vt 0.129410 0.855671
vt 0.127098 0.845362
vt 0.129410 0.845362
vt 0.127098 0.835051
vt 0.129410 0.835051
vt 0.212639 0.092784
vt 0.212639 0.103093
vt 0.191832 0.103093
vt 0.191832 0.092784
vt 0.129410 0.824743
vt 0.127098 0.824743
vt 0.127098 0.814432
vt 0.129410 0.814432
vt 0.127098 0.804123
vt 0.129410 0.804123
vt 0.127098 0.793814
vt 0.129410 0.793814
vt 0.383436 0.152586
vt 0.385748 0.152586
vt 0.385748 0.169926
vt 0.383436 0.169926
vt 0.129410 0.783504
vt 0.127098 0.783504
vt 0.127098 0.773195
vt 0.129410 0.773195
vt 0.127098 0.762886
vt 0.129410 0.762886
vt 0.127098 0.752577
vt 0.129410 0.752577
vt 0.288931 0.268042
vt 0.288931 0.278351
vt 0.129410 0.742268
vt 0.127098 0.742268
vt 0.127098 0.731958
vt 0.129410 0.731958
vt 0.127098 0.721649
vt 0.129410 0.721649
vt 0.127098 0.711340
vt 0.129410 0.711340
vt 0.212639 0.113402
vt 0.191832 0.113402
vt 0.129410 0.701031
vt 0.127098 0.701031
vt 0.127098 0.690722
vt 0.129410 0.690722
vt 0.127098 0.680412
vt 0.129410 0.680412
vt 0.127098 0.670103
vt 0.129410 0.670103
vt 0.385748 0.221943
vt 0.383436 0.221943
vt 0.129410 0.659794
vt 0.127098 0.659794
vt 0.127098 0.649485
vt 0.129410 0.649485
vt 0.127098 0.639175
vt 0.129410 0.639175
vt 0.127098 0.628866
vt 0.129410 0.628866
vt 0.288931 0.257732
vt 0.129410 0.618557
vt 0.127098 0.618557
vt 0.127098 0.608248
vt 0.129410 0.608248
vt 0.127098 0.597939
vt 0.129410 0.597939
vt 0.127098 0.587629
vt 0.129410 0.587629
vt 0.323138 0.309278
vt 0.333447 0.309278
vt 0.333447 0.330086
vt 0.323138 0.330086
vt 0.129410 0.577320
vt 0.127098 0.577320
vt 0.127098 0.567011
vt 0.129410 0.567011
vt 0.127098 0.556702
vt 0.129410 0.556702
vt 0.127098 0.546392
vt 0.129410 0.546392
vt 0.212639 0.123712
vt 0.129410 0.536083
vt 0.127098 0.536083
vt 0.127098 0.525774
vt 0.129410 0.525774
vt 0.127098 0.515465
vt 0.129410 0.515465
vt 0.127098 0.505156
vt 0.129410 0.505156
vt 0.288931 0.247423
vt 0.129410 0.494844
vt 0.127098 0.494844
vt 0.127098 0.484535
vt 0.129410 0.484535
vt 0.127098 0.474226
vt 0.129410 0.474226
vt 0.127098 0.463917
vt 0.129410 0.463917
vt 0.170835 0.340206
vt 0.181145 0.357546
vt 0.170835 0.357546
vt 0.129410 0.453608
vt 0.127098 0.453608
vt 0.127098 0.443298
vt 0.129410 0.443298
vt 0.127098 0.432989
vt 0.129410 0.432989
vt 0.127098 0.422680
vt 0.129410 0.422680
vt 0.171024 0.061855
vt 0.150217 0.072165
vt 0.150217 0.061855
vt 0.129410 0.412371
vt 0.127098 0.412371
vt 0.127098 0.402061
vt 0.129410 0.402061
vt 0.127098 0.391752
vt 0.129410 0.391752
vt 0.127098 0.381443
vt 0.129410 0.381443
vt 0.384497 0.000000
vt 0.386809 0.000000
vt 0.386809 0.017340
vt 0.384497 0.017340
vt 0.129410 0.371134
vt 0.127098 0.371134
vt 0.127098 0.360825
vt 0.129410 0.360825
vt 0.127098 0.350515
vt 0.129410 0.350515
vt 0.127098 0.340206
vt 0.129410 0.340206
vt 0.129410 0.329897
vt 0.127098 0.329897
vt 0.127098 0.319588
vt 0.129410 0.319588
vt 0.127098 0.309278
vt 0.129410 0.309278
vt 0.127098 0.298969
vt 0.129410 0.298969
vt 0.150217 0.082474
vt 0.129410 0.288660
vt 0.127098 0.288660
vt 0.127098 0.278351
vt 0.129410 0.278351
vt 0.127098 0.268042
vt 0.129410 0.268042
vt 0.127098 0.257732
vt 0.129410 0.257732
vt 0.384711 0.364763
vt 0.387023 0.364763
vt 0.387023 0.382103
vt 0.384711 0.382103
vt 0.129410 0.247423
vt 0.127098 0.247423
vt 0.127098 0.237114
vt 0.129410 0.237114
vt 0.127098 0.226805
vt 0.129410 0.226805
vt 0.127098 0.216496
vt 0.129410 0.216496
vt 0.129410 0.206186
vt 0.127098 0.206186
vt 0.127098 0.195877
vt 0.129410 0.195877
vt 0.127098 0.185568
vt 0.129410 0.185568
vt 0.127098 0.175259
vt 0.129410 0.175259
vt 0.271592 0.309278
vt 0.271592 0.330086
vt 0.129410 0.164949
vt 0.127098 0.164949
vt 0.127098 0.154638
vt 0.129410 0.154638
vt 0.127098 0.144329
vt 0.129410 0.144329
vt 0.127098 0.134020
vt 0.129410 0.134020
vt 0.150217 0.092783
vt 0.129410 0.123711
vt 0.127098 0.123711
vt 0.127098 0.113401
vt 0.129410 0.113401
vt 0.127098 0.103092
vt 0.129410 0.103092
vt 0.127098 0.092783
vt 0.129410 0.092783
vt 0.129410 0.082474
vt 0.127098 0.082474
vt 0.127098 0.072165
vt 0.129410 0.072165
vt 0.127098 0.061855
vt 0.129410 0.061855
vt 0.127098 0.051546
vt 0.129410 0.051546
vt 0.184895 0.340206
vt 0.195205 0.340206
vt 0.195205 0.357546
vt 0.184895 0.357546
vt 0.129410 0.041237
vt 0.127098 0.041237
vt 0.127098 0.030928
vt 0.129410 0.030928
vt 0.127098 0.020618
vt 0.129410 0.020618
vt 0.127098 0.010309
vt 0.129410 0.010309
vt 0.113226 0.989691
vt 0.113226 0.979382
vt 0.113226 0.969072
vt 0.113226 0.958763
vt 0.113226 0.948454
vt 0.113226 0.938145
vt 0.113226 0.927835
vt 0.113226 0.917526
vt 0.113226 0.907217
vt 0.113226 0.896908
vt 0.113226 0.886599
vt 0.113226 0.876289
vt 0.113226 0.865980
vt 0.113226 0.855671
vt 0.113226 0.845362
vt 0.113226 0.835051
vt 0.113226 0.824743
vt 0.113226 0.814432
vt 0.113226 0.804123
vt 0.113226 0.793814
vt 0.113226 0.783504
vt 0.113226 0.773195
vt 0.113226 0.762886
vt 0.113226 0.752577
vt 0.113226 0.742268
vt 0.113226 0.731958
vt 0.113226 0.721649
vt 0.113226 0.711340
vt 0.113226 0.701031
vt 0.113226 0.690722
vt 0.113226 0.680412
vt 0.113226 0.670103
vt 0.113226 0.659794
vt 0.113226 0.649485
vt 0.113226 0.639175
vt 0.113226 0.628866
vt 0.113226 0.618557
vt 0.113226 0.608248
vt 0.113226 0.597939
vt 0.113226 0.587629
vt 0.113226 0.577320
vt 0.113226 0.567011
vt 0.113226 0.556702
vt 0.113226 0.546392
vt 0.113226 0.536083
vt 0.113226 0.525774
vt 0.113226 0.515465
vt 0.113226 0.505156
vt 0.113226 0.494844
vt 0.113226 0.484535
vt 0.113226 0.474226
vt 0.113226 0.463917
vt 0.113226 0.453608
vt 0.113226 0.443298
vt 0.113226 0.432989
vt 0.113226 0.422680
vt 0.113226 0.412371
vt 0.113226 0.402061
vt 0.113226 0.391752
vt 0.113226 0.381443
vt 0.113226 0.371134
vt 0.113226 0.360825
vt 0.113226 0.350515
vt 0.113226 0.340206
vt 0.113226 0.329897
vt 0.113226 0.319588
vt 0.113226 0.309278
vt 0.113226 0.298969
vt 0.113226 0.288660
vt 0.113226 0.278351
vt 0.113226 0.268042
vt 0.113226 0.257732
vt 0.113226 0.247423
vt 0.113226 0.237114
vt 0.113226 0.226805
vt 0.113226 0.216496
vt 0.113226 0.206186
vt 0.113226 0.195877
vt 0.113226 0.185568
vt 0.113226 0.175259
vt 0.113226 0.164949
vt 0.113226 0.154638
vt 0.113226 0.144329
vt 0.113226 0.134020
vt 0.113226 0.123711
vt 0.113226 0.113401
vt 0.113226 0.103092
vt 0.113226 0.092783
vt 0.113226 0.082474
vt 0.113226 0.072165
vt 0.113226 0.061855
vt 0.113226 0.051546
vt 0.113226 0.041237
vt 0.113226 0.030928
vt 0.113226 0.020618
vt 0.184896 0.357546
vt 0.187207 0.357546
vt 0.187207 0.378353
vt 0.184896 0.378353
vt 0.360317 0.210690
vt 0.362628 0.210690
vt 0.362628 0.220999
vt 0.360317 0.220999
vt 0.362628 0.231308
vt 0.360317 0.231308
vt 0.362628 0.241617
vt 0.360317 0.241617
vt 0.212639 0.134020
vt 0.360317 0.148834
vt 0.362628 0.148834
vt 0.362628 0.159143
vt 0.360317 0.159143
vt 0.362628 0.169453
vt 0.360317 0.169453
vt 0.362628 0.179762
vt 0.360317 0.179762
vt 0.358218 0.364763
vt 0.360530 0.382103
vt 0.358005 0.148834
vt 0.360316 0.148834
vt 0.360316 0.159143
vt 0.358005 0.159143
vt 0.360316 0.169453
vt 0.358005 0.169453
vt 0.360316 0.179762
vt 0.358005 0.179762
vt 0.154840 0.357546
vt 0.154840 0.378353
vt 0.358005 0.210690
vt 0.360316 0.210690
vt 0.360316 0.220999
vt 0.358005 0.220999
vt 0.360316 0.231308
vt 0.358005 0.231308
vt 0.360316 0.241617
vt 0.358005 0.241617
vt 0.212639 0.123711
vt 0.360317 0.117907
vt 0.362628 0.117907
vt 0.362628 0.128216
vt 0.360317 0.128216
vt 0.362628 0.138525
vt 0.360317 0.138525
vt 0.362628 0.190071
vt 0.360317 0.190071
vt 0.362628 0.200380
vt 0.360317 0.200380
vt 0.281429 0.368233
vt 0.271120 0.368233
vt 0.364940 0.117907
vt 0.364940 0.128216
vt 0.364940 0.138525
vt 0.364940 0.148834
vt 0.233446 0.082474
vt 0.233446 0.092783
vt 0.212639 0.092783
vt 0.212639 0.082474
vt 0.364940 0.179762
vt 0.364940 0.190071
vt 0.364940 0.200380
vt 0.364940 0.210690
vt 0.381124 0.169924
vt 0.383436 0.169924
vt 0.383436 0.187263
vt 0.381124 0.187263
vt 0.363904 0.330085
vt 0.366216 0.330085
vt 0.366216 0.340394
vt 0.363904 0.340394
vt 0.366216 0.350704
vt 0.363904 0.350704
vt 0.366216 0.361013
vt 0.363904 0.361013
vt 0.371876 0.221943
vt 0.364846 0.278350
vt 0.367158 0.278350
vt 0.367158 0.288660
vt 0.364846 0.288660
vt 0.367158 0.298969
vt 0.364846 0.298969
vt 0.367158 0.309278
vt 0.364846 0.309278
vt 0.233446 0.072165
vt 0.212639 0.072165
vt 0.358005 0.117907
vt 0.360316 0.117907
vt 0.360316 0.128216
vt 0.358005 0.128216
vt 0.360316 0.138525
vt 0.358005 0.138525
vt 0.360316 0.148834
vt 0.358005 0.148834
vt 0.383435 0.104036
vt 0.381124 0.104036
vt 0.364941 0.117907
vt 0.367252 0.117907
vt 0.367252 0.128216
vt 0.364941 0.128216
vt 0.367252 0.138525
vt 0.364941 0.138525
vt 0.364941 0.148834
vt 0.154841 0.357546
vt 0.157153 0.357546
vt 0.157153 0.378353
vt 0.154841 0.378353
vt 0.364941 0.179762
vt 0.367252 0.179762
vt 0.367252 0.190072
vt 0.364941 0.190072
vt 0.367252 0.200381
vt 0.364941 0.200381
vt 0.367252 0.210690
vt 0.364941 0.210690
vt 0.364941 0.210690
vt 0.367252 0.210690
vt 0.367252 0.220999
vt 0.364941 0.220999
vt 0.367252 0.231309
vt 0.364941 0.231309
vt 0.367252 0.241618
vt 0.364941 0.241618
vt 0.302519 0.309278
vt 0.312829 0.309278
vt 0.312829 0.330086
vt 0.302519 0.330086
vt 0.367158 0.247423
vt 0.369470 0.247423
vt 0.369470 0.257732
vt 0.367158 0.257732
vt 0.369470 0.268041
vt 0.367158 0.268041
vt 0.367158 0.278351
vt 0.302048 0.368233
vt 0.291739 0.368233
vt 0.367158 0.278350
vt 0.369470 0.278350
vt 0.369470 0.288660
vt 0.367158 0.288660
vt 0.369470 0.298969
vt 0.367158 0.298969
vt 0.369470 0.309278
vt 0.367158 0.309278
vt 0.150217 0.268042
vt 0.167557 0.268042
vt 0.364940 0.065606
vt 0.367252 0.065606
vt 0.367252 0.075915
vt 0.364940 0.075915
vt 0.367252 0.086225
vt 0.364940 0.086225
vt 0.367252 0.096534
vt 0.364940 0.096534
vt 0.381124 0.152586
vt 0.383436 0.152586
vt 0.383436 0.169926
vt 0.381124 0.169926
vt 0.364846 0.247423
vt 0.367158 0.247423
vt 0.367158 0.257732
vt 0.364846 0.257732
vt 0.367158 0.268042
vt 0.364846 0.268042
vt 0.367158 0.278351
vt 0.364846 0.278351
vt 0.164088 0.357546
vt 0.166400 0.357546
vt 0.166400 0.378353
vt 0.164088 0.378353
vt 0.362628 0.210690
vt 0.364940 0.210690
vt 0.364940 0.221000
vt 0.362628 0.221000
vt 0.364940 0.231309
vt 0.362628 0.231309
vt 0.364940 0.241618
vt 0.362628 0.241618
vt 0.150217 0.257732
vt 0.167557 0.257732
vt 0.364940 0.159143
vt 0.364940 0.169453
vt 0.381124 0.135246
vt 0.383436 0.135246
vt 0.360316 0.190071
vt 0.358005 0.190071
vt 0.360316 0.200380
vt 0.358005 0.200380
vt 0.166400 0.357546
vt 0.166400 0.378353
vt 0.364941 0.034679
vt 0.367252 0.034679
vt 0.367252 0.044989
vt 0.364941 0.044989
vt 0.367252 0.055298
vt 0.364941 0.055298
vt 0.367252 0.065607
vt 0.364941 0.065607
vt 0.150217 0.247423
vt 0.167557 0.247423
vt 0.364941 0.148834
vt 0.367252 0.159143
vt 0.364941 0.159143
vt 0.367252 0.169453
vt 0.364941 0.169453
vt 0.364941 0.179762
vt 0.366216 0.330086
vt 0.368527 0.330086
vt 0.368527 0.340395
vt 0.366216 0.340395
vt 0.368527 0.350704
vt 0.366216 0.350704
vt 0.368527 0.361013
vt 0.366216 0.361013
vt 0.131722 0.010309
vt 0.129410 0.010309
vt 0.129410 0.000000
vt 0.131722 0.000000
vt 0.136345 0.010309
vt 0.134034 0.010309
vt 0.134034 0.000000
vt 0.136345 0.000000
vt 0.134034 1.000000
vt 0.131721 1.000000
vt 0.131721 0.989691
vt 0.134034 0.989691
vt 0.131721 0.979382
vt 0.134034 0.979382
vt 0.131721 0.969072
vt 0.134034 0.969072
vt 0.131721 0.958763
vt 0.134034 0.958763
vt 0.131721 0.948454
vt 0.134034 0.948454
vt 0.131721 0.938145
vt 0.134034 0.938145
vt 0.131721 0.927835
vt 0.134034 0.927835
vt 0.131721 0.917526
vt 0.134034 0.917526
vt 0.131721 0.907217
vt 0.134034 0.907217
vt 0.131721 0.896908
vt 0.134034 0.896908
vt 0.131721 0.886599
vt 0.134034 0.886599
vt 0.131721 0.876289
vt 0.134034 0.876289
vt 0.131721 0.865980
vt 0.134034 0.865980
vt 0.131721 0.855671
vt 0.134034 0.855671
vt 0.131721 0.845362
vt 0.134034 0.845362
vt 0.131721 0.835051
vt 0.134034 0.835051
vt 0.131721 0.824743
vt 0.134034 0.824743
vt 0.131721 0.814432
vt 0.134034 0.814432
vt 0.131721 0.804123
vt 0.134034 0.804123
vt 0.131721 0.793814
vt 0.134034 0.793814
vt 0.131721 0.783504
vt 0.134034 0.783504
vt 0.131721 0.773195
vt 0.134034 0.773195
vt 0.131721 0.762886
vt 0.134034 0.762886
vt 0.131721 0.752577
vt 0.134034 0.752577
vt 0.131721 0.742268
vt 0.134034 0.742268
vt 0.131721 0.731958
vt 0.134034 0.731958
vt 0.131721 0.721649
vt 0.134034 0.721649
vt 0.131721 0.711340
vt 0.134034 0.711340
vt 0.131721 0.701031
vt 0.134034 0.701031
vt 0.131721 0.690722
vt 0.134034 0.690722
vt 0.131721 0.680412
vt 0.134034 0.680412
vt 0.131721 0.670103
vt 0.134034 0.670103
vt 0.131721 0.659794
vt 0.134034 0.659794
vt 0.131721 0.649485
vt 0.134034 0.649485
vt 0.131721 0.639175
vt 0.134034 0.639175
vt 0.131721 0.628866
vt 0.134034 0.628866
vt 0.131721 0.618557
vt 0.134034 0.618557
vt 0.131721 0.608248
vt 0.134034 0.608248
vt 0.131721 0.597939
vt 0.134034 0.597939
vt 0.131721 0.587629
vt 0.134034 0.587629
vt 0.131721 0.577320
vt 0.134034 0.577320
vt 0.131721 0.567011
vt 0.134034 0.567011
vt 0.131721 0.556702
vt 0.134034 0.556702
vt 0.131721 0.546392
vt 0.134034 0.546392
vt 0.131721 0.536083
vt 0.134034 0.536083
vt 0.131721 0.525774
vt 0.134034 0.525774
vt 0.131721 0.515465
vt 0.134034 0.515465
vt 0.131721 0.505156
vt 0.134034 0.505156
vt 0.131721 0.494844
vt 0.134034 0.494844
vt 0.131721 0.484535
vt 0.134034 0.484535
vt 0.131721 0.474226
vt 0.134034 0.474226
vt 0.131721 0.463917
vt 0.134034 0.463917
vt 0.131721 0.453608
vt 0.134034 0.453608
vt 0.131721 0.443298
vt 0.134034 0.443298
vt 0.131721 0.432989
vt 0.134034 0.432989
vt 0.131721 0.422680
vt 0.134034 0.422680
vt 0.131721 0.412371
vt 0.134034 0.412371
vt 0.131721 0.402061
vt 0.134034 0.402061
vt 0.131721 0.391752
vt 0.134034 0.391752
vt 0.131721 0.381443
vt 0.134034 0.381443
vt 0.131721 0.371134
vt 0.134034 0.371134
vt 0.131721 0.360825
vt 0.134034 0.360825
vt 0.131721 0.350515
vt 0.134034 0.350515
vt 0.131721 0.340206
vt 0.134034 0.340206
vt 0.131721 0.329897
vt 0.134034 0.329897
vt 0.131721 0.319588
vt 0.134034 0.319588
vt 0.131721 0.309278
vt 0.134034 0.309278
vt 0.131721 0.298969
vt 0.134034 0.298969
vt 0.131721 0.288660
vt 0.134034 0.288660
vt 0.131721 0.278351
vt 0.134034 0.278351
vt 0.131721 0.268042
vt 0.134034 0.268042
vt 0.131721 0.257732
vt 0.134034 0.257732
vt 0.131721 0.247423
vt 0.134034 0.247423
vt 0.131721 0.237114
vt 0.134034 0.237114
vt 0.131721 0.226805
vt 0.134034 0.226805
vt 0.131721 0.216496
vt 0.134034 0.216496
vt 0.131721 0.206186
vt 0.134034 0.206186
vt 0.131721 0.195877
vt 0.134034 0.195877
vt 0.131721 0.185568
vt 0.134034 0.185568
vt 0.131721 0.175259
vt 0.134034 0.175259
vt 0.131721 0.164949
vt 0.134034 0.164949
vt 0.131721 0.154638
vt 0.134034 0.154638
vt 0.131721 0.144329
vt 0.134034 0.144329
vt 0.131721 0.134020
vt 0.134034 0.134020
vt 0.131721 0.123711
vt 0.134034 0.123711
vt 0.131721 0.113401
vt 0.134034 0.113401
vt 0.131721 0.103092
vt 0.134034 0.103092
vt 0.131721 0.092783
vt 0.134034 0.092783
vt 0.131721 0.082474
vt 0.134034 0.082474
vt 0.131722 0.072165
vt 0.134034 0.072165
vt 0.131722 0.061855
vt 0.134034 0.061855
vt 0.131722 0.051546
vt 0.134034 0.051546
vt 0.131722 0.041237
vt 0.134034 0.041237
vt 0.131722 0.030928
vt 0.134034 0.030928
vt 0.131722 0.020618
vt 0.134034 0.020618
vt 0.136345 1.000000
vt 0.136345 0.989691
vt 0.136345 0.958763
vt 0.136345 0.948454
vt 0.136345 0.917526
vt 0.136345 0.907217
vt 0.136345 0.876289
vt 0.136345 0.865980
vt 0.136345 0.835051
vt 0.136345 0.824743
vt 0.136345 0.793814
vt 0.136345 0.783504
vt 0.136345 0.752577
vt 0.136345 0.742268
vt 0.136345 0.711340
vt 0.136345 0.701031
vt 0.136345 0.670103
vt 0.136345 0.659794
vt 0.136345 0.628866
vt 0.136345 0.618557
vt 0.136345 0.587629
vt 0.136345 0.577320
vt 0.136345 0.546392
vt 0.136345 0.536083
vt 0.136345 0.505156
vt 0.136345 0.494844
vt 0.136345 0.463917
vt 0.136345 0.453608
vt 0.136345 0.422680
vt 0.136345 0.412371
vt 0.136345 0.381443
vt 0.136345 0.371134
vt 0.136345 0.340206
vt 0.136345 0.329897
vt 0.136345 0.298969
vt 0.136345 0.288660
vt 0.136345 0.257732
vt 0.136345 0.247423
vt 0.136345 0.216496
vt 0.136345 0.206186
vt 0.136345 0.175259
vt 0.136345 0.164949
vt 0.136345 0.134020
vt 0.136345 0.123711
vt 0.136345 0.092783
vt 0.136345 0.082474
vt 0.136345 0.051546
vt 0.136345 0.041237
vt 0.129410 1.000000
vt 0.129410 0.989691
vt 0.129410 0.958763
vt 0.129410 0.948454
vt 0.129410 0.917526
vt 0.129410 0.907217
vt 0.129410 0.876289
vt 0.129410 0.865980
vt 0.129410 0.835051
vt 0.129410 0.824743
vt 0.129410 0.793814
vt 0.129410 0.783504
vt 0.129410 0.752577
vt 0.129410 0.742268
vt 0.129410 0.711340
vt 0.129410 0.701031
vt 0.129410 0.670103
vt 0.129410 0.659794
vt 0.129410 0.628866
vt 0.129410 0.618557
vt 0.129410 0.587629
vt 0.129410 0.577320
vt 0.129410 0.546392
vt 0.129410 0.536083
vt 0.129410 0.505156
vt 0.129410 0.494844
vt 0.129410 0.463917
vt 0.129410 0.453608
vt 0.129410 0.422680
vt 0.129410 0.412371
vt 0.129410 0.381443
vt 0.129410 0.371134
vt 0.129410 0.340206
vt 0.129410 0.329897
vt 0.129410 0.298969
vt 0.129410 0.288660
vt 0.129410 0.257732
vt 0.129410 0.247423
vt 0.129410 0.216496
vt 0.129410 0.206186
vt 0.129410 0.175259
vt 0.129410 0.164949
vt 0.129410 0.134020
vt 0.129410 0.123711
vt 0.129410 0.092783
vt 0.129410 0.082474
vt 0.129410 0.051546
vt 0.129410 0.041237
vt 0.337387 0.000000
vt 0.347696 0.000000
vt 0.347696 0.020807
vt 0.337387 0.020807
vt 0.202234 0.329897
vt 0.202234 0.340206
vt 0.184895 0.340206
vt 0.184895 0.329897
vt 0.371311 0.309278
vt 0.373622 0.309278
vt 0.373622 0.330086
vt 0.371311 0.330086
vt 0.275059 0.113402
vt 0.254251 0.113402
vt 0.202234 0.319588
vt 0.184895 0.319588
vt 0.369564 0.096535
vt 0.371876 0.096535
vt 0.371876 0.117342
vt 0.369564 0.117342
vt 0.275059 0.123711
vt 0.254251 0.123711
vt 0.202234 0.309278
vt 0.184895 0.309278
vt 0.358005 0.017340
vt 0.368314 0.017340
vt 0.368314 0.034679
vt 0.254253 0.000000
vt 0.254253 0.010309
vt 0.337387 0.124842
vt 0.347696 0.124842
vt 0.347696 0.145649
vt 0.337387 0.145649
vt 0.327078 0.175258
vt 0.327078 0.185567
vt 0.309738 0.185567
vt 0.309738 0.175258
vt 0.364375 0.309278
vt 0.366687 0.309278
vt 0.366687 0.330086
vt 0.364375 0.330086
vt 0.254253 0.020619
vt 0.233446 0.020619
vt 0.327078 0.164948
vt 0.309738 0.164948
vt 0.364940 0.097099
vt 0.367252 0.097099
vt 0.367252 0.117907
vt 0.263123 0.368231
vt 0.265435 0.368231
vt 0.265435 0.385571
vt 0.263123 0.385571
vt 0.254253 0.030928
vt 0.233446 0.030928
vt 0.327078 0.154639
vt 0.309738 0.154639
vt 0.354537 0.247423
vt 0.364846 0.264763
vt 0.354537 0.264763
vt 0.171024 0.000000
vt 0.171024 0.010309
vt 0.150217 0.010309
vt 0.150217 0.000000
vt 0.309738 0.237113
vt 0.309738 0.247423
vt 0.292398 0.247423
vt 0.292398 0.237113
vt 0.371876 0.096535
vt 0.374188 0.096535
vt 0.374188 0.117342
vt 0.371876 0.117342
vt 0.260811 0.368231
vt 0.263123 0.368231
vt 0.263123 0.385571
vt 0.260811 0.385571
vt 0.171024 0.020619
vt 0.150217 0.020619
vt 0.309738 0.226804
vt 0.292398 0.226804
vt 0.371876 0.159521
vt 0.255126 0.368231
vt 0.257437 0.368231
vt 0.257437 0.385571
vt 0.255126 0.385571
vt 0.171024 0.030928
vt 0.150217 0.030928
vt 0.309738 0.216495
vt 0.292398 0.216495
vt 0.354066 0.309278
vt 0.364375 0.326618
vt 0.354066 0.326618
vt 0.254253 0.216495
vt 0.254253 0.226804
vt 0.233446 0.226804
vt 0.233446 0.216495
vt 0.343286 0.330086
vt 0.353595 0.330086
vt 0.327078 0.082474
vt 0.327078 0.092784
vt 0.309738 0.092784
vt 0.373151 0.330086
vt 0.375463 0.330086
vt 0.267746 0.368231
vt 0.270058 0.368231
vt 0.270058 0.385571
vt 0.267746 0.385571
vt 0.254253 0.237113
vt 0.233446 0.237113
vt 0.327078 0.072165
vt 0.373623 0.309278
vt 0.373623 0.330086
vt 0.250502 0.368231
vt 0.252813 0.368231
vt 0.252813 0.385571
vt 0.250502 0.385571
vt 0.254253 0.247423
vt 0.233446 0.247423
vt 0.327078 0.061856
vt 0.322667 0.350893
vt 0.332976 0.350893
vt 0.332976 0.368233
vt 0.322667 0.368233
vt 0.212639 0.226804
vt 0.212639 0.216495
vt 0.260811 0.309278
vt 0.219574 0.329897
vt 0.219574 0.340206
vt 0.374188 0.097099
vt 0.376500 0.097099
vt 0.376500 0.117907
vt 0.247317 0.368231
vt 0.249629 0.368231
vt 0.249629 0.385571
vt 0.247317 0.385571
vt 0.212639 0.237113
vt 0.219574 0.319588
vt 0.202234 0.319588
vt 0.376500 0.138714
vt 0.242693 0.368231
vt 0.245005 0.368231
vt 0.245005 0.385571
vt 0.242693 0.385571
vt 0.212639 0.247423
vt 0.202234 0.309278
vt 0.354537 0.282101
vt 0.364846 0.282101
vt 0.364846 0.299440
vt 0.354537 0.299440
vt 0.191832 0.185567
vt 0.191832 0.195876
vt 0.171024 0.195876
vt 0.171024 0.185567
vt 0.327078 0.237113
vt 0.327078 0.247423
vt 0.375463 0.330086
vt 0.377775 0.330086
vt 0.377775 0.350893
vt 0.375463 0.350893
vt 0.252814 0.368231
vt 0.252814 0.385571
vt 0.191832 0.206185
vt 0.171024 0.206185
vt 0.327078 0.226804
vt 0.271120 0.368231
vt 0.273432 0.368231
vt 0.273432 0.385571
vt 0.271120 0.385571
vt 0.327078 0.216495
vt 0.309738 0.216495
vt 0.219574 0.350893
vt 0.229883 0.350893
vt 0.229883 0.368233
vt 0.219574 0.368233
vt 0.233446 0.092784
vt 0.233446 0.103093
vt 0.306271 0.298969
vt 0.306271 0.309278
vt 0.288931 0.309278
vt 0.288931 0.298969
vt 0.377775 0.371700
vt 0.375463 0.371700
vt 0.240381 0.368231
vt 0.240381 0.385571
vt 0.233446 0.113402
vt 0.306271 0.288660
vt 0.288931 0.288660
vt 0.375250 0.000000
vt 0.377562 0.000000
vt 0.377562 0.020807
vt 0.375250 0.020807
vt 0.247316 0.368231
vt 0.247316 0.385571
vt 0.233446 0.123712
vt 0.354537 0.264761
vt 0.364846 0.264761
vt 0.364846 0.282101
vt 0.150217 0.134021
vt 0.271120 0.309278
vt 0.309738 0.206185
vt 0.309738 0.216495
vt 0.292398 0.216495
vt 0.292398 0.206185
vt 0.259749 0.368231
vt 0.259749 0.385571
vt 0.150217 0.144330
vt 0.309738 0.195876
vt 0.292398 0.195876
vt 0.374188 0.034679
vt 0.376500 0.034679
vt 0.376500 0.055487
vt 0.374188 0.055487
vt 0.150217 0.154639
vt 0.309738 0.185567
vt 0.292398 0.185567
vt 0.302048 0.350893
vt 0.312357 0.350893
vt 0.312357 0.368233
vt 0.302048 0.368233
vt 0.171024 0.041237
vt 0.171024 0.030928
vt 0.327077 0.145649
vt 0.337386 0.145649
vt 0.337386 0.166456
vt 0.327077 0.166456
vt 0.371876 0.221941
vt 0.371876 0.242748
vt 0.221886 0.368231
vt 0.224197 0.368231
vt 0.224197 0.385571
vt 0.221886 0.385571
vt 0.171024 0.051546
vt 0.382399 0.364763
vt 0.384711 0.364763
vt 0.384711 0.382103
vt 0.382399 0.382103
vt 0.353594 0.330086
vt 0.363904 0.330086
vt 0.363904 0.347425
vt 0.353594 0.347425
vt 0.327077 0.000000
vt 0.337386 0.000000
vt 0.323610 0.298969
vt 0.323610 0.309278
vt 0.367252 0.096535
vt 0.367252 0.117342
vt 0.323610 0.288660
vt 0.368999 0.309278
vt 0.368999 0.330086
vt 0.384711 0.364765
vt 0.382399 0.364765
vt 0.363904 0.364765
vt 0.353594 0.364765
vt 0.191832 0.103092
vt 0.171024 0.103092
vt 0.327077 0.041615
vt 0.337386 0.041615
vt 0.309738 0.175257
vt 0.309738 0.185566
vt 0.292398 0.185566
vt 0.292398 0.175257
vt 0.372938 0.000000
vt 0.375249 0.000000
vt 0.375249 0.020807
vt 0.372938 0.020807
vt 0.231133 0.368231
vt 0.231133 0.385571
vt 0.191832 0.113401
vt 0.171024 0.113401
vt 0.309738 0.164948
vt 0.292398 0.164948
vt 0.219574 0.368231
vt 0.219574 0.385571
vt 0.191832 0.123711
vt 0.171024 0.123711
vt 0.191832 0.000000
vt 0.191832 0.010309
vt 0.323609 0.268230
vt 0.333919 0.289038
vt 0.323609 0.289038
vt 0.184896 0.329897
vt 0.184896 0.340206
vt 0.167557 0.340206
vt 0.167557 0.329897
vt 0.161777 0.357546
vt 0.161777 0.378353
vt 0.381124 0.204603
vt 0.383436 0.204603
vt 0.383436 0.221943
vt 0.381124 0.221943
vt 0.191832 0.020618
vt 0.171024 0.020618
vt 0.184896 0.319588
vt 0.167557 0.319588
vt 0.159464 0.357546
vt 0.161776 0.357546
vt 0.161776 0.378353
vt 0.159464 0.378353
vt 0.384497 0.034679
vt 0.382185 0.034679
vt 0.184896 0.309278
vt 0.195205 0.340206
vt 0.195205 0.357546
vt 0.344228 0.268230
vt 0.150217 0.329897
vt 0.381124 0.117907
vt 0.383436 0.117907
vt 0.150217 0.319588
vt 0.368999 0.309278
vt 0.368999 0.330086
vt 0.140969 0.989691
vt 0.143281 0.989691
vt 0.143281 1.000000
vt 0.140969 1.000000
vt 0.136346 0.989691
vt 0.138657 0.989691
vt 0.138657 1.000000
vt 0.136346 1.000000
vt 0.138657 0.000000
vt 0.140969 0.000000
vt 0.140969 0.010309
vt 0.138657 0.010309
vt 0.140969 0.020618
vt 0.138657 0.020618
vt 0.140969 0.030928
vt 0.138657 0.030928
vt 0.140969 0.041237
vt 0.138657 0.041237
vt 0.140969 0.051546
vt 0.138657 0.051546
vt 0.140969 0.061855
vt 0.138657 0.061855
vt 0.140969 0.072165
vt 0.138657 0.072165
vt 0.140969 0.082474
vt 0.138657 0.082474
vt 0.140969 0.092783
vt 0.138657 0.092783
vt 0.140969 0.103092
vt 0.138657 0.103092
vt 0.140969 0.113401
vt 0.138657 0.113401
vt 0.140969 0.123711
vt 0.138657 0.123711
vt 0.140969 0.134020
vt 0.138657 0.134020
vt 0.140969 0.144329
vt 0.138657 0.144329
vt 0.140969 0.154638
vt 0.138657 0.154638
vt 0.140969 0.164948
vt 0.138657 0.164948
vt 0.140969 0.175259
vt 0.138657 0.175259
vt 0.140969 0.185568
vt 0.138657 0.185568
vt 0.140969 0.195877
vt 0.138657 0.195877
vt 0.140969 0.206186
vt 0.138657 0.206186
vt 0.140969 0.216496
vt 0.138657 0.216496
vt 0.140969 0.226805
vt 0.138657 0.226805
vt 0.140969 0.237114
vt 0.138657 0.237114
vt 0.140969 0.247423
vt 0.138657 0.247423
vt 0.140969 0.257732
vt 0.138657 0.257732
vt 0.140969 0.268042
vt 0.138657 0.268042
vt 0.140969 0.278351
vt 0.138657 0.278351
vt 0.140969 0.288660
vt 0.138657 0.288660
vt 0.140969 0.298969
vt 0.138657 0.298969
vt 0.140969 0.309278
vt 0.138657 0.309278
vt 0.140969 0.319588
vt 0.138657 0.319588
vt 0.140969 0.329897
vt 0.138657 0.329897
vt 0.140969 0.340206
vt 0.138657 0.340206
vt 0.140969 0.350515
vt 0.138657 0.350515
vt 0.140969 0.360825
vt 0.138657 0.360825
vt 0.140969 0.371134
vt 0.138657 0.371134
vt 0.140969 0.381443
vt 0.138657 0.381443
vt 0.140969 0.391752
vt 0.138657 0.391752
vt 0.140969 0.402061
vt 0.138657 0.402061
vt 0.140969 0.412371
vt 0.138657 0.412371
vt 0.140969 0.422680
vt 0.138657 0.422680
vt 0.140969 0.432989
vt 0.138657 0.432989
vt 0.140969 0.443298
vt 0.138657 0.443298
vt 0.140969 0.453608
vt 0.138657 0.453608
vt 0.140969 0.463917
vt 0.138657 0.463917
vt 0.140969 0.474226
vt 0.138657 0.474226
vt 0.140969 0.484535
vt 0.138657 0.484535
vt 0.140969 0.494846
vt 0.138657 0.494846
vt 0.140969 0.505156
vt 0.138657 0.505156
vt 0.140969 0.515465
vt 0.138657 0.515465
vt 0.140969 0.525774
vt 0.138657 0.525774
vt 0.140969 0.536083
vt 0.138657 0.536083
vt 0.140969 0.546392
vt 0.138657 0.546392
vt 0.140969 0.556702
vt 0.138657 0.556702
vt 0.140969 0.567011
vt 0.138657 0.567011
vt 0.140969 0.577320
vt 0.138657 0.577320
vt 0.140969 0.587629
vt 0.138657 0.587629
vt 0.140969 0.597939
vt 0.138657 0.597939
vt 0.140969 0.608248
vt 0.138657 0.608248
vt 0.140969 0.618557
vt 0.138657 0.618557
vt 0.140969 0.628866
vt 0.138657 0.628866
vt 0.140969 0.639175
vt 0.138657 0.639175
vt 0.140969 0.649485
vt 0.138657 0.649485
vt 0.140969 0.659794
vt 0.138657 0.659794
vt 0.140969 0.670103
vt 0.138657 0.670103
vt 0.140969 0.680412
vt 0.138657 0.680412
vt 0.140969 0.690722
vt 0.138657 0.690722
vt 0.140969 0.701031
vt 0.138657 0.701031
vt 0.140969 0.711340
vt 0.138657 0.711340
vt 0.140969 0.721649
vt 0.138657 0.721649
vt 0.140969 0.731958
vt 0.138657 0.731958
vt 0.140969 0.742268
vt 0.138657 0.742268
vt 0.140969 0.752577
vt 0.138657 0.752577
vt 0.140969 0.762886
vt 0.138657 0.762886
vt 0.140969 0.773195
vt 0.138657 0.773195
vt 0.140969 0.783504
vt 0.138657 0.783504
vt 0.140969 0.793814
vt 0.138657 0.793814
vt 0.140969 0.804123
vt 0.138657 0.804123
vt 0.140969 0.814434
vt 0.138657 0.814434
vt 0.140969 0.824741
vt 0.138657 0.824741
vt 0.140969 0.835052
vt 0.138657 0.835052
vt 0.140969 0.845362
vt 0.138657 0.845362
vt 0.140969 0.855671
vt 0.138657 0.855671
vt 0.140969 0.865980
vt 0.138657 0.865980
vt 0.140969 0.876289
vt 0.138657 0.876289
vt 0.140969 0.886599
vt 0.138657 0.886599
vt 0.140969 0.896908
vt 0.138657 0.896908
vt 0.140969 0.907217
vt 0.138657 0.907217
vt 0.140969 0.917526
vt 0.138657 0.917526
vt 0.140969 0.927835
vt 0.138657 0.927835
vt 0.140969 0.938145
vt 0.138657 0.938145
vt 0.140969 0.948454
vt 0.138657 0.948454
vt 0.140969 0.958763
vt 0.138657 0.958763
vt 0.140969 0.969072
vt 0.138657 0.969072
vt 0.140969 0.979382
vt 0.138657 0.979382
vt 0.136346 0.000000
vt 0.136346 0.010309
vt 0.136346 0.041237
vt 0.136346 0.051546
vt 0.136346 0.082474
vt 0.136346 0.092783
vt 0.136346 0.123711
vt 0.136346 0.134020
vt 0.136346 0.164948
vt 0.136346 0.175259
vt 0.136346 0.206186
vt 0.136346 0.216496
vt 0.136346 0.247423
vt 0.136346 0.257732
vt 0.136346 0.288660
vt 0.136346 0.298969
vt 0.136346 0.329897
vt 0.136346 0.340206
vt 0.136346 0.371134
vt 0.136346 0.381443
vt 0.136346 0.412371
vt 0.136346 0.422680
vt 0.136346 0.453608
vt 0.136346 0.463917
vt 0.136346 0.494846
vt 0.136346 0.505156
vt 0.136346 0.536083
vt 0.136346 0.546392
vt 0.136346 0.577320
vt 0.136346 0.587629
vt 0.136346 0.618557
vt 0.136346 0.628866
vt 0.136346 0.659794
vt 0.136346 0.670103
vt 0.136346 0.701031
vt 0.136346 0.711340
vt 0.136346 0.742268
vt 0.136346 0.752577
vt 0.136346 0.783504
vt 0.136346 0.793814
vt 0.136346 0.824741
vt 0.136346 0.835052
vt 0.136346 0.865980
vt 0.136346 0.876289
vt 0.136346 0.907217
vt 0.136346 0.917526
vt 0.136346 0.948454
vt 0.136346 0.958763
vt 0.143281 0.000000
vt 0.143281 0.010309
vt 0.143281 0.041237
vt 0.143281 0.051546
vt 0.143281 0.082474
vt 0.143281 0.092783
vt 0.143281 0.123711
vt 0.143281 0.134020
vt 0.143281 0.164948
vt 0.143281 0.175259
vt 0.143281 0.206186
vt 0.143281 0.216496
vt 0.143281 0.247423
vt 0.143281 0.257732
vt 0.143281 0.288660
vt 0.143281 0.298969
vt 0.143281 0.329897
vt 0.143281 0.340206
vt 0.143281 0.371134
vt 0.143281 0.381443
vt 0.143281 0.412371
vt 0.143281 0.422680
vt 0.143281 0.453608
vt 0.143281 0.463917
vt 0.143281 0.494846
vt 0.143281 0.505156
vt 0.143281 0.536083
vt 0.143281 0.546392
vt 0.143281 0.577320
vt 0.143281 0.587629
vt 0.143281 0.618557
vt 0.143281 0.628866
vt 0.143281 0.659794
vt 0.143281 0.670103
vt 0.143281 0.701031
vt 0.143281 0.711340
vt 0.143281 0.742268
vt 0.143281 0.752577
vt 0.143281 0.783504
vt 0.143281 0.793814
vt 0.143281 0.824741
vt 0.143281 0.835052
vt 0.143281 0.865980
vt 0.143281 0.876289
vt 0.143281 0.907217
vt 0.143281 0.917526
vt 0.143281 0.948454
vt 0.143281 0.958763
vt 0.321605 0.368231
vt 0.321605 0.385571
vt 0.380087 0.350893
vt 0.382399 0.350893
vt 0.382399 0.371700
vt 0.380087 0.371700
vt 0.275059 0.195876
vt 0.275059 0.185567
vt 0.322666 0.330086
vt 0.332975 0.330086
vt 0.191832 0.175258
vt 0.171024 0.175258
vt 0.329602 0.368231
vt 0.331914 0.368231
vt 0.331914 0.385571
vt 0.329602 0.385571
vt 0.275059 0.206185
vt 0.191832 0.164948
vt 0.171024 0.164948
vt 0.380087 0.330086
vt 0.380087 0.350893
vt 0.342223 0.368231
vt 0.342223 0.385571
vt 0.275059 0.216495
vt 0.189519 0.357546
vt 0.191831 0.357546
vt 0.191831 0.378353
vt 0.189519 0.378353
vt 0.347696 0.138714
vt 0.358006 0.138714
vt 0.288931 0.278350
vt 0.288931 0.288660
vt 0.271591 0.288660
vt 0.271591 0.278350
vt 0.347696 0.166456
vt 0.337387 0.166456
vt 0.212639 0.082474
vt 0.212639 0.092783
vt 0.191832 0.092783
vt 0.191832 0.082474
vt 0.350221 0.368231
vt 0.352533 0.368231
vt 0.352533 0.385571
vt 0.350221 0.385571
vt 0.288931 0.298969
vt 0.271591 0.298969
vt 0.212639 0.072165
vt 0.191832 0.072165
vt 0.347696 0.187263
vt 0.337387 0.187263
vt 0.376500 0.201136
vt 0.378812 0.201136
vt 0.378812 0.221943
vt 0.376500 0.221943
vt 0.383342 0.268230
vt 0.385654 0.268230
vt 0.385654 0.285570
vt 0.383342 0.285570
vt 0.288931 0.309278
vt 0.271591 0.309278
vt 0.212639 0.061856
vt 0.191832 0.061856
vt 0.380087 0.371700
vt 0.358006 0.052019
vt 0.347696 0.052019
vt 0.219574 0.278351
vt 0.219574 0.288660
vt 0.202234 0.288660
vt 0.202234 0.278351
vt 0.212639 0.144330
vt 0.212639 0.154639
vt 0.385182 0.309278
vt 0.387494 0.309278
vt 0.387494 0.326618
vt 0.385182 0.326618
vt 0.202234 0.298969
vt 0.212639 0.134021
vt 0.378812 0.221941
vt 0.381124 0.221941
vt 0.381124 0.242748
vt 0.378812 0.242748
vt 0.385748 0.104036
vt 0.383436 0.104036
vt 0.381124 0.159521
vt 0.378812 0.159521
vt 0.219574 0.333553
vt 0.219574 0.350893
vt 0.347696 0.190731
vt 0.358006 0.190731
vt 0.358006 0.208071
vt 0.347696 0.208071
vt 0.271591 0.278351
vt 0.271591 0.288660
vt 0.254251 0.288660
vt 0.254251 0.278351
vt 0.171024 0.051547
vt 0.171024 0.061856
vt 0.150217 0.061856
vt 0.150217 0.051547
vt 0.335288 0.368231
vt 0.335288 0.385571
vt 0.271591 0.298969
vt 0.254251 0.298969
vt 0.171024 0.041237
vt 0.150217 0.041237
vt 0.363904 0.361013
vt 0.366216 0.361013
vt 0.366216 0.381821
vt 0.363904 0.381821
vt 0.327290 0.368231
vt 0.327290 0.385571
vt 0.271591 0.309278
vt 0.254251 0.309278
vt 0.380087 0.330086
vt 0.382399 0.330086
vt 0.347695 0.000000
vt 0.358005 0.000000
vt 0.347695 0.017340
vt 0.184896 0.278351
vt 0.184896 0.288660
vt 0.167557 0.288660
vt 0.167557 0.278351
vt 0.233446 0.206186
vt 0.233446 0.216495
vt 0.212639 0.216495
vt 0.212639 0.206186
vt 0.343285 0.330086
vt 0.306860 0.368231
vt 0.306860 0.385571
vt 0.184896 0.298969
vt 0.167557 0.298969
vt 0.233446 0.195876
vt 0.212639 0.195876
vt 0.378812 0.034679
vt 0.381124 0.034679
vt 0.381124 0.055487
vt 0.378812 0.055487
vt 0.295301 0.368231
vt 0.295301 0.385571
vt 0.184896 0.309278
vt 0.167557 0.309278
vt 0.233446 0.185567
vt 0.212639 0.185567
vt 0.358005 0.076292
vt 0.360317 0.076292
vt 0.360317 0.097099
vt 0.358005 0.097099
vt 0.376500 0.159521
vt 0.378812 0.159521
vt 0.347695 0.173393
vt 0.358005 0.173393
vt 0.358005 0.190733
vt 0.347695 0.190733
vt 0.292398 0.061856
vt 0.292398 0.072165
vt 0.275059 0.072165
vt 0.275059 0.061856
vt 0.233444 0.123711
vt 0.233444 0.113402
vt 0.278056 0.368231
vt 0.280368 0.368231
vt 0.280368 0.385571
vt 0.278056 0.385571
vt 0.275059 0.082474
vt 0.233444 0.103093
vt 0.212450 0.357546
vt 0.214762 0.357546
vt 0.214762 0.378353
vt 0.212450 0.378353
vt 0.275059 0.092783
vt 0.233444 0.092784
vt 0.207826 0.357546
vt 0.210138 0.357546
vt 0.210138 0.378353
vt 0.207826 0.378353
vt 0.323609 0.289038
vt 0.333919 0.306377
vt 0.323609 0.306377
vt 0.184896 0.247423
vt 0.184896 0.257732
vt 0.167557 0.257732
vt 0.167557 0.247423
vt 0.275059 0.092784
vt 0.254251 0.092784
vt 0.254251 0.082474
vt 0.184896 0.268041
vt 0.167557 0.268041
vt 0.275059 0.072165
vt 0.254251 0.072165
vt 0.275059 0.061856
vt 0.254251 0.061856
vt 0.187207 0.357546
vt 0.187207 0.378353
vt 0.202234 0.278350
vt 0.202234 0.288660
vt 0.184895 0.288660
vt 0.184895 0.278350
vt 0.337387 0.208071
vt 0.275059 0.051547
vt 0.275059 0.061856
vt 0.254251 0.061856
vt 0.254251 0.051547
vt 0.202234 0.298969
vt 0.184895 0.298969
vt 0.275059 0.041237
vt 0.254251 0.041237
vt 0.377562 0.000000
vt 0.379874 0.000000
vt 0.379874 0.020807
vt 0.377562 0.020807
vt 0.202234 0.309278
vt 0.184895 0.309278
vt 0.254251 0.030928
vt 0.381124 0.055485
vt 0.381124 0.076292
vt 0.275059 0.010309
vt 0.254251 0.216495
vt 0.254251 0.206185
vt 0.292398 0.020618
vt 0.275059 0.020618
vt 0.254251 0.195876
vt 0.382870 0.309278
vt 0.382870 0.330086
vt 0.312357 0.368231
vt 0.312357 0.385571
vt 0.254251 0.185567
vt 0.347695 0.246218
vt 0.171024 0.237113
vt 0.171024 0.247423
vt 0.150217 0.247423
vt 0.150217 0.237113
vt 0.344228 0.247423
vt 0.171024 0.226804
vt 0.150217 0.226804
vt 0.376500 0.034679
vt 0.376500 0.055487
vt 0.332976 0.368231
vt 0.332976 0.385571
vt 0.171024 0.216495
vt 0.150217 0.216495
vt 0.383342 0.247423
vt 0.383342 0.268230
vt 0.358005 0.104036
vt 0.358005 0.121376
vt 0.347696 0.121376
vt 0.254253 0.288660
vt 0.212639 0.206185
vt 0.212639 0.216495
vt 0.254253 0.298969
vt 0.212639 0.195876
vt 0.254253 0.309278
vt 0.383342 0.247423
vt 0.385653 0.247423
vt 0.385653 0.264763
vt 0.383342 0.264763
vt 0.212639 0.185567
vt 0.212450 0.357546
vt 0.212450 0.378353
vt 0.160526 0.340206
vt 0.160526 0.357546
vt 0.292398 0.164948
vt 0.292398 0.175258
vt 0.275059 0.175258
vt 0.383436 0.117907
vt 0.385748 0.117907
vt 0.385748 0.135246
vt 0.383436 0.135246
vt 0.383436 0.169924
vt 0.385748 0.169924
vt 0.385748 0.187263
vt 0.383436 0.187263
vt 0.143282 0.041237
vt 0.143282 0.030928
vt 0.145016 0.030928
vt 0.145016 0.041237
vt 0.146749 0.154638
vt 0.146749 0.144329
vt 0.148483 0.144329
vt 0.148483 0.154638
vt 0.143282 0.020618
vt 0.145016 0.020618
vt 0.146749 0.134020
vt 0.148483 0.134020
vt 0.143282 0.010309
vt 0.145016 0.010309
vt 0.146749 0.123711
vt 0.148483 0.123711
vt 0.146749 0.113401
vt 0.148483 0.113401
vt 0.146749 0.103092
vt 0.148483 0.103092
vt 0.146749 0.092783
vt 0.148483 0.092783
vt 0.146749 0.082474
vt 0.148483 0.082474
vt 0.146749 0.072165
vt 0.148483 0.072165
vt 0.146749 0.061855
vt 0.148483 0.061855
vt 0.146749 0.051546
vt 0.148483 0.051546
vt 0.146749 0.000000
vt 0.146749 0.041237
vt 0.148483 0.041237
vt 0.146749 0.030928
vt 0.148483 0.030928
vt 0.143282 0.989691
vt 0.143282 0.979382
vt 0.145016 0.979382
vt 0.145016 0.989691
vt 0.146749 0.020618
vt 0.148483 0.020618
vt 0.143282 0.969072
vt 0.145016 0.969072
vt 0.146749 0.010309
vt 0.148483 0.010309
vt 0.143282 0.958763
vt 0.145016 0.958763
vt 0.143282 0.948454
vt 0.145016 0.948454
vt 0.150217 1.000000
vt 0.146749 0.989691
vt 0.148483 0.989691
vt 0.143282 0.938145
vt 0.145016 0.938145
vt 0.143282 0.927835
vt 0.145016 0.927835
vt 0.143282 0.917526
vt 0.145016 0.917526
vt 0.143282 0.907217
vt 0.145016 0.907217
vt 0.143282 0.896908
vt 0.145016 0.896908
vt 0.143282 0.886599
vt 0.145016 0.886599
vt 0.143282 0.876289
vt 0.145016 0.876289
vt 0.143282 0.865980
vt 0.145016 0.865980
vt 0.146749 0.979382
vt 0.148483 0.979382
vt 0.143282 0.855671
vt 0.145016 0.855671
vt 0.146749 0.969072
vt 0.148483 0.969072
vt 0.143282 0.845362
vt 0.145016 0.845362
vt 0.146749 0.958763
vt 0.148483 0.958763
vt 0.143282 0.835052
vt 0.145016 0.835052
vt 0.146749 0.948454
vt 0.148483 0.948454
vt 0.143282 0.824743
vt 0.145016 0.824743
vt 0.146749 0.938145
vt 0.148483 0.938145
vt 0.143282 0.814432
vt 0.145016 0.814432
vt 0.146749 0.927835
vt 0.148483 0.927835
vt 0.143282 0.804123
vt 0.145016 0.804123
vt 0.146749 0.917526
vt 0.148483 0.917526
vt 0.143282 0.793814
vt 0.145016 0.793814
vt 0.146749 0.907217
vt 0.148483 0.907217
vt 0.143282 0.783504
vt 0.145016 0.783504
vt 0.146749 0.896908
vt 0.148483 0.896908
vt 0.143282 0.773195
vt 0.145016 0.773195
vt 0.146749 0.886599
vt 0.148483 0.886599
vt 0.143282 0.762886
vt 0.145016 0.762886
vt 0.146749 0.876289
vt 0.148483 0.876289
vt 0.143282 0.752577
vt 0.145016 0.752577
vt 0.146749 0.865980
vt 0.148483 0.865980
vt 0.143282 0.742268
vt 0.145016 0.742268
vt 0.146749 0.855671
vt 0.148483 0.855671
vt 0.143282 0.731958
vt 0.145016 0.731958
vt 0.146749 0.845362
vt 0.148483 0.845362
vt 0.143282 0.721649
vt 0.145016 0.721649
vt 0.146749 0.835051
vt 0.148483 0.835051
vt 0.143282 0.711340
vt 0.145016 0.711340
vt 0.146749 0.824743
vt 0.148483 0.824743
vt 0.143282 0.701031
vt 0.145016 0.701031
vt 0.146749 0.814432
vt 0.148483 0.814432
vt 0.143282 0.690722
vt 0.145016 0.690722
vt 0.146749 0.804123
vt 0.148483 0.804123
vt 0.143282 0.680412
vt 0.145016 0.680412
vt 0.146749 0.793814
vt 0.148483 0.793814
vt 0.143282 0.670103
vt 0.145016 0.670103
vt 0.146749 0.783504
vt 0.148483 0.783504
vt 0.143282 0.659794
vt 0.145016 0.659794
vt 0.146749 0.773195
vt 0.148483 0.773195
vt 0.143282 0.649485
vt 0.145016 0.649485
vt 0.146749 0.762886
vt 0.148483 0.762886
vt 0.143282 0.639175
vt 0.145016 0.639175
vt 0.146749 0.752577
vt 0.148483 0.752577
vt 0.143282 0.628866
vt 0.145016 0.628866
vt 0.146749 0.742268
vt 0.148483 0.742268
vt 0.143282 0.618557
vt 0.145016 0.618557
vt 0.146749 0.731958
vt 0.148483 0.731958
vt 0.143282 0.608248
vt 0.145016 0.608248
vt 0.146749 0.721649
vt 0.148483 0.721649
vt 0.143282 0.597939
vt 0.145016 0.597939
vt 0.146749 0.711340
vt 0.148483 0.711340
vt 0.143282 0.587629
vt 0.145016 0.587629
vt 0.146749 0.701031
vt 0.148483 0.701031
vt 0.143282 0.577320
vt 0.145016 0.577320
vt 0.146749 0.690722
vt 0.148483 0.690722
vt 0.143282 0.567011
vt 0.145016 0.567011
vt 0.146749 0.680412
vt 0.148483 0.680412
vt 0.143282 0.556702
vt 0.145016 0.556702
vt 0.146749 0.670103
vt 0.148483 0.670103
vt 0.143282 0.546392
vt 0.145016 0.546392
vt 0.146749 0.659794
vt 0.148483 0.659794
vt 0.113226 0.010309
vt 0.113226 0.000000
vt 0.127098 0.000000
vt 0.113226 0.989691
vt 0.113226 0.979382
vt 0.113226 0.969072
vt 0.113226 0.958763
vt 0.113226 0.948454
vt 0.113226 0.938145
vt 0.113226 0.927835
vt 0.113226 0.917526
vt 0.113226 0.907217
vt 0.113226 0.896908
vt 0.113226 0.886599
vt 0.113226 0.876289
vt 0.113226 0.865980
vt 0.113226 0.855671
vt 0.113226 0.845362
vt 0.113226 0.835051
vt 0.113226 0.824743
vt 0.113226 0.814432
vt 0.113226 0.804123
vt 0.113226 0.793814
vt 0.113226 0.783504
vt 0.113226 0.773195
vt 0.113226 0.762886
vt 0.113226 0.752577
vt 0.113226 0.742268
vt 0.113226 0.731958
vt 0.113226 0.721649
vt 0.113226 0.711340
vt 0.113226 0.701031
vt 0.113226 0.690722
vt 0.113226 0.680412
vt 0.113226 0.670103
vt 0.113226 0.659794
vt 0.113226 0.649485
vt 0.113226 0.639175
vt 0.113226 0.628866
vt 0.113226 0.618557
vt 0.113226 0.608248
vt 0.113226 0.597939
vt 0.113226 0.587629
vt 0.113226 0.577320
vt 0.113226 0.567011
vt 0.113226 0.556702
vt 0.113226 0.546392
vt 0.113226 0.536083
vt 0.113226 0.525774
vt 0.113226 0.515465
vt 0.113226 0.505156
vt 0.113226 0.494844
vt 0.113226 0.484535
vt 0.113226 0.474226
vt 0.113226 0.463917
vt 0.113226 0.453608
vt 0.113226 0.443298
vt 0.113226 0.432989
vt 0.113226 0.422680
vt 0.113226 0.412371
vt 0.113226 0.402061
vt 0.113226 0.391752
vt 0.113226 0.381443
vt 0.113226 0.371134
vt 0.113226 0.360825
vt 0.113226 0.350515
vt 0.113226 0.340206
vt 0.113226 0.329897
vt 0.113226 0.319588
vt 0.113226 0.309278
vt 0.113226 0.298969
vt 0.113226 0.288660
vt 0.113226 0.278351
vt 0.113226 0.268042
vt 0.113226 0.257732
vt 0.113226 0.247423
vt 0.113226 0.237114
vt 0.113226 0.226805
vt 0.113226 0.216496
vt 0.113226 0.206186
vt 0.113226 0.195877
vt 0.113226 0.185568
vt 0.113226 0.175259
vt 0.113226 0.164949
vt 0.113226 0.154638
vt 0.113226 0.144329
vt 0.113226 0.134020
vt 0.113226 0.123711
vt 0.113226 0.113401
vt 0.113226 0.103092
vt 0.113226 0.092783
vt 0.113226 0.082474
vt 0.113226 0.072165
vt 0.113226 0.061855
vt 0.113226 0.051546
vt 0.113226 0.041237
vt 0.113226 0.030928
vt 0.113226 0.020618
vt 0.000000 0.020618
vt 0.000000 0.010309
vt 0.000000 0.030928
vt 0.000000 0.041237
vt 0.000000 0.051546
vt 0.000000 0.061855
vt 0.000000 0.072165
vt 0.000000 0.082474
vt 0.000000 0.092783
vt 0.000000 0.103092
vt 0.000000 0.113401
vt 0.000000 0.123711
vt 0.000000 0.134020
vt 0.000000 0.144329
vt 0.000000 0.154638
vt 0.000000 0.164949
vt 0.000000 0.175259
vt 0.000000 0.185568
vt 0.000000 0.195877
vt 0.000000 0.206186
vt 0.000000 0.216496
vt 0.000000 0.226805
vt 0.000000 0.237114
vt 0.000000 0.247423
vt 0.000000 0.257732
vt 0.000000 0.268042
vt 0.000000 0.278351
vt 0.000000 0.288660
vt 0.000000 0.298969
vt 0.000000 0.309278
vt 0.000000 0.319588
vt 0.000000 0.329897
vt 0.000000 0.340206
vt 0.000000 0.350515
vt 0.000000 0.360825
vt 0.000000 0.371134
vt 0.000000 0.381443
vt 0.000000 0.391752
vt 0.000000 0.402061
vt 0.000000 0.412371
vt 0.000000 0.422680
vt 0.000000 0.432989
vt 0.000000 0.443298
vt 0.000000 0.453608
vt 0.000000 0.463917
vt 0.000000 0.474226
vt 0.000000 0.484535
vt 0.000000 0.494844
vt 0.000000 0.505156
vt 0.000000 0.515465
vt 0.000000 0.525774
vt 0.000000 0.536083
vt 0.000000 0.546392
vt 0.000000 0.556702
vt 0.000000 0.567011
vt 0.000000 0.577320
vt 0.000000 0.587629
vt 0.000000 0.597939
vt 0.000000 0.608248
vt 0.000000 0.618557
vt 0.000000 0.628866
vt 0.000000 0.639175
vt 0.000000 0.649485
vt 0.000000 0.659794
vt 0.000000 0.670103
vt 0.000000 0.680412
vt 0.000000 0.690722
vt 0.000000 0.701031
vt 0.000000 0.711340
vt 0.000000 0.721649
vt 0.000000 0.731958
vt 0.000000 0.742268
vt 0.000000 0.752577
vt 0.000000 0.762886
vt 0.000000 0.773195
vt 0.000000 0.783504
vt 0.000000 0.793814
vt 0.000000 0.804123
vt 0.000000 0.814432
vt 0.000000 0.824743
vt 0.000000 0.835051
vt 0.000000 0.845362
vt 0.000000 0.855671
vt 0.000000 0.865980
vt 0.000000 0.876289
vt 0.000000 0.886599
vt 0.000000 0.896908
vt 0.000000 0.907217
vt 0.000000 0.917526
vt 0.000000 0.927835
vt 0.000000 0.938145
vt 0.000000 0.948454
vt 0.000000 0.958763
vt 0.000000 0.969072
vt 0.000000 0.979382
vt 0.000000 0.989691
vt 0.000000 0.000000
vt 0.097043 0.000000
vt 0.146749 0.164949
vt 0.148483 0.164949
vt 0.143282 0.051546
vt 0.145016 0.051546
vt 0.146749 0.175259
vt 0.148483 0.175259
vt 0.143282 0.061855
vt 0.145016 0.061855
vt 0.146749 0.185568
vt 0.148483 0.185568
vt 0.143282 0.072165
vt 0.145016 0.072165
vt 0.146749 0.195877
vt 0.148483 0.195877
vt 0.143282 0.082474
vt 0.145016 0.082474
vt 0.146749 0.206186
vt 0.148483 0.206186
vt 0.143282 0.092783
vt 0.145016 0.092783
vt 0.146749 0.216496
vt 0.148483 0.216496
vt 0.143282 0.103092
vt 0.145016 0.103092
vt 0.146749 0.226805
vt 0.148483 0.226805
vt 0.143282 0.113401
vt 0.145016 0.113401
vt 0.146749 0.237114
vt 0.148483 0.237114
vt 0.143282 0.123711
vt 0.145016 0.123711
vt 0.146749 0.247423
vt 0.148483 0.247423
vt 0.143282 0.134020
vt 0.145016 0.134020
vt 0.146749 0.257732
vt 0.148483 0.257732
vt 0.143282 0.144329
vt 0.145016 0.144329
vt 0.146749 0.268042
vt 0.148483 0.268042
vt 0.143282 0.154638
vt 0.145016 0.154638
vt 0.146749 0.278351
vt 0.148483 0.278351
vt 0.143282 0.164949
vt 0.145016 0.164949
vt 0.146749 0.288660
vt 0.148483 0.288660
vt 0.143282 0.175259
vt 0.145016 0.175259
vt 0.146749 0.298969
vt 0.148483 0.298969
vt 0.143282 0.185568
vt 0.145016 0.185568
vt 0.146749 0.309278
vt 0.148483 0.309278
vt 0.143282 0.195877
vt 0.145016 0.195877
vt 0.146749 0.319588
vt 0.148483 0.319588
vt 0.143282 0.206186
vt 0.145016 0.206186
vt 0.146749 0.329897
vt 0.148483 0.329897
vt 0.143282 0.216496
vt 0.145016 0.216496
vt 0.146749 0.340206
vt 0.148483 0.340206
vt 0.143282 0.226805
vt 0.145016 0.226805
vt 0.146749 0.350515
vt 0.148483 0.350515
vt 0.143282 0.237114
vt 0.145016 0.237114
vt 0.146749 0.360825
vt 0.148483 0.360825
vt 0.143282 0.247423
vt 0.145016 0.247423
vt 0.146749 0.371134
vt 0.148483 0.371134
vt 0.143282 0.257732
vt 0.145016 0.257732
vt 0.146749 0.381443
vt 0.148483 0.381443
vt 0.143282 0.268042
vt 0.145016 0.268042
vt 0.146749 0.391752
vt 0.148483 0.391752
vt 0.143282 0.278351
vt 0.145016 0.278351
vt 0.146749 0.402061
vt 0.148483 0.402061
vt 0.143282 0.288660
vt 0.145016 0.288660
vt 0.146749 0.412371
vt 0.148483 0.412371
vt 0.143282 0.298969
vt 0.145016 0.298969
vt 0.146749 0.422680
vt 0.148483 0.422680
vt 0.143282 0.309278
vt 0.145016 0.309278
vt 0.146749 0.432989
vt 0.148483 0.432989
vt 0.143282 0.319588
vt 0.145016 0.319588
vt 0.146749 0.443298
vt 0.148483 0.443298
vt 0.143282 0.329897
vt 0.145016 0.329897
vt 0.146749 0.453608
vt 0.148483 0.453608
vt 0.143282 0.340206
vt 0.145016 0.340206
vt 0.146749 0.463917
vt 0.148483 0.463917
vt 0.143282 0.350515
vt 0.145016 0.350515
vt 0.146749 0.474226
vt 0.148483 0.474226
vt 0.143282 0.360825
vt 0.145016 0.360825
vt 0.146749 0.484535
vt 0.148483 0.484535
vt 0.143282 0.371134
vt 0.145016 0.371134
vt 0.146749 0.494844
vt 0.148483 0.494844
vt 0.143282 0.381443
vt 0.145016 0.381443
vt 0.146749 0.505156
vt 0.148483 0.505156
vt 0.143282 0.391752
vt 0.145016 0.391752
vt 0.146749 0.515465
vt 0.148483 0.515465
vt 0.143282 0.402061
vt 0.145016 0.402061
vt 0.146749 0.525774
vt 0.148483 0.525774
vt 0.143282 0.412371
vt 0.145016 0.412371
vt 0.146749 0.536083
vt 0.148483 0.536083
vt 0.143282 0.422680
vt 0.145016 0.422680
vt 0.146749 0.546392
vt 0.148483 0.546392
vt 0.143282 0.432989
vt 0.145016 0.432989
vt 0.146749 0.556702
vt 0.148483 0.556702
vt 0.143282 0.443298
vt 0.145016 0.443298
vt 0.146749 0.567011
vt 0.148483 0.567011
vt 0.143282 0.453608
vt 0.145016 0.453608
vt 0.146749 0.577320
vt 0.148483 0.577320
vt 0.143282 0.463917
vt 0.145016 0.463917
vt 0.146749 0.587629
vt 0.148483 0.587629
vt 0.143282 0.474226
vt 0.145016 0.474226
vt 0.146749 0.597939
vt 0.148483 0.597939
vt 0.143282 0.484537
vt 0.145016 0.484537
vt 0.146749 0.608248
vt 0.148483 0.608248
vt 0.143282 0.494846
vt 0.145016 0.494846
vt 0.146749 0.618557
vt 0.148483 0.618557
vt 0.143282 0.505156
vt 0.145016 0.505156
vt 0.146749 0.628866
vt 0.148483 0.628866
vt 0.143282 0.515465
vt 0.145016 0.515465
vt 0.146749 0.639175
vt 0.148483 0.639175
vt 0.143282 0.525774
vt 0.145016 0.525774
vt 0.146749 0.649485
vt 0.148483 0.649485
vt 0.143282 0.536083
vt 0.145016 0.536083
vt 0.360316 0.055485
vt 0.360316 0.076292
vt 0.358005 0.076292
vt 0.358005 0.055485
vt 0.327076 0.104036
vt 0.327076 0.086697
vt 0.337385 0.083229
vt 0.337385 0.104036
vt 0.362628 0.076292
vt 0.362628 0.055485
vt 0.364940 0.055485
vt 0.364940 0.076292
vt 0.113226 1.000000
vt 0.099355 1.000000
vt 0.354538 0.271698
vt 0.354538 0.289038
vt 0.344229 0.289038
vt 0.344229 0.268230
vt 0.364940 0.076292
vt 0.364940 0.076292
vt 0.364940 0.097099
vt 0.362629 0.097099
vt 0.362629 0.076292
vt 0.364940 0.117907
vt 0.362629 0.117907
vt 0.358005 0.117907
vt 0.358005 0.097099
vt 0.358005 0.097099
vt 0.360317 0.097099
vt 0.360317 0.117907
vt 0.146749 1.000000
vt 0.113226 1.000000
vt 0.127098 1.000000
vt 0.097043 1.000000
vt 0.000000 1.000000
s 0
usemtl dam
f 2382/3779/30 2383/3780/30 2872/3781/30 2871/3782/30
f 3310/3783/31 2141/3784/31 1846/3785/31 3214/3786/31
f 1998/3787/32 2477/3788/32 3071/3789/32 2954/3790/32
f 2070/3791/33 2069/3792/33 2692/3793/33 2693/3794/33
f 2277/3795/33 2276/3796/33 2766/3797/33 2767/3798/33
f 2452/3799/33 2451/3800/33 3045/3801/33 3046/3802/33
f 2555/3803/30 2556/3804/30 3149/3805/30 3148/3806/30
f 2597/3807/32 2213/3808/32 3012/3809/32 3190/3810/32
f 2451/3800/33 2450/3811/33 3044/3812/33 3045/3801/33
f 2033/3813/33 2034/3814/33 2972/3815/33 2971/3816/33
f 2554/3817/30 2555/3803/30 3148/3806/30 3147/3818/30
f 2474/3819/34 2001/3820/34 2955/3821/34 3068/3822/34
f 2449/3823/33 2448/3824/33 3042/3825/33 3043/3826/33
f 2552/3827/30 2553/3828/30 3146/3829/30 3145/3830/30
f 2210/3831/34 2594/3832/34 3187/3833/34 3011/3834/34
f 2002/3835/32 2473/3836/32 3067/3837/32 2956/3838/32
f 2448/3824/33 2447/3839/33 3041/3840/33 3042/3825/33
f 2551/3841/30 2552/3827/30 3145/3830/30 3144/3842/30
f 2593/3843/32 2209/3844/32 3010/3845/32 3186/3846/32
f 2447/3839/33 2446/3847/33 3040/3848/33 3041/3840/33
f 2029/3849/33 2030/3850/33 2970/3851/33 2969/3852/33
f 2550/3853/30 2551/3841/30 3144/3842/30 3143/3854/30
f 2470/3855/34 2005/3856/34 2957/3857/34 3064/3858/34
f 2445/3859/33 2444/3860/33 3038/3861/33 3039/3847/33
f 2548/3862/30 2549/3863/30 3142/3864/30 3141/3865/30
f 2206/3866/34 2590/3867/34 3183/3868/34 3009/3869/34
f 2006/3870/32 2469/3871/32 3063/3872/32 2958/3873/32
f 2444/3860/33 2443/3874/33 3037/3875/33 3038/3861/33
f 2547/3876/30 2548/3862/30 3141/3865/30 3140/3877/30
f 2589/3878/32 2205/3879/32 3008/3880/32 3182/3881/32
f 2443/3874/33 2442/3882/33 3036/3883/33 3037/3875/33
f 2025/3884/33 2026/3885/33 2968/3886/33 2967/3887/33
f 2546/3888/30 2547/3876/30 3140/3877/30 3139/3889/30
f 2233/3890/30 2234/3891/30 3023/3892/30 3022/3893/30
f 2466/3894/34 2009/3895/34 2959/3896/34 3060/3897/34
f 2441/3898/33 2440/3899/33 3034/3900/33 3035/3901/33
f 2544/3902/30 2545/3903/30 3138/3904/30 3137/3905/30
f 2202/3906/34 2586/3907/34 3179/3908/34 3007/3909/34
f 2010/3910/32 2465/3911/32 3059/3912/32 2960/3913/32
f 2440/3899/33 2439/3914/33 3033/3915/33 3034/3900/33
f 2543/3916/30 2544/3902/30 3137/3905/30 3136/3917/30
f 2585/3918/32 2201/3919/32 3006/3920/32 3178/3921/32
f 2439/3914/33 2438/3922/33 3032/3923/33 3033/3915/33
f 2021/3904/33 2022/3924/33 2966/3925/33 2965/3926/33
f 2542/3829/30 2543/3916/30 3136/3917/30 3135/3927/30
f 2229/3928/30 2230/3929/30 3021/3930/30 3020/3931/30
f 2462/3932/34 2013/3933/34 2961/3934/34 3056/3935/34
f 2437/3936/33 2436/3937/33 3030/3938/33 3031/3939/33
f 2540/3940/30 2541/3941/30 3134/3942/30 3133/3943/30
f 2198/3944/34 2582/3945/34 3175/3946/34 3005/3947/34
f 2014/3948/32 2461/3949/32 3055/3950/32 2962/3951/32
f 2436/3937/33 2435/3952/33 3029/3953/33 3030/3938/33
f 2539/3954/30 2540/3940/30 3133/3943/30 3132/3955/30
f 2581/3956/32 2197/3957/32 3004/3958/32 3174/3959/32
f 2435/3952/33 2434/3960/33 3028/3961/33 3029/3953/33
f 2538/3962/30 2539/3954/30 3132/3955/30 3131/3963/30
f 2017/3964/33 2018/3965/33 2964/3966/33 2963/3967/33
f 2225/3968/30 2226/3969/30 3019/3970/30 3018/3971/30
f 2458/3820/34 2017/3972/34 2963/3973/34 3052/3821/34
f 2433/3974/33 2432/3975/33 3026/3976/33 3027/3977/33
f 2536/3978/30 2537/3979/30 3130/3980/30 3129/3981/30
f 2194/3982/34 2578/3983/34 3171/3984/34 3003/3985/34
f 2018/3986/32 2457/3987/32 3051/3988/32 2964/3989/32
f 2432/3975/33 2431/3990/33 3025/3991/33 3026/3976/33
f 2535/3992/30 2536/3978/30 3129/3981/30 3128/3993/30
f 2577/3994/32 2193/3995/32 3002/3996/32 3170/3997/32
f 2431/3990/33 2430/3998/33 3024/3999/33 3025/3991/33
f 2534/4000/30 2535/3992/30 3128/3993/30 3127/4001/30
f 2013/4002/33 2014/4003/33 2962/4004/33 2961/4005/33
f 2221/4006/30 2222/4007/30 3017/4008/30 3016/4009/30
f 2454/4010/34 2021/4011/34 2965/4012/34 3048/4013/34
f 2532/4014/30 2533/4015/30 3126/4016/30 3125/4017/30
f 2190/4018/34 2574/4019/34 3167/4020/34 3001/4021/34
f 2022/4022/32 2453/4023/32 3047/4024/32 2966/4025/32
f 2531/4026/30 2532/4014/30 3125/4017/30 3124/4027/30
f 2573/4028/32 2189/4029/32 3000/4030/32 3166/4031/32
f 2009/4032/33 2010/4033/33 2960/4034/33 2959/4035/33
f 2530/4036/30 2531/4026/30 3124/4027/30 3123/4037/30
f 2217/4038/30 2218/4039/30 3015/4040/30 3014/4041/30
f 2450/3895/34 2025/4042/34 2967/4043/34 3044/3896/34
f 2528/3830/30 2529/3829/30 3122/3927/30 3121/4044/30
f 2186/4045/34 2570/4046/34 3163/4047/34 2999/4048/34
f 2026/4049/32 2449/4050/32 3043/4051/32 2968/4052/32
f 2527/3842/30 2528/3830/30 3121/4044/30 3120/4053/30
f 2569/4054/32 2185/4055/32 2998/4056/32 3162/4057/32
f 2005/4058/33 2006/4059/33 2958/4060/33 2957/4061/33
f 2526/3854/30 2527/3842/30 3120/4053/30 3119/4062/30
f 2213/3887/30 2214/3886/30 3013/4063/30 3012/4064/30
f 2446/4013/34 2029/4012/34 2969/4065/34 3040/4066/34
f 2525/4067/33 2524/4068/33 3118/4069/33 2928/4070/33
f 2182/4029/34 2566/4018/34 3159/4021/34 2997/4030/34
f 2030/4071/32 2445/4072/32 3039/4073/32 2970/4074/32
f 2524/4068/33 2523/4075/33 3117/4076/33 3118/4069/33
f 2565/4019/32 2181/4077/32 2996/4078/32 3158/4020/32
f 2001/4079/33 2002/4080/33 2956/4081/33 2955/4082/33
f 2523/4075/33 2522/4083/33 3116/4084/33 3117/4076/33
f 2209/4085/30 2210/4086/30 3011/3969/30 3010/3968/30
f 2442/4087/34 2033/4088/34 2971/4089/34 3036/4090/34
f 2521/4091/33 2520/4092/33 3114/4093/33 3115/4094/33
f 2178/4095/34 2562/4096/34 3155/4097/34 2995/4098/34
f 2034/4012/32 2441/4099/32 3035/4100/32 2972/4065/32
f 2520/4092/33 2519/4101/33 3113/4102/33 3114/4093/33
f 2561/4103/32 2177/3956/32 2994/3959/32 3154/4104/32
f 1997/4105/33 1998/4106/33 2954/4107/33 2953/4108/33
f 2045/4109/35 2430/4110/35 2431/4111/35 2044/4112/35
f 2044/4112/35 2431/4111/35 2432/4113/35 2043/4114/35
f 2043/4114/35 2432/4113/35 2433/4115/35 2042/4116/35
f 2519/4101/33 2518/4117/33 3112/4118/33 3113/4102/33
f 2041/4119/35 2434/4120/35 2435/4121/35 2040/4122/35
f 2040/4122/35 2435/4121/35 2436/4123/35 2039/4124/35
f 2039/4124/35 2436/4123/35 2437/4125/35 2038/4126/35
f 2205/4127/30 2206/4128/30 3009/4129/30 3008/4130/30
f 2037/4131/35 2438/4132/35 2439/4133/35 2036/4134/35
f 2036/4134/35 2439/4133/35 2440/4135/35 2035/4136/35
f 2035/4136/35 2440/4135/35 2441/3787/35 2034/4137/35
f 2438/4138/34 2037/4139/34 2973/4011/34 3032/4010/34
f 2033/4140/35 2442/4141/35 2443/4142/35 2032/4143/35
f 2032/4143/35 2443/4142/35 2444/4144/35 2031/4145/35
f 2031/4145/35 2444/4144/35 2445/4146/35 2030/4147/35
f 2517/3939/33 2516/3938/33 3110/4148/33 3111/4149/33
f 2029/4150/35 2446/4151/35 2447/4152/35 2028/4153/35
f 2028/4153/35 2447/4152/35 2448/4154/35 2027/4155/35
f 2027/4155/35 2448/4154/35 2449/4141/35 2026/4140/35
f 2174/4156/34 2558/4157/34 3151/4158/34 2993/4159/34
f 2025/4160/35 2450/4161/35 2451/4162/35 2024/4163/35
f 2024/4163/35 2451/4162/35 2452/4164/35 2023/4165/35
f 2023/4165/35 2452/4164/35 2453/4166/35 2022/4167/35
f 2620/4168/30 2621/4169/30 2929/4170/30 3213/4171/30
f 2021/4172/35 2454/4173/35 2455/4174/35 2020/4175/35
f 2020/4175/35 2455/4174/35 2456/4176/35 2019/4177/35
f 2019/4177/35 2456/4176/35 2457/4178/35 2018/4179/35
f 2038/3873/32 2437/3872/32 3031/4180/32 2974/4181/32
f 2017/4182/35 2458/4183/35 2459/4184/35 2016/4185/35
f 2016/4185/35 2459/4184/35 2460/4186/35 2015/4187/35
f 2015/4187/35 2460/4186/35 2461/4188/35 2014/4189/35
f 2516/3938/33 2515/3953/33 3109/4190/33 3110/4148/33
f 2013/4191/35 2462/4192/35 2463/4193/35 2012/4194/35
f 2012/4194/35 2463/4193/35 2464/4195/35 2011/4196/35
f 2011/4196/35 2464/4195/35 2465/4197/35 2010/4198/35
f 2557/3907/32 2173/4199/32 2992/4200/32 3150/3908/32
f 2009/4201/35 2466/4202/35 2467/4203/35 2008/4204/35
f 2008/4204/35 2467/4203/35 2468/4205/35 2007/4206/35
f 2007/4206/35 2468/4205/35 2469/4207/35 2006/4208/35
f 2619/4209/30 2620/4168/30 3213/4171/30 3212/4210/30
f 2005/4211/35 2470/4212/35 2471/4213/35 2004/4214/35
f 2004/4214/35 2471/4213/35 2472/4215/35 2003/4216/35
f 2003/4216/35 2472/4215/35 2473/4217/35 2002/4218/35
f 1993/4219/33 1994/4220/33 2952/4221/33 2951/4222/33
f 2001/4223/35 2474/4224/35 2475/4225/35 2000/4226/35
f 2000/4226/35 2475/4225/35 2476/4227/35 1999/4228/35
f 1999/4228/35 2476/4227/35 2477/4229/35 1998/4230/35
f 2515/3953/33 2514/3961/33 3108/4231/33 3109/4190/33
f 1997/4232/35 2478/4233/35 2479/4234/35 1996/4235/35
f 1996/4235/35 2479/4234/35 2480/4236/35 1995/4237/35
f 1995/4237/35 2480/4236/35 2481/4238/35 1994/4239/35
f 2618/4240/30 2619/4209/30 3212/4210/30 3211/4241/30
f 1993/4242/35 2482/4243/35 2483/4244/35 1992/4245/35
f 1992/4245/35 2483/4244/35 2484/4246/35 1991/4247/35
f 1991/4247/35 2484/4246/35 2485/4248/35 1990/4249/35
f 2201/4250/30 2202/4251/30 3007/4252/30 3006/4253/30
f 1989/4254/35 2486/4255/35 2487/4256/35 1988/4257/35
f 1988/4257/35 2487/4256/35 2488/4258/35 1987/4259/35
f 1987/4259/35 2488/4258/35 2489/4260/35 1986/4261/35
f 2434/4262/34 2041/4263/34 2975/3836/34 3028/3835/34
f 1985/4110/35 2490/4264/35 2491/4265/35 1984/4111/35
f 1984/4111/35 2491/4265/35 2492/4266/35 1983/4113/35
f 1983/4113/35 2492/4266/35 2493/4267/35 1982/4115/35
f 2513/4268/33 2512/4269/33 3106/4270/33 3107/4271/33
f 1981/4272/35 2494/4273/35 2495/4274/35 1980/4275/35
f 1980/4275/35 2495/4274/35 2496/4276/35 1979/4277/35
f 1979/4277/35 2496/4276/35 2497/4278/35 1978/4279/35
f 2170/3995/34 2554/3982/34 3147/3985/34 2991/3996/34
f 1977/4188/35 2498/4280/35 2499/4281/35 1976/4282/35
f 1976/4282/35 2499/4281/35 2500/4283/35 1975/4284/35
f 1975/4284/35 2500/4283/35 2501/4285/35 1974/4286/35
f 2616/4287/30 2617/4288/30 3210/4289/30 3209/4290/30
f 1973/4189/35 2502/4188/35 2503/4282/35 1972/4291/35
f 1972/4291/35 2503/4282/35 2504/4284/35 1971/4292/35
f 1971/4292/35 2504/4284/35 2505/4286/35 1970/4293/35
f 2042/4294/32 2433/4295/32 3027/4296/32 2976/4297/32
f 1969/4298/35 2506/4172/35 2507/4175/35 1968/4299/35
f 1968/4299/35 2507/4175/35 2508/4177/35 1967/4300/35
f 1967/4300/35 2508/4177/35 2509/4179/35 1966/4301/35
f 2512/4269/33 2511/4302/33 3105/4303/33 3106/4270/33
f 1965/4304/35 2510/4305/35 2511/4306/35 1964/4307/35
f 1964/4307/35 2511/4306/35 2512/4308/35 1963/4309/35
f 1963/4309/35 2512/4308/35 2513/4310/35 1962/4311/35
f 2553/4077/32 2169/4312/32 2990/4313/32 3146/4078/32
f 1961/4314/35 2514/4150/35 2515/4153/35 1960/4315/35
f 1960/4315/35 2515/4153/35 2516/4155/35 1959/4316/35
f 1959/4316/35 2516/4155/35 2517/4140/35 1958/4317/35
f 2615/4318/30 2616/4287/30 3209/4290/30 3208/4319/30
f 1957/4320/35 2518/4321/35 2519/4322/35 1956/4323/35
f 1956/4323/35 2519/4322/35 2520/4324/35 1955/4325/35
f 1955/4325/35 2520/4324/35 2521/4326/35 1954/4327/35
f 1989/4328/33 1990/4329/33 2950/4330/33 2949/4331/33
f 1953/4332/35 2522/4333/35 2523/4334/35 1952/4335/35
f 1952/4335/35 2523/4334/35 2524/4336/35 1951/4337/35
f 1951/4337/35 2524/4336/35 2525/4338/35 1950/4339/35
f 2380/4340/30 2381/4341/30 2870/4342/30 2869/4343/30
f 1870/4344/34 2350/4345/34 2839/4346/34 2642/4347/34
f 2276/3796/33 2275/4348/33 2765/4349/33 2766/3797/33
f 2379/4350/30 2380/4340/30 2869/4343/30 2868/4351/30
f 2141/4352/32 2333/4353/32 2632/4354/32 2628/4355/32
f 2349/4356/32 1869/4357/32 2641/4358/32 2838/4359/32
f 2275/4348/33 2274/4360/33 2764/4361/33 2765/4349/33
f 1857/4362/30 1858/4363/30 2636/4364/30 2635/4365/30
f 2378/4366/30 2379/4350/30 2868/4351/30 2867/4367/30
f 2066/4368/33 2065/4369/33 2690/4370/33 2691/4371/33
f 2273/4372/33 2272/4373/33 2762/4374/33 2763/4375/33
f 2376/4376/30 2377/4377/30 2866/4378/30 2865/4379/30
f 2330/4380/34 2138/4352/34 2727/4355/34 2820/4381/34
f 1866/4382/34 2346/4383/34 2835/4384/34 2640/4385/34
f 2272/4373/33 2271/4386/33 2761/4387/33 2762/4374/33
f 2375/4388/30 2376/4376/30 2865/4379/30 2864/4389/30
f 2137/4390/32 2329/4391/32 2819/4392/32 2726/4393/32
f 2345/4394/32 1865/4395/32 2639/4396/32 2834/4397/32
f 2271/4386/33 2270/4398/33 2760/4399/33 2761/4387/33
f 1842/4400/30 1854/4401/30 2634/4402/30 2623/4403/30
f 2374/3864/30 2375/4388/30 2864/4389/30 2863/4404/30
f 2062/4061/33 2061/4060/33 2688/4405/33 2689/4406/33
f 2269/4407/33 2268/4408/33 2758/3992/33 2759/4000/33
f 2372/4409/30 2373/4410/30 2862/4411/30 2861/4412/30
f 2326/4413/34 2134/4414/34 2725/4415/34 2816/4416/34
f 1862/4417/34 2342/4418/34 2831/4419/34 2638/4420/34
f 2268/4408/33 2267/4421/33 2757/3978/33 2758/3992/33
f 2371/4422/30 2372/4409/30 2861/4412/30 2860/4423/30
f 2133/4424/32 2325/4425/32 2815/4426/32 2724/4427/32
f 2341/4428/32 1861/4429/32 2637/4430/32 2830/4431/32
f 2267/4421/33 2266/4432/33 2756/3979/33 2757/3978/33
f 2370/4433/30 2371/4422/30 2860/4423/30 2859/4434/30
f 2058/4435/33 2057/4061/33 2686/4406/33 2687/4436/33
f 2265/4437/33 2264/4438/33 2754/3796/33 2755/3795/33
f 2368/4439/30 2369/4440/30 2858/4441/30 2857/4442/30
f 2322/4443/34 2130/4444/34 2723/4445/34 2812/4446/34
f 1858/4130/34 2338/4447/34 2827/4448/34 2636/4449/34
f 2264/4438/33 2263/4450/33 2753/4451/33 2754/3796/33
f 2367/4452/30 2368/4439/30 2857/4442/30 2856/4453/30
f 2129/4454/32 2321/4455/32 2811/4456/32 2722/4457/32
f 2337/4458/32 1857/4459/32 2635/4460/32 2826/4461/32
f 2263/4450/33 2262/4462/33 2752/4407/33 2753/4451/33
f 2366/4463/30 2367/4452/30 2856/4453/30 2855/4464/30
f 2054/4465/33 2053/4466/33 2684/4467/33 2685/4468/33
f 2261/4469/33 2260/4470/33 2750/4471/33 2751/4472/33
f 1845/4473/34 1850/4474/34 2631/4475/34 2625/4476/34
f 2364/4477/30 2365/4478/30 2854/4463/30 2853/4479/30
f 2318/4480/34 2126/4481/34 2721/4482/34 2808/4483/34
f 1854/4397/34 2334/4396/34 2823/4418/34 2634/4417/34
f 2260/4470/33 2259/4484/33 2749/4485/33 2750/4471/33
f 2363/4486/30 2364/4477/30 2853/4479/30 2852/4487/30
f 2125/3911/32 2317/4488/32 2807/4489/32 2720/4490/32
f 2259/4484/33 2258/4491/33 2748/4492/33 2749/4485/33
f 2362/4493/30 2363/4486/30 2852/4487/30 2851/4494/30
f 1945/4495/30 1946/4496/30 2680/4497/30 2679/4498/30
f 2050/4499/33 2049/4500/33 2682/4501/33 2683/3891/33
f 2257/4502/33 2256/4503/33 2746/4504/33 2747/4505/33
f 2360/4506/30 2361/4507/30 2850/4508/30 2849/4509/30
f 2314/4510/34 2122/4511/34 2719/4512/34 2804/4513/34
f 2256/4503/33 2255/4514/33 2745/4515/33 2746/4504/33
f 2359/4516/30 2360/4506/30 2849/4509/30 2848/4517/30
f 2121/4518/32 2313/4519/32 2803/4511/32 2718/4510/32
f 2255/4514/33 2254/4520/33 2744/4521/33 2745/4515/33
f 1846/4522/33 2141/4523/33 2628/4524/33 2627/4525/33
f 2358/4526/30 2359/4516/30 2848/4517/30 2847/4527/30
f 1941/4401/30 1942/4528/30 2678/4529/30 2677/4402/30
f 1851/4530/34 1846/4531/34 2627/4532/34 2626/4533/34
f 2253/4462/33 2252/4534/33 2742/4408/33 2743/4407/33
f 2356/4535/30 2357/4536/30 2846/4537/30 2845/4538/30
f 2310/4539/34 2118/4540/34 2717/4541/34 2800/4542/34
f 2252/4534/33 2251/4543/33 2741/4421/33 2742/4408/33
f 2355/4544/30 2356/4535/30 2845/4538/30 2844/4545/30
f 2117/4546/32 2309/4547/32 2799/4548/32 2716/4549/32
f 2251/4543/33 2250/4550/33 2740/4432/33 2741/4421/33
f 2429/4551/32 1949/4552/32 2624/4553/32 2633/4554/32
f 2354/4555/30 2355/4544/30 2844/4545/30 2843/4478/30
f 1937/4556/30 1938/4557/30 2676/4558/30 2675/4559/30
f 1949/4059/30 1845/4560/30 2625/4561/30 2624/4060/30
f 2249/4562/33 2248/4563/33 2738/4564/33 2739/4565/33
f 2352/4566/30 2353/4567/30 2842/4568/30 2841/4569/30
f 2306/4570/34 2114/4571/34 2715/4572/34 2796/4573/34
f 2248/4563/33 2247/4574/33 2737/4575/33 2738/4564/33
f 1946/4576/34 2426/4397/34 2915/4417/34 2680/4577/34
f 2351/4578/30 2352/4566/30 2841/4569/30 2840/4579/30
f 2113/4580/32 2305/3878/32 2795/3881/32 2714/4581/32
f 2247/4574/33 2246/4582/33 2736/4583/33 2737/4575/33
f 2425/4584/32 1945/4585/32 2679/4586/32 2914/4587/32
f 2350/4588/30 2351/4578/30 2840/4579/30 2839/4589/30
f 1933/3885/30 1934/4085/30 2674/4590/30 2673/3886/30
f 2245/4565/33 2244/4564/33 2734/4591/33 2735/4592/33
f 2348/4593/30 2349/4594/30 2838/4067/30 2837/4595/30
f 2302/4596/34 2110/4597/34 2713/4598/34 2792/4599/34
f 2046/4600/35 2238/4601/35 2239/4602/35 2047/4603/35
f 2047/4603/35 2239/4602/35 2240/4604/35 2048/4605/35
f 2048/4605/35 2240/4604/35 2241/4606/35 2049/4607/35
f 2244/4564/33 2243/4575/33 2733/4608/33 2734/4591/33
f 2050/4609/35 2242/4610/35 2243/4611/35 2051/4612/35
f 2051/4612/35 2243/4611/35 2244/4613/35 2052/4614/35
f 2052/4614/35 2244/4613/35 2245/4615/35 2053/4616/35
f 1942/4617/34 2422/4584/34 2911/4587/34 2678/4618/34
f 2054/4619/35 2246/4620/35 2247/4621/35 2055/4622/35
f 2055/4622/35 2247/4621/35 2248/4623/35 2056/4624/35
f 2056/4624/35 2248/4623/35 2249/4625/35 2057/4626/35
f 2347/4627/30 2348/4593/30 2837/4595/30 2836/4628/30
f 2058/4629/35 2250/4630/35 2251/4631/35 2059/4632/35
f 2059/4632/35 2251/4631/35 2252/4633/35 2060/4634/35
f 2060/4634/35 2252/4633/35 2253/4635/35 2061/4636/35
f 2109/4597/32 2301/4637/32 2791/4638/32 2712/4639/32
f 2062/4640/35 2254/4641/35 2255/4642/35 2063/4643/35
f 2063/4643/35 2255/4642/35 2256/4644/35 2064/4645/35
f 2064/4645/35 2256/4644/35 2257/4646/35 2065/4647/35
f 2243/4575/33 2242/4583/33 2732/4648/33 2733/4608/33
f 2066/4649/35 2258/4650/35 2259/4651/35 2067/4652/35
f 2067/4652/35 2259/4651/35 2260/4653/35 2068/4654/35
f 2068/4654/35 2260/4653/35 2261/4655/35 2069/4656/35
f 2421/4657/32 1941/4658/32 2677/4659/32 2910/4660/32
f 2070/4661/35 2262/4662/35 2263/4663/35 2071/4664/35
f 2071/4664/35 2263/4663/35 2264/4665/35 2072/4666/35
f 2072/4666/35 2264/4665/35 2265/4667/35 2073/4668/35
f 2346/4669/30 2347/4627/30 2836/4628/30 2835/4670/30
f 2074/4671/35 2266/4672/35 2267/4673/35 2075/4674/35
f 2075/4674/35 2267/4673/35 2268/4675/35 2076/4676/35
f 2076/4676/35 2268/4675/35 2269/4677/35 2077/4678/35
f 1929/4679/30 1930/4680/30 2672/4681/30 2671/3814/30
f 2078/4682/35 2270/4683/35 2271/4684/35 2079/4685/35
f 2079/4685/35 2271/4684/35 2272/4686/35 2080/4687/35
f 2080/4687/35 2272/4686/35 2273/4688/35 2081/4689/35
f 2138/4690/33 2137/4435/33 2726/4436/33 2727/4691/33
f 2082/4692/35 2274/4693/35 2275/4694/35 2083/4695/35
f 2083/4695/35 2275/4694/35 2276/4696/35 2084/4697/35
f 2084/4697/35 2276/4696/35 2277/4698/35 2085/4699/35
f 2241/4700/33 2240/4701/33 2730/4702/33 2731/4703/33
f 2086/4704/35 2278/4705/35 2279/4706/35 2087/4707/35
f 2087/4707/35 2279/4706/35 2280/4708/35 2088/4709/35
f 2088/4709/35 2280/4708/35 2281/4710/35 2089/4711/35
f 2344/4712/30 2345/4713/30 2834/3936/30 2833/4714/30
f 2090/4715/35 2282/4716/35 2283/4717/35 2091/4718/35
f 2091/4718/35 2283/4717/35 2284/4719/35 2092/4720/35
f 2092/4720/35 2284/4719/35 2285/4721/35 2093/4722/35
f 2298/4723/34 2106/4724/34 2711/4725/34 2788/4726/34
f 2094/4727/35 2286/4728/35 2287/4729/35 2095/4730/35
f 2095/4730/35 2287/4729/35 2288/4731/35 2096/4732/35
f 2096/4732/35 2288/4731/35 2289/4733/35 2097/4734/35
f 2240/4701/33 2239/4735/33 2729/4736/33 2730/4702/33
f 2098/4737/35 2290/4738/35 2291/4739/35 2099/4740/35
f 2099/4740/35 2291/4739/35 2292/4741/35 2100/4742/35
f 2100/4742/35 2292/4741/35 2293/4743/35 2101/4744/35
f 1938/4745/34 2418/4746/34 2907/4747/34 2676/4748/34
f 2102/4749/35 2294/4750/35 2295/4751/35 2103/4752/35
f 2103/4752/35 2295/4751/35 2296/4753/35 2104/4754/35
f 2104/4754/35 2296/4753/35 2297/4755/35 2105/4756/35
f 2343/4757/30 2344/4712/30 2833/4714/30 2832/4758/30
f 2106/4759/35 2298/4760/35 2299/4761/35 2107/4762/35
f 2107/4762/35 2299/4761/35 2300/4763/35 2108/4764/35
f 2108/4764/35 2300/4763/35 2301/4765/35 2109/4766/35
f 2105/4767/32 2297/4768/32 2787/4769/32 2710/4770/32
f 2110/4771/35 2302/4772/35 2303/4773/35 2111/4774/35
f 2111/4774/35 2303/4773/35 2304/4775/35 2112/4776/35
f 2112/4776/35 2304/4775/35 2305/4777/35 2113/4778/35
f 2239/4735/33 2238/4779/33 2728/4780/33 2729/4736/33
f 2114/4781/35 2306/4782/35 2307/4783/35 2115/4784/35
f 2115/4784/35 2307/4783/35 2308/4785/35 2116/4786/35
f 2116/4786/35 2308/4785/35 2309/4787/35 2117/4788/35
f 2417/4789/32 1937/4657/32 2675/4660/32 2906/4790/32
f 2118/4791/35 2310/4792/35 2311/4793/35 2119/4794/35
f 2119/4794/35 2311/4793/35 2312/4795/35 2120/4796/35
f 2120/4796/35 2312/4795/35 2313/4797/35 2121/4798/35
f 2342/4799/30 2343/4757/30 2832/4758/30 2831/4800/30
f 2122/4801/35 2314/4802/35 2315/4803/35 2123/4804/35
f 2123/4804/35 2315/4803/35 2316/4805/35 2124/4806/35
f 2124/4806/35 2316/4805/35 2317/4807/35 2125/4808/35
f 1925/4809/30 1926/4810/30 2670/4058/30 2669/4811/30
f 2126/4812/35 2318/4813/35 2319/4814/35 2127/4815/35
f 2127/4815/35 2319/4814/35 2320/4816/35 2128/4817/35
f 2128/4817/35 2320/4816/35 2321/4818/35 2129/4819/35
f 2134/4497/33 2133/4820/33 2724/4821/33 2725/4822/33
f 2130/4823/35 2322/4824/35 2323/4825/35 2131/4826/35
f 2131/4826/35 2323/4825/35 2324/4827/35 2132/4828/35
f 2132/4828/35 2324/4827/35 2325/4829/35 2133/4830/35
f 2340/4714/30 2341/3936/30 2830/3939/30 2829/4831/30
f 2134/4832/35 2326/4833/35 2327/4834/35 2135/4835/35
f 2135/4835/35 2327/4834/35 2328/4836/35 2136/4837/35
f 2136/4837/35 2328/4836/35 2329/4838/35 2137/4839/35
f 2294/4724/34 2102/4580/34 2709/4840/34 2784/4725/34
f 2138/4841/35 2330/4842/35 2331/4843/35 2139/4844/35
f 2139/4844/35 2331/4843/35 2332/4845/35 2140/4846/35
f 2140/4846/35 2332/4845/35 2333/4847/35 2141/3784/35
f 2511/4302/33 2510/4848/33 3104/4849/33 3105/4303/33
f 2526/4850/35 2142/4851/35 2143/4852/35 2527/4853/35
f 2527/4853/35 2143/4852/35 2144/4854/35 2528/4855/35
f 2528/4855/35 2144/4854/35 2145/4856/35 2529/4857/35
f 2614/4858/30 2615/4318/30 3208/4319/30 3207/4859/30
f 2530/4860/35 2146/4861/35 2147/4862/35 2531/4863/35
f 2531/4863/35 2147/4862/35 2148/4864/35 2532/4865/35
f 2532/4865/35 2148/4864/35 2149/4866/35 2533/4867/35
f 2197/4868/30 2198/4869/30 3005/4870/30 3004/4871/30
f 2534/4872/35 2150/4873/35 2151/4874/35 2535/4875/35
f 2535/4875/35 2151/4874/35 2152/4876/35 2536/4877/35
f 2536/4877/35 2152/4876/35 2153/4878/35 2537/4879/35
f 2430/4880/34 2045/4881/34 2920/4882/34 3024/4883/34
f 2538/4884/35 2154/4885/35 2155/4886/35 2539/4887/35
f 2539/4887/35 2155/4886/35 2156/4888/35 2540/4889/35
f 2540/4889/35 2156/4888/35 2157/4890/35 2541/4891/35
f 2509/4892/33 2508/4893/33 3102/4894/33 3103/4895/33
f 2542/4896/35 2158/4897/35 2159/4898/35 2543/4899/35
f 2543/4899/35 2159/4898/35 2160/4900/35 2544/4901/35
f 2544/4901/35 2160/4900/35 2161/4902/35 2545/4903/35
f 2166/4904/34 2550/4905/34 3143/4906/34 2989/4907/34
f 2546/4908/35 2162/4909/35 2163/4910/35 2547/4911/35
f 2547/4911/35 2163/4910/35 2164/4912/35 2548/4913/35
f 2548/4913/35 2164/4912/35 2165/4914/35 2549/4915/35
f 2612/4916/30 2613/4917/30 3206/4288/30 3205/4287/30
f 2550/4918/35 2166/4919/35 2167/4920/35 2551/4921/35
f 2551/4921/35 2167/4920/35 2168/4922/35 2552/4923/35
f 2552/4923/35 2168/4922/35 2169/4924/35 2553/4925/35
f 2508/4893/33 2507/4926/33 3101/4927/33 3102/4894/33
f 2554/4928/35 2170/4929/35 2171/4930/35 2555/4931/35
f 2555/4931/35 2171/4930/35 2172/4932/35 2556/4933/35
f 2556/4933/35 2172/4932/35 2173/4934/35 2557/4935/35
f 2549/3846/32 2165/3845/32 2988/4936/32 3142/4937/32
f 2558/4938/35 2174/4939/35 2175/4940/35 2559/4941/35
f 2559/4941/35 2175/4940/35 2176/4942/35 2560/4943/35
f 2560/4943/35 2176/4942/35 2177/4944/35 2561/4945/35
f 2611/4946/30 2612/4916/30 3205/4287/30 3204/4318/30
f 2562/4947/35 2178/4948/35 2179/4949/35 2563/4950/35
f 2563/4950/35 2179/4949/35 2180/4951/35 2564/4952/35
f 2564/4952/35 2180/4951/35 2181/4953/35 2565/4954/35
f 1985/4955/33 1986/4956/33 2948/4957/33 2947/4958/33
f 2566/4959/35 2182/4960/35 2183/4961/35 2567/4962/35
f 2567/4962/35 2183/4961/35 2184/4963/35 2568/4964/35
f 2568/4964/35 2184/4963/35 2185/4965/35 2569/4966/35
f 2507/4926/33 2506/4967/33 3100/3859/33 3101/4927/33
f 2570/4968/35 2186/4969/35 2187/4970/35 2571/4971/35
f 2571/4971/35 2187/4970/35 2188/4972/35 2572/4973/35
f 2572/4973/35 2188/4972/35 2189/4974/35 2573/4975/35
f 2610/4976/30 2611/4946/30 3204/4318/30 3203/4858/30
f 2574/4977/35 2190/4978/35 2191/4979/35 2575/4980/35
f 2575/4980/35 2191/4979/35 2192/4981/35 2576/4982/35
f 2576/4982/35 2192/4981/35 2193/4983/35 2577/4984/35
f 2193/4985/30 2194/4160/30 3003/4986/30 3002/4987/30
f 2578/4988/35 2194/4989/35 2195/4990/35 2579/4991/35
f 2579/4991/35 2195/4990/35 2196/4992/35 2580/4993/35
f 2580/4993/35 2196/4992/35 2197/4994/35 2581/4995/35
f 2505/4996/33 2504/3802/33 3098/4997/33 3099/4998/33
f 2582/4999/35 2198/5000/35 2199/5001/35 2583/5002/35
f 2583/5002/35 2199/5001/35 2200/5003/35 2584/5004/35
f 2584/5004/35 2200/5003/35 2201/5005/35 2585/5006/35
f 2162/5007/34 2546/5008/34 3139/5009/34 2987/5010/34
f 2586/5011/35 2202/5012/35 2203/5013/35 2587/5014/35
f 2587/5014/35 2203/5013/35 2204/5015/35 2588/5016/35
f 2588/5016/35 2204/5015/35 2205/5017/35 2589/5018/35
f 2608/4044/30 2609/3927/30 3202/4015/30 3201/4014/30
f 2590/5019/35 2206/5020/35 2207/5021/35 2591/5022/35
f 2591/5022/35 2207/5021/35 2208/5023/35 2592/5024/35
f 2592/5024/35 2208/5023/35 2209/5025/35 2593/5026/35
f 2504/3802/33 2503/3801/33 3097/5027/33 3098/4997/33
f 2594/5028/35 2210/5029/35 2211/5030/35 2595/5031/35
f 2595/5031/35 2211/5030/35 2212/5032/35 2596/5033/35
f 2596/5033/35 2212/5032/35 2213/5034/35 2597/5035/35
f 2545/5036/32 2161/5037/32 2986/5038/32 3138/5039/32
f 2598/5040/35 2214/5041/35 2215/5042/35 2599/5043/35
f 2599/5043/35 2215/5042/35 2216/5044/35 2600/5045/35
f 2600/5045/35 2216/5044/35 2217/5046/35 2601/5047/35
f 2607/4053/30 2608/4044/30 3201/4014/30 3200/4026/30
f 2602/5048/35 2218/5049/35 2219/5050/35 2603/5051/35
f 2603/5051/35 2219/5050/35 2220/5052/35 2604/5053/35
f 2604/5053/35 2220/5052/35 2221/5054/35 2605/5055/35
f 1981/5056/33 1982/4032/33 2946/4035/33 2945/5057/33
f 2606/5058/35 2222/5059/35 2223/5060/35 2607/5061/35
f 2607/5061/35 2223/5060/35 2224/5062/35 2608/5063/35
f 2608/5063/35 2224/5062/35 2225/5064/35 2609/5065/35
f 2503/3801/33 2502/3812/33 3096/5066/33 3097/5027/33
f 2610/5067/35 2226/5068/35 2227/5069/35 2611/5070/35
f 2611/5070/35 2227/5069/35 2228/5071/35 2612/5072/35
f 2612/5072/35 2228/5071/35 2229/5073/35 2613/5074/35
f 2606/4062/30 2607/4053/30 3200/4026/30 3199/4036/30
f 2614/5075/35 2230/5076/35 2231/5077/35 2615/5078/35
f 2615/5078/35 2231/5077/35 2232/5079/35 2616/5080/35
f 2616/5080/35 2232/5079/35 2233/5081/35 2617/5082/35
f 2189/5083/30 2190/5084/30 3001/5085/30 3000/5086/30
f 2618/5087/35 2234/5088/35 2235/5089/35 2619/5090/35
f 2619/5090/35 2235/5089/35 2236/5091/35 2620/5092/35
f 2620/5092/35 2236/5091/35 2237/5093/35 2621/5094/35
f 3215/5095/35 2046/4600/35 2047/4603/35 3216/5096/35
f 3216/5096/35 2047/4603/35 2048/4605/35 3217/5097/35
f 3217/5097/35 2048/4605/35 2049/4607/35 3218/5098/35
f 3218/5098/35 2049/4607/35 2050/4609/35 3219/5099/35
f 3219/5099/35 2050/4609/35 2051/4612/35 3220/5100/35
f 3220/5100/35 2051/4612/35 2052/4614/35 3221/5101/35
f 3221/5101/35 2052/4614/35 2053/4616/35 3222/5102/35
f 3222/5102/35 2053/4616/35 2054/4619/35 3223/5103/35
f 3223/5103/35 2054/4619/35 2055/4622/35 3224/5104/35
f 3224/5104/35 2055/4622/35 2056/4624/35 3225/5105/35
f 3225/5105/35 2056/4624/35 2057/4626/35 3226/5106/35
f 3226/5106/35 2057/4626/35 2058/4629/35 3227/5107/35
f 3227/5107/35 2058/4629/35 2059/4632/35 3228/5108/35
f 3228/5108/35 2059/4632/35 2060/4634/35 3229/5109/35
f 3229/5109/35 2060/4634/35 2061/4636/35 3230/5110/35
f 3230/5110/35 2061/4636/35 2062/4640/35 3231/5111/35
f 3231/5111/35 2062/4640/35 2063/4643/35 3232/5112/35
f 3232/5112/35 2063/4643/35 2064/4645/35 3233/5113/35
f 3233/5113/35 2064/4645/35 2065/4647/35 3234/5114/35
f 3234/5114/35 2065/4647/35 2066/4649/35 3235/5115/35
f 3235/5115/35 2066/4649/35 2067/4652/35 3236/5116/35
f 3236/5116/35 2067/4652/35 2068/4654/35 3237/5117/35
f 3237/5117/35 2068/4654/35 2069/4656/35 3238/5118/35
f 3238/5118/35 2069/4656/35 2070/4661/35 3239/5119/35
f 3239/5119/35 2070/4661/35 2071/4664/35 3240/5120/35
f 3240/5120/35 2071/4664/35 2072/4666/35 3241/5121/35
f 3241/5121/35 2072/4666/35 2073/4668/35 3242/5122/35
f 3242/5122/35 2073/4668/35 2074/4671/35 3243/5123/35
f 3243/5123/35 2074/4671/35 2075/4674/35 3244/5124/35
f 3244/5124/35 2075/4674/35 2076/4676/35 3245/5125/35
f 3245/5125/35 2076/4676/35 2077/4678/35 3246/5126/35
f 3246/5126/35 2077/4678/35 2078/4682/35 3247/5127/35
f 3247/5127/35 2078/4682/35 2079/4685/35 3248/5128/35
f 3248/5128/35 2079/4685/35 2080/4687/35 3249/5129/35
f 3249/5129/35 2080/4687/35 2081/4689/35 3250/5130/35
f 3250/5130/35 2081/4689/35 2082/4692/35 3251/5131/35
f 3251/5131/35 2082/4692/35 2083/4695/35 3252/5132/35
f 3252/5132/35 2083/4695/35 2084/4697/35 3253/5133/35
f 3253/5133/35 2084/4697/35 2085/4699/35 3254/5134/35
f 3254/5134/35 2085/4699/35 2086/4704/35 3255/5135/35
f 3255/5135/35 2086/4704/35 2087/4707/35 3256/5136/35
f 3256/5136/35 2087/4707/35 2088/4709/35 3257/5137/35
f 3257/5137/35 2088/4709/35 2089/4711/35 3258/5138/35
f 3258/5138/35 2089/4711/35 2090/4715/35 3259/5139/35
f 3259/5139/35 2090/4715/35 2091/4718/35 3260/5140/35
f 3260/5140/35 2091/4718/35 2092/4720/35 3261/5141/35
f 3261/5141/35 2092/4720/35 2093/4722/35 3262/5142/35
f 3262/5142/35 2093/4722/35 2094/4727/35 3263/5143/35
f 3263/5143/35 2094/4727/35 2095/4730/35 3264/5144/35
f 3264/5144/35 2095/4730/35 2096/4732/35 3265/5145/35
f 3265/5145/35 2096/4732/35 2097/4734/35 3266/5146/35
f 3266/5146/35 2097/4734/35 2098/4737/35 3267/5147/35
f 3267/5147/35 2098/4737/35 2099/4740/35 3268/5148/35
f 3268/5148/35 2099/4740/35 2100/4742/35 3269/5149/35
f 3269/5149/35 2100/4742/35 2101/4744/35 3270/5150/35
f 3270/5150/35 2101/4744/35 2102/4749/35 3271/5151/35
f 3271/5151/35 2102/4749/35 2103/4752/35 3272/5152/35
f 3272/5152/35 2103/4752/35 2104/4754/35 3273/5153/35
f 3273/5153/35 2104/4754/35 2105/4756/35 3274/5154/35
f 3274/5154/35 2105/4756/35 2106/4759/35 3275/5155/35
f 3275/5155/35 2106/4759/35 2107/4762/35 3276/5156/35
f 3276/5156/35 2107/4762/35 2108/4764/35 3277/5157/35
f 3277/5157/35 2108/4764/35 2109/4766/35 3278/5158/35
f 3278/5158/35 2109/4766/35 2110/4771/35 3279/5159/35
f 3279/5159/35 2110/4771/35 2111/4774/35 3280/5160/35
f 3280/5160/35 2111/4774/35 2112/4776/35 3281/5161/35
f 3281/5161/35 2112/4776/35 2113/4778/35 3282/5162/35
f 3282/5162/35 2113/4778/35 2114/4781/35 3283/5163/35
f 3283/5163/35 2114/4781/35 2115/4784/35 3284/5164/35
f 3284/5164/35 2115/4784/35 2116/4786/35 3285/5165/35
f 3285/5165/35 2116/4786/35 2117/4788/35 3286/5166/35
f 3286/5166/35 2117/4788/35 2118/4791/35 3287/5167/35
f 3287/5167/35 2118/4791/35 2119/4794/35 3288/5168/35
f 3288/5168/35 2119/4794/35 2120/4796/35 3289/5169/35
f 3289/5169/35 2120/4796/35 2121/4798/35 3290/5170/35
f 3290/5170/35 2121/4798/35 2122/4801/35 3291/5171/35
f 3291/5171/35 2122/4801/35 2123/4804/35 3292/5172/35
f 3292/5172/35 2123/4804/35 2124/4806/35 3293/5173/35
f 3293/5173/35 2124/4806/35 2125/4808/35 3294/5174/35
f 3294/5174/35 2125/4808/35 2126/4812/35 3295/5175/35
f 3295/5175/35 2126/4812/35 2127/4815/35 3296/5176/35
f 3296/5176/35 2127/4815/35 2128/4817/35 3297/5177/35
f 3297/5177/35 2128/4817/35 2129/4819/35 3298/5178/35
f 3298/5178/35 2129/4819/35 2130/4823/35 3299/5179/35
f 3299/5179/35 2130/4823/35 2131/4826/35 3300/5180/35
f 3300/5180/35 2131/4826/35 2132/4828/35 3301/5181/35
f 3301/5181/35 2132/4828/35 2133/4830/35 3302/5182/35
f 3302/5182/35 2133/4830/35 2134/4832/35 3303/5183/35
f 3303/5183/35 2134/4832/35 2135/4835/35 3304/5184/35
f 3304/5184/35 2135/4835/35 2136/4837/35 3305/5185/35
f 3305/5185/35 2136/4837/35 2137/4839/35 3306/5186/35
f 3306/5186/35 2137/4839/35 2138/4841/35 3307/5187/35
f 3307/5187/35 2138/4841/35 2139/4844/35 3308/5188/35
f 3308/5188/35 2139/4844/35 2140/4846/35 3309/5189/35
f 3309/5189/35 2140/4846/35 2141/3784/35 3310/3783/35
f 1934/5190/34 2414/5191/34 2903/5192/34 2674/5193/34
f 2334/5194/35 1854/5195/35 1855/5196/35 2335/5197/35
f 2335/5197/35 1855/5196/35 1856/5198/35 2336/5199/35
f 2336/5199/35 1856/5198/35 1857/5200/35 2337/5201/35
f 2339/4758/30 2340/4714/30 2829/4831/30 2828/5202/30
f 2338/5203/35 1858/5204/35 1859/5205/35 2339/5206/35
f 2339/5206/35 1859/5205/35 1860/5207/35 2340/5208/35
f 2340/5208/35 1860/5207/35 1861/5209/35 2341/5210/35
f 2101/5211/32 2293/4546/32 2783/5212/32 2708/4638/32
f 2342/5213/35 1862/5214/35 1863/5215/35 2343/5216/35
f 2343/5216/35 1863/5215/35 1864/5217/35 2344/5218/35
f 2344/5218/35 1864/5217/35 1865/5219/35 2345/5220/35
f 2413/4447/32 1933/5221/32 2673/5222/32 2902/4448/32
f 2346/5223/35 1866/5224/35 1867/5225/35 2347/5226/35
f 2347/5226/35 1867/5225/35 1868/5227/35 2348/5228/35
f 2348/5228/35 1868/5227/35 1869/5229/35 2349/5230/35
f 2338/4800/30 2339/4758/30 2828/5202/30 2827/5231/30
f 2350/5232/35 1870/5233/35 1871/5234/35 2351/5235/35
f 2351/5235/35 1871/5234/35 1872/5236/35 2352/5237/35
f 2352/5237/35 1872/5236/35 1873/5204/35 2353/5203/35
f 1921/4557/30 1922/4495/30 2668/4498/30 2667/4558/30
f 2354/5210/35 1874/5209/35 1875/5238/35 2355/5239/35
f 2355/5239/35 1875/5238/35 1876/5240/35 2356/5241/35
f 2356/5241/35 1876/5240/35 1877/5195/35 2357/5194/35
f 2130/4561/33 2129/4559/33 2722/5242/33 2723/5243/33
f 2358/5233/35 1878/5244/35 1879/5245/35 2359/5234/35
f 2359/5234/35 1879/5245/35 1880/5246/35 2360/5236/35
f 2360/5236/35 1880/5246/35 1881/5247/35 2361/5204/35
f 2336/5248/30 2337/5249/30 2826/5250/30 2825/5251/30
f 2362/5209/35 1882/5252/35 1883/5253/35 2363/5238/35
f 2363/5238/35 1883/5253/35 1884/5254/35 2364/5240/35
f 2364/5240/35 1884/5254/35 1885/5255/35 2365/5195/35
f 2290/5256/34 2098/5257/34 2707/5258/34 2780/5259/34
f 2366/5260/35 1886/5261/35 1887/5262/35 2367/5263/35
f 2367/5263/35 1887/5262/35 1888/5264/35 2368/5265/35
f 2368/5265/35 1888/5264/35 1889/5266/35 2369/5267/35
f 1930/4577/34 2410/4417/34 2899/4420/34 2672/5268/34
f 2370/5269/35 1890/5270/35 1891/5271/35 2371/5272/35
f 2371/5272/35 1891/5271/35 1892/5273/35 2372/5274/35
f 2372/5274/35 1892/5273/35 1893/5275/35 2373/5276/35
f 2335/5277/30 2336/5248/30 2825/5251/30 2824/5278/30
f 2374/5279/35 1894/5280/35 1895/5281/35 2375/5282/35
f 2375/5282/35 1895/5281/35 1896/5283/35 2376/5284/35
f 2376/5284/35 1896/5283/35 1897/5285/35 2377/5286/35
f 2097/4513/32 2289/4512/32 2779/5287/32 2706/5288/32
f 2378/5289/35 1898/5290/35 1899/5291/35 2379/5292/35
f 2379/5292/35 1899/5291/35 1900/5293/35 2380/5294/35
f 2380/5294/35 1900/5293/35 1901/4242/35 2381/5295/35
f 2409/5296/32 1929/5297/32 2671/5298/32 2898/5299/32
f 2382/5300/35 1902/5301/35 1903/5302/35 2383/5303/35
f 2383/5303/35 1903/5302/35 1904/5304/35 2384/5305/35
f 2384/5305/35 1904/5304/35 1905/5306/35 2385/5307/35
f 2334/4537/30 2335/5277/30 2824/5278/30 2823/4440/30
f 2386/5308/35 1906/5309/35 1907/5310/35 2387/5311/35
f 2387/5311/35 1907/5310/35 1908/5312/35 2388/5313/35
f 2388/5313/35 1908/5312/35 1909/5314/35 2389/5315/35
f 1917/5316/30 1918/5317/30 2666/5318/30 2665/5319/30
f 2390/5320/35 1910/5321/35 1911/5322/35 2391/5323/35
f 2391/5323/35 1911/5322/35 1912/5324/35 2392/5325/35
f 2392/5325/35 1912/5324/35 1913/4211/35 2393/5326/35
f 2126/4558/33 2125/4498/33 2720/5327/33 2721/5328/33
f 2394/5329/35 1914/5330/35 1915/5331/35 2395/5332/35
f 2395/5332/35 1915/5331/35 1916/5333/35 2396/5334/35
f 2396/5334/35 1916/5333/35 1917/5335/35 2397/5336/35
f 2333/3963/33 2332/5337/33 2822/5338/33 2632/3962/33
f 2398/5339/35 1918/5340/35 1919/5341/35 2399/5342/35
f 2399/5342/35 1919/5341/35 1920/5343/35 2400/5344/35
f 2400/5344/35 1920/5343/35 1921/5345/35 2401/5346/35
f 2286/5347/34 2094/5348/34 2705/5349/34 2776/5350/34
f 2402/5351/35 1922/5352/35 1923/5353/35 2403/5354/35
f 2403/5354/35 1923/5353/35 1924/5355/35 2404/5356/35
f 2404/5356/35 1924/5355/35 1925/5357/35 2405/5358/35
f 1926/5359/34 2406/5360/34 2895/5361/34 2670/5362/34
f 2406/5363/35 1926/5364/35 1927/5365/35 2407/5366/35
f 2407/5366/35 1927/5365/35 1928/5367/35 2408/5368/35
f 2408/5368/35 1928/5367/35 1929/5369/35 2409/5370/35
f 2332/5337/33 2331/5371/33 2821/5372/33 2822/5338/33
f 2410/5204/35 1930/5247/35 1931/5373/35 2411/5205/35
f 2411/5205/35 1931/5373/35 1932/5374/35 2412/5207/35
f 2412/5207/35 1932/5374/35 1933/5252/35 2413/5209/35
f 2093/5375/32 2285/5376/32 2775/5348/32 2704/5347/32
f 2414/5220/35 1934/5219/35 1935/5377/35 2415/5378/35
f 2415/5378/35 1935/5377/35 1936/5379/35 2416/5380/35
f 2416/5380/35 1936/5379/35 1937/5224/35 2417/5223/35
f 2405/5381/32 1925/4789/32 2669/4790/32 2894/5382/32
f 2418/5383/35 1938/5384/35 1939/5385/35 2419/5386/35
f 2419/5386/35 1939/5385/35 1940/5387/35 2420/5388/35
f 2420/5388/35 1940/5387/35 1941/5389/35 2421/5390/35
f 2331/5371/33 2330/5391/33 2820/5392/33 2821/5372/33
f 2422/5393/35 1942/4116/35 1943/5394/35 2423/5395/35
f 2423/5395/35 1943/5394/35 1944/5396/35 2424/5397/35
f 2424/5397/35 1944/5396/35 1945/4314/35 2425/5398/35
f 1913/4033/30 1914/5316/30 2664/5319/30 2663/4034/30
f 2426/5399/35 1946/5400/35 1947/5401/35 2427/5402/35
f 2427/5402/35 1947/5401/35 1948/5403/35 2428/5404/35
f 2428/5404/35 1948/5403/35 1949/5405/35 2429/5406/35
f 2633/5407/35 2624/5408/35 2625/5409/35 2631/5410/35
f 2628/5411/35 2632/5412/35 2626/5413/35 2627/5414/35
f 2632/5412/35 2633/5407/35 2631/5410/35 2626/5413/35
f 2630/5415/35 2622/5416/35 2823/5417/35 2728/5418/35
f 2728/5418/35 2823/5417/35 2824/5419/35 2729/5420/35
f 2729/5420/35 2824/5419/35 2825/5421/35 2730/5422/35
f 2730/5422/35 2825/5421/35 2826/5423/35 2731/5424/35
f 2731/5424/35 2826/5423/35 2827/5425/35 2732/5426/35
f 2732/5426/35 2827/5425/35 2828/5427/35 2733/5428/35
f 2733/5428/35 2828/5427/35 2829/5429/35 2734/5430/35
f 2734/5430/35 2829/5429/35 2830/5431/35 2735/5432/35
f 2735/5432/35 2830/5431/35 2831/5433/35 2736/5434/35
f 2736/5434/35 2831/5433/35 2832/5435/35 2737/5436/35
f 2737/5436/35 2832/5435/35 2833/5437/35 2738/5438/35
f 2738/5438/35 2833/5437/35 2834/5439/35 2739/5440/35
f 2739/5440/35 2834/5439/35 2835/5441/35 2740/5442/35
f 2740/5442/35 2835/5441/35 2836/5443/35 2741/5444/35
f 2741/5444/35 2836/5443/35 2837/5445/35 2742/5446/35
f 2742/5446/35 2837/5445/35 2838/5447/35 2743/5448/35
f 2743/5448/35 2838/5447/35 2839/5449/35 2744/5450/35
f 2744/5450/35 2839/5449/35 2840/5451/35 2745/5452/35
f 2745/5452/35 2840/5451/35 2841/5453/35 2746/5454/35
f 2746/5454/35 2841/5453/35 2842/5455/35 2747/5456/35
f 2747/5456/35 2842/5455/35 2843/5457/35 2748/5458/35
f 2748/5458/35 2843/5457/35 2844/5459/35 2749/5460/35
f 2749/5460/35 2844/5459/35 2845/5461/35 2750/5462/35
f 2750/5462/35 2845/5461/35 2846/5463/35 2751/5464/35
f 2751/5464/35 2846/5463/35 2847/5465/35 2752/5466/35
f 2752/5466/35 2847/5465/35 2848/5467/35 2753/5468/35
f 2753/5468/35 2848/5467/35 2849/5469/35 2754/5470/35
f 2754/5470/35 2849/5469/35 2850/5471/35 2755/5472/35
f 2755/5472/35 2850/5471/35 2851/5473/35 2756/5474/35
f 2756/5474/35 2851/5473/35 2852/5475/35 2757/5476/35
f 2757/5476/35 2852/5475/35 2853/5477/35 2758/5478/35
f 2758/5478/35 2853/5477/35 2854/5479/35 2759/5480/35
f 2759/5480/35 2854/5479/35 2855/5481/35 2760/5482/35
f 2760/5482/35 2855/5481/35 2856/5483/35 2761/5484/35
f 2761/5484/35 2856/5483/35 2857/5485/35 2762/5486/35
f 2762/5486/35 2857/5485/35 2858/5487/35 2763/5488/35
f 2763/5488/35 2858/5487/35 2859/5489/35 2764/5490/35
f 2764/5490/35 2859/5489/35 2860/5491/35 2765/5492/35
f 2765/5492/35 2860/5491/35 2861/5493/35 2766/5494/35
f 2766/5494/35 2861/5493/35 2862/5495/35 2767/5496/35
f 2767/5496/35 2862/5495/35 2863/5497/35 2768/5498/35
f 2768/5498/35 2863/5497/35 2864/5499/35 2769/5500/35
f 2769/5500/35 2864/5499/35 2865/5501/35 2770/5502/35
f 2770/5502/35 2865/5501/35 2866/5503/35 2771/5504/35
f 2771/5504/35 2866/5503/35 2867/5505/35 2772/5506/35
f 2772/5506/35 2867/5505/35 2868/5507/35 2773/5508/35
f 2773/5508/35 2868/5507/35 2869/5509/35 2774/5510/35
f 2774/5510/35 2869/5509/35 2870/5511/35 2775/5512/35
f 2775/5512/35 2870/5511/35 2871/5513/35 2776/5514/35
f 2776/5514/35 2871/5513/35 2872/5515/35 2777/5516/35
f 2777/5516/35 2872/5515/35 2873/5517/35 2778/5518/35
f 2778/5518/35 2873/5517/35 2874/5519/35 2779/5520/35
f 2779/5520/35 2874/5519/35 2875/5521/35 2780/5522/35
f 2780/5522/35 2875/5521/35 2876/5523/35 2781/5524/35
f 2781/5524/35 2876/5523/35 2877/5525/35 2782/5526/35
f 2782/5526/35 2877/5525/35 2878/5527/35 2783/5528/35
f 2783/5528/35 2878/5527/35 2879/5529/35 2784/5530/35
f 2784/5530/35 2879/5529/35 2880/5531/35 2785/5532/35
f 2785/5532/35 2880/5531/35 2881/5533/35 2786/5534/35
f 2786/5534/35 2881/5533/35 2882/5535/35 2787/5536/35
f 2787/5536/35 2882/5535/35 2883/5537/35 2788/5538/35
f 2788/5538/35 2883/5537/35 2884/5539/35 2789/5540/35
f 2789/5540/35 2884/5539/35 2885/5541/35 2790/5542/35
f 2790/5542/35 2885/5541/35 2886/5543/35 2791/5544/35
f 2791/5544/35 2886/5543/35 2887/5545/35 2792/5546/35
f 2792/5546/35 2887/5545/35 2888/5547/35 2793/5548/35
f 2793/5548/35 2888/5547/35 2889/5549/35 2794/5550/35
f 2794/5550/35 2889/5549/35 2890/5551/35 2795/5552/35
f 2795/5552/35 2890/5551/35 2891/5553/35 2796/5554/35
f 2796/5554/35 2891/5553/35 2892/5555/35 2797/5556/35
f 2797/5556/35 2892/5555/35 2893/5557/35 2798/5558/35
f 2798/5558/35 2893/5557/35 2894/5559/35 2799/5560/35
f 2799/5560/35 2894/5559/35 2895/5561/35 2800/5562/35
f 2800/5562/35 2895/5561/35 2896/5563/35 2801/5564/35
f 2801/5564/35 2896/5563/35 2897/5565/35 2802/5566/35
f 2802/5566/35 2897/5565/35 2898/5567/35 2803/5568/35
f 2803/5568/35 2898/5567/35 2899/5569/35 2804/5570/35
f 2804/5570/35 2899/5569/35 2900/5571/35 2805/5572/35
f 2805/5572/35 2900/5571/35 2901/5573/35 2806/5574/35
f 2806/5574/35 2901/5573/35 2902/5575/35 2807/5576/35
f 2807/5576/35 2902/5575/35 2903/5577/35 2808/5578/35
f 2808/5578/35 2903/5577/35 2904/5579/35 2809/5580/35
f 2809/5580/35 2904/5579/35 2905/5581/35 2810/5582/35
f 2810/5582/35 2905/5581/35 2906/5583/35 2811/5584/35
f 2811/5584/35 2906/5583/35 2907/5585/35 2812/5586/35
f 2812/5586/35 2907/5585/35 2908/5587/35 2813/5588/35
f 2813/5588/35 2908/5587/35 2909/5589/35 2814/5590/35
f 2814/5590/35 2909/5589/35 2910/5591/35 2815/5592/35
f 2815/5592/35 2910/5591/35 2911/5593/35 2816/5594/35
f 2816/5594/35 2911/5593/35 2912/5595/35 2817/5596/35
f 2817/5596/35 2912/5595/35 2913/5597/35 2818/5598/35
f 2818/5598/35 2913/5597/35 2914/5599/35 2819/5600/35
f 2819/5600/35 2914/5599/35 2915/5601/35 2820/5602/35
f 2820/5602/35 2915/5601/35 2916/5603/35 2821/5604/35
f 2821/5604/35 2916/5603/35 2917/5605/35 2822/5606/35
f 2822/5606/35 2917/5605/35 2633/5407/35 2632/5412/35
f 2629/5607/35 2630/5415/35 2728/5418/35 2681/5608/35
f 2682/5609/35 2731/5424/35 2732/5426/35 2683/5610/35
f 2684/5611/35 2735/5432/35 2736/5434/35 2685/5612/35
f 2686/5613/35 2739/5440/35 2740/5442/35 2687/5614/35
f 2688/5615/35 2743/5448/35 2744/5450/35 2689/5616/35
f 2690/5617/35 2747/5456/35 2748/5458/35 2691/5618/35
f 2692/5619/35 2751/5464/35 2752/5466/35 2693/5620/35
f 2694/5621/35 2755/5472/35 2756/5474/35 2695/5622/35
f 2696/5623/35 2759/5480/35 2760/5482/35 2697/5624/35
f 2698/5625/35 2763/5488/35 2764/5490/35 2699/5626/35
f 2700/5627/35 2767/5496/35 2768/5498/35 2701/5628/35
f 2702/5629/35 2771/5504/35 2772/5506/35 2703/5630/35
f 2704/5631/35 2775/5512/35 2776/5514/35 2705/5632/35
f 2706/5633/35 2779/5520/35 2780/5522/35 2707/5634/35
f 2708/5635/35 2783/5528/35 2784/5530/35 2709/5636/35
f 2710/5637/35 2787/5536/35 2788/5538/35 2711/5638/35
f 2712/5639/35 2791/5544/35 2792/5546/35 2713/5640/35
f 2714/5641/35 2795/5552/35 2796/5554/35 2715/5642/35
f 2716/5643/35 2799/5560/35 2800/5562/35 2717/5644/35
f 2718/5645/35 2803/5568/35 2804/5570/35 2719/5646/35
f 2720/5647/35 2807/5576/35 2808/5578/35 2721/5648/35
f 2722/5649/35 2811/5584/35 2812/5586/35 2723/5650/35
f 2724/5651/35 2815/5592/35 2816/5594/35 2725/5652/35
f 2726/5653/35 2819/5600/35 2820/5602/35 2727/5654/35
f 2622/5416/35 2623/5655/35 2634/5656/35 2823/5417/35
f 2826/5423/35 2635/5657/35 2636/5658/35 2827/5425/35
f 2830/5431/35 2637/5659/35 2638/5660/35 2831/5433/35
f 2834/5439/35 2639/5661/35 2640/5662/35 2835/5441/35
f 2838/5447/35 2641/5663/35 2642/5664/35 2839/5449/35
f 2842/5455/35 2643/5665/35 2644/5666/35 2843/5457/35
f 2846/5463/35 2645/5667/35 2646/5668/35 2847/5465/35
f 2850/5471/35 2647/5669/35 2648/5670/35 2851/5473/35
f 2854/5479/35 2649/5671/35 2650/5672/35 2855/5481/35
f 2858/5487/35 2651/5673/35 2652/5674/35 2859/5489/35
f 2862/5495/35 2653/5675/35 2654/5676/35 2863/5497/35
f 2866/5503/35 2655/5677/35 2656/5678/35 2867/5505/35
f 2870/5511/35 2657/5679/35 2658/5680/35 2871/5513/35
f 2874/5519/35 2659/5681/35 2660/5682/35 2875/5521/35
f 2878/5527/35 2661/5683/35 2662/5684/35 2879/5529/35
f 2882/5535/35 2663/5685/35 2664/5686/35 2883/5537/35
f 2886/5543/35 2665/5687/35 2666/5688/35 2887/5545/35
f 2890/5551/35 2667/5689/35 2668/5690/35 2891/5553/35
f 2894/5559/35 2669/5691/35 2670/5692/35 2895/5561/35
f 2898/5567/35 2671/5693/35 2672/5694/35 2899/5569/35
f 2902/5575/35 2673/5695/35 2674/5696/35 2903/5577/35
f 2906/5583/35 2675/5697/35 2676/5698/35 2907/5585/35
f 2910/5591/35 2677/5699/35 2678/5700/35 2911/5593/35
f 2914/5599/35 2679/5701/35 2680/5702/35 2915/5601/35
f 1861/5703/30 1862/5704/30 2638/5705/30 2637/5706/30
f 2279/5707/33 2278/5708/33 2768/5709/33 2769/5710/33
f 2353/5711/32 1873/5712/32 2643/5713/32 2842/5714/32
f 2383/3780/30 2384/5715/30 2873/5716/30 2872/3781/30
f 2280/5717/33 2279/5707/33 2769/5710/33 2770/5718/33
f 1874/5719/34 2354/5720/34 2843/5721/34 2644/5722/34
f 2384/5715/30 2385/5723/30 2874/5724/30 2873/5716/30
f 2281/5725/33 2280/5717/33 2770/5718/33 2771/5726/33
f 2074/5727/33 2073/5728/33 2694/5729/33 2695/4473/33
f 2386/5730/30 2387/5731/30 2876/4486/30 2875/4493/30
f 1865/5732/30 1866/5733/30 2640/5734/30 2639/5735/30
f 2283/5736/33 2282/5737/33 2772/5738/33 2773/5739/33
f 2357/5740/32 1877/5741/32 2645/5742/32 2846/5743/32
f 2387/5731/30 2388/5744/30 2877/5745/30 2876/4486/30
f 2284/5746/33 2283/5736/33 2773/5739/33 2774/5747/33
f 1878/5748/34 2358/5749/34 2847/5750/34 2646/5244/34
f 2238/5751/34 2046/5752/34 2681/5753/34 2728/5754/34
f 2388/5744/30 2389/5755/30 2878/5756/30 2877/5745/30
f 2285/5757/33 2284/5746/33 2774/5747/33 2775/5758/33
f 2078/5759/33 2077/5351/33 2696/5760/33 2697/5761/33
f 2390/5762/30 2391/5763/30 2880/5764/30 2879/5765/30
f 1869/3925/30 1870/4811/30 2642/4435/30 2641/4690/30
f 2287/5766/33 2286/5767/33 2776/5768/33 2777/5769/33
f 2361/5770/32 1881/5771/32 2647/5772/32 2850/5773/32
f 2049/5774/32 2241/5775/32 2731/5776/32 2682/5777/32
f 2391/5763/30 2392/5778/30 2881/5779/30 2880/5764/30
f 2288/5780/33 2287/5766/33 2777/5769/33 2778/5781/33
f 1882/4347/34 2362/4346/34 2851/4394/34 2648/5782/34
f 2242/5783/34 2050/5784/34 2683/5785/34 2732/5786/34
f 2392/5778/30 2393/5787/30 2882/5788/30 2881/5779/30
f 2289/5789/33 2288/5780/33 2778/5781/33 2779/5790/33
f 2082/5791/33 2081/5740/33 2698/5792/33 2699/5793/33
f 2394/5794/30 2395/5795/30 2884/5796/30 2883/5797/30
f 1873/5798/30 1874/5799/30 2644/4369/30 2643/4368/30
f 2291/5800/33 2290/5801/33 2780/5802/33 2781/4386/33
f 2365/5803/32 1885/5804/32 2649/4357/32 2854/4356/32
f 2053/5805/32 2245/5806/32 2735/5807/32 2684/5808/32
f 2395/5795/30 2396/5809/30 2885/5810/30 2884/5796/30
f 2292/5811/33 2291/5800/33 2781/4386/33 2782/4373/33
f 1886/5812/34 2366/4428/34 2855/4431/34 2650/5813/34
f 2246/5814/34 2054/5815/34 2685/5816/34 2736/5817/34
f 2396/5809/30 2397/5818/30 2886/5819/30 2885/5810/30
f 2293/5820/33 2292/5811/33 2782/4373/33 2783/4372/33
f 2086/5821/33 2085/5822/33 2700/5823/33 2701/5824/33
f 2398/5797/30 2399/5796/30 2888/5825/30 2887/5826/30
f 1877/4810/30 1878/5827/30 2646/4059/30 2645/4058/30
f 2295/5828/33 2294/5829/33 2784/5708/33 2785/5707/33
f 2369/5830/32 1889/5831/32 2651/5832/32 2858/4345/32
f 2057/5833/32 2249/5834/32 2739/5835/32 2686/5836/32
f 2399/5796/30 2400/5810/30 2889/5837/30 2888/5825/30
f 2296/5838/33 2295/5828/33 2785/5707/33 2786/5839/33
f 1890/4346/34 2370/5840/34 2859/4395/34 2652/4394/34
f 2250/5841/34 2058/5842/34 2687/5843/34 2740/5844/34
f 2400/5810/30 2401/5819/30 2890/5845/30 2889/5837/30
f 2297/3904/33 2296/5838/33 2786/5839/33 2787/5846/33
f 2090/5847/33 2089/5848/33 2702/5849/33 2703/5850/33
f 1881/4560/30 1882/4556/30 2648/4559/30 2647/4561/30
f 2402/5851/30 2403/5852/30 2892/5853/30 2891/5854/30
f 2299/5855/33 2298/5856/33 2788/5767/33 2789/5766/33
f 2373/5857/32 1893/5858/32 2653/5859/32 2862/5860/32
f 2061/5861/32 2253/5783/32 2743/5786/32 2688/5862/32
f 2403/5852/30 2404/5863/30 2893/5864/30 2892/5853/30
f 2300/5865/33 2299/5855/33 2789/5766/33 2790/5780/33
f 1894/4345/34 2374/5832/34 2863/5840/34 2654/4346/34
f 2254/5866/34 2062/5867/34 2689/5868/34 2744/5869/34
f 2404/5863/30 2405/4526/30 2894/4527/30 2893/5864/30
f 2301/5870/33 2300/5865/33 2790/5780/33 2791/5871/33
f 2094/5872/33 2093/5873/33 2704/5874/33 2705/5875/33
f 1885/5317/30 1886/4955/30 2650/4958/30 2649/5318/30
f 2406/5876/30 2407/5877/30 2896/4893/30 2895/4892/30
f 2303/5878/33 2302/5879/33 2792/5880/33 2793/5881/33
f 2377/5860/32 1897/5859/32 2655/5882/32 2866/5883/32
f 2065/5884/32 2257/5841/32 2747/5844/32 2690/5885/32
f 2407/5877/30 2408/5886/30 2897/4926/30 2896/4893/30
f 2304/5887/33 2303/5878/33 2793/5881/33 2794/5888/33
f 1898/5889/34 2378/5890/34 2867/5891/34 2656/5892/34
f 2258/5842/34 2066/5893/34 2691/5894/34 2748/5843/34
f 2408/5886/30 2409/5895/30 2898/4967/30 2897/4926/30
f 2305/4521/33 2304/5887/33 2794/5888/33 2795/4917/33
f 2098/5896/33 2097/5897/33 2706/5898/33 2707/5847/33
f 2410/3847/30 2411/3861/30 2900/5899/30 2899/3848/30
f 1889/5827/30 1890/5900/30 2652/4560/30 2651/4059/30
f 2307/5901/33 2306/5902/33 2796/5903/33 2797/5904/33
f 2381/4748/32 1901/4747/32 2657/5831/32 2870/5830/32
f 2069/5784/32 2261/5905/32 2751/5906/32 2692/5785/32
f 2411/3861/30 2412/3875/30 2901/5907/30 2900/5899/30
f 2308/5908/33 2307/5901/33 2797/5904/33 2798/5909/33
f 1902/5910/34 2382/5911/34 2871/5912/34 2658/5913/34
f 2262/5752/34 2070/5805/34 2693/5808/34 2752/5753/34
f 2412/3875/30 2413/3883/30 2902/5914/30 2901/5907/30
f 2309/5915/33 2308/5908/33 2798/5909/33 2799/5916/33
f 2102/5917/33 2101/5918/33 2708/5919/33 2709/5920/33
f 2414/4464/30 2415/4453/30 2904/5921/30 2903/5922/30
f 1893/5923/30 1894/5924/30 2654/5925/30 2653/5926/30
f 2311/4485/33 2310/4492/33 2800/3888/33 2801/3804/33
f 2385/5927/32 1905/4458/32 2659/4461/32 2874/5928/32
f 2073/5929/32 2265/5930/32 2755/5931/32 2694/5932/32
f 2415/4453/30 2416/4442/30 2905/5933/30 2904/5921/30
f 2312/4471/33 2311/4485/33 2801/3804/33 2802/3803/33
f 1906/5782/34 2386/4394/34 2875/4397/34 2660/4576/34
f 2266/5934/34 2074/5935/34 2695/5936/34 2756/5937/34
f 2416/4442/30 2417/4441/30 2906/4996/30 2905/5933/30
f 2313/4472/33 2312/4471/33 2802/3803/33 2803/3817/33
f 2106/5938/33 2105/5939/33 2710/5940/33 2711/5941/33
f 2418/4478/30 2419/4545/30 2908/4452/30 2907/4463/30
f 1897/5942/30 1898/5943/30 2656/3964/30 2655/4079/30
f 2315/5944/33 2314/5945/33 2804/5879/33 2805/5878/33
f 2389/5946/32 1909/5719/32 2661/5722/32 2878/5947/32
f 2077/4455/32 2269/4424/32 2759/4427/32 2696/4456/32
f 2419/4545/30 2420/4538/30 2909/4439/30 2908/4452/30
f 2316/5948/33 2315/5944/33 2805/5878/33 2806/5887/33
f 1910/5741/34 2390/5949/34 2879/5950/34 2662/5742/34
f 2270/4393/34 2078/4392/34 2697/5951/34 2760/5952/34
f 2420/4538/30 2421/4537/30 2910/4440/30 2909/4439/30
f 2317/4520/33 2316/5948/33 2806/5887/33 2807/4521/33
f 2110/5941/33 2109/5940/33 2712/5953/33 2713/5954/33
f 2422/3811/30 2423/5955/30 2912/5956/30 2911/3812/30
f 1901/5957/30 1902/5958/30 2658/4106/30 2657/4105/30
f 2319/5959/33 2318/5960/33 2808/5961/33 2809/5962/33
f 2393/5963/32 1913/5964/32 2663/5965/32 2882/5966/32
f 2081/5967/32 2273/4443/32 2763/4446/32 2698/5968/32
f 2423/5955/30 2424/5969/30 2913/5970/30 2912/5956/30
f 2320/5971/33 2319/5959/33 2809/5962/33 2810/5972/33
f 1914/4385/34 2394/4384/34 2883/4723/34 2664/4767/34
f 2274/5973/34 2082/5929/34 2699/5932/34 2764/5974/34
f 2424/5969/30 2425/5975/30 2914/5976/30 2913/5970/30
f 2321/4583/33 2320/5971/33 2810/5972/33 2811/4648/33
f 2114/4559/33 2113/4558/33 2714/5328/33 2715/5242/33
f 2426/5977/30 2427/5978/30 2916/5763/30 2915/5762/30
f 1905/5979/30 1906/4004/30 2660/5980/30 2659/5981/30
f 2323/5982/33 2322/5983/33 2812/5984/33 2813/5985/33
f 2397/5986/32 1917/5359/32 2665/5362/32 2886/5987/32
f 2085/5988/32 2277/5989/32 2767/5990/32 2700/5991/32
f 2427/5978/30 2428/5992/30 2917/5993/30 2916/5763/30
f 2324/5994/33 2323/5982/33 2813/5985/33 2814/5995/33
f 1918/5996/34 2398/5997/34 2887/5998/34 2666/5999/34
f 2278/4490/34 2086/4489/34 2701/6000/34 2768/6001/34
f 2428/5992/30 2429/4464/30 2633/5922/30 2917/5993/30
f 2325/6002/33 2324/5994/33 2814/5995/33 2815/3941/33
f 2118/6003/33 2117/3791/33 2716/3794/33 2717/6004/33
f 1909/4004/30 1910/6005/30 2662/4250/30 2661/5980/30
f 2327/5985/33 2326/5984/33 2816/4127/33 2817/6006/33
f 2401/5297/32 1921/5996/32 2667/5999/32 2890/5298/32
f 2089/6007/32 2281/6008/32 2771/5376/32 2702/5375/32
f 2328/5995/33 2327/5985/33 2817/6006/33 2818/6009/33
f 1922/6010/34 2402/5711/34 2891/5714/34 2668/6011/34
f 2282/5259/34 2090/5258/34 2703/5989/34 2772/5988/34
f 2329/3941/33 2328/5995/33 2818/6009/33 2819/3942/33
f 2122/4060/33 2121/4561/33 2718/5243/33 2719/4405/33
f 2929/6012/35 2924/6013/35 2925/6014/35 2926/6015/35
f 2930/6016/35 2928/6017/35 2918/6018/35 2919/6019/35
f 2928/6017/35 2929/6012/35 2926/6015/35 2918/6018/35
f 2927/6020/35 2922/6021/35 3119/6022/35 3024/6023/35
f 3024/6023/35 3119/6022/35 3120/6024/35 3025/6025/35
f 3025/6025/35 3120/6024/35 3121/6026/35 3026/6027/35
f 3026/6027/35 3121/6026/35 3122/6028/35 3027/6029/35
f 3027/6029/35 3122/6028/35 3123/6030/35 3028/6031/35
f 3028/6031/35 3123/6030/35 3124/6032/35 3029/6033/35
f 3029/6033/35 3124/6032/35 3125/6034/35 3030/6035/35
f 3030/6035/35 3125/6034/35 3126/6036/35 3031/6037/35
f 3031/6037/35 3126/6036/35 3127/6038/35 3032/6039/35
f 3032/6039/35 3127/6038/35 3128/6040/35 3033/6041/35
f 3033/6041/35 3128/6040/35 3129/6042/35 3034/6043/35
f 3034/6043/35 3129/6042/35 3130/6044/35 3035/6045/35
f 3035/6045/35 3130/6044/35 3131/6046/35 3036/6047/35
f 3036/6047/35 3131/6046/35 3132/6048/35 3037/6049/35
f 3037/6049/35 3132/6048/35 3133/6050/35 3038/6051/35
f 3038/6051/35 3133/6050/35 3134/6052/35 3039/6053/35
f 3039/6053/35 3134/6052/35 3135/6054/35 3040/6055/35
f 3040/6055/35 3135/6054/35 3136/6056/35 3041/6057/35
f 3041/6057/35 3136/6056/35 3137/6058/35 3042/6059/35
f 3042/6059/35 3137/6058/35 3138/6060/35 3043/6061/35
f 3043/6061/35 3138/6060/35 3139/6062/35 3044/6063/35
f 3044/6063/35 3139/6062/35 3140/6064/35 3045/6065/35
f 3045/6065/35 3140/6064/35 3141/6066/35 3046/6067/35
f 3046/6067/35 3141/6066/35 3142/6068/35 3047/6069/35
f 3047/6069/35 3142/6068/35 3143/6070/35 3048/6071/35
f 3048/6071/35 3143/6070/35 3144/6072/35 3049/6073/35
f 3049/6073/35 3144/6072/35 3145/6074/35 3050/6075/35
f 3050/6075/35 3145/6074/35 3146/6076/35 3051/6077/35
f 3051/6077/35 3146/6076/35 3147/6078/35 3052/6079/35
f 3052/6079/35 3147/6078/35 3148/6080/35 3053/6081/35
f 3053/6081/35 3148/6080/35 3149/6082/35 3054/6083/35
f 3054/6083/35 3149/6082/35 3150/6084/35 3055/6085/35
f 3055/6085/35 3150/6084/35 3151/6086/35 3056/6087/35
f 3056/6087/35 3151/6086/35 3152/6088/35 3057/6089/35
f 3057/6089/35 3152/6088/35 3153/6090/35 3058/6091/35
f 3058/6091/35 3153/6090/35 3154/6092/35 3059/6093/35
f 3059/6093/35 3154/6092/35 3155/6094/35 3060/6095/35
f 3060/6095/35 3155/6094/35 3156/6096/35 3061/6097/35
f 3061/6097/35 3156/6096/35 3157/6098/35 3062/6099/35
f 3062/6099/35 3157/6098/35 3158/6100/35 3063/6101/35
f 3063/6101/35 3158/6100/35 3159/6102/35 3064/6103/35
f 3064/6103/35 3159/6102/35 3160/6104/35 3065/6105/35
f 3065/6105/35 3160/6104/35 3161/6106/35 3066/6107/35
f 3066/6107/35 3161/6106/35 3162/6108/35 3067/6109/35
f 3067/6109/35 3162/6108/35 3163/6110/35 3068/6111/35
f 3068/6111/35 3163/6110/35 3164/6112/35 3069/6113/35
f 3069/6113/35 3164/6112/35 3165/6114/35 3070/6115/35
f 3070/6115/35 3165/6114/35 3166/6116/35 3071/6117/35
f 3071/6117/35 3166/6116/35 3167/6118/35 3072/6119/35
f 3072/6119/35 3167/6118/35 3168/6120/35 3073/6121/35
f 3073/6121/35 3168/6120/35 3169/6122/35 3074/6123/35
f 3074/6123/35 3169/6122/35 3170/6124/35 3075/6125/35
f 3075/6125/35 3170/6124/35 3171/6126/35 3076/6127/35
f 3076/6127/35 3171/6126/35 3172/6128/35 3077/6129/35
f 3077/6129/35 3172/6128/35 3173/6130/35 3078/6131/35
f 3078/6131/35 3173/6130/35 3174/6132/35 3079/6133/35
f 3079/6133/35 3174/6132/35 3175/6134/35 3080/6135/35
f 3080/6135/35 3175/6134/35 3176/6136/35 3081/6137/35
f 3081/6137/35 3176/6136/35 3177/6138/35 3082/6139/35
f 3082/6139/35 3177/6138/35 3178/6140/35 3083/6141/35
f 3083/6141/35 3178/6140/35 3179/6142/35 3084/6143/35
f 3084/6143/35 3179/6142/35 3180/6144/35 3085/6145/35
f 3085/6145/35 3180/6144/35 3181/6146/35 3086/6147/35
f 3086/6147/35 3181/6146/35 3182/6148/35 3087/6149/35
f 3087/6149/35 3182/6148/35 3183/6150/35 3088/6151/35
f 3088/6151/35 3183/6150/35 3184/6152/35 3089/6153/35
f 3089/6153/35 3184/6152/35 3185/6154/35 3090/6155/35
f 3090/6155/35 3185/6154/35 3186/6156/35 3091/6157/35
f 3091/6157/35 3186/6156/35 3187/6158/35 3092/6159/35
f 3092/6159/35 3187/6158/35 3188/6160/35 3093/6161/35
f 3093/6161/35 3188/6160/35 3189/6162/35 3094/6163/35
f 3094/6163/35 3189/6162/35 3190/6164/35 3095/6165/35
f 3095/6165/35 3190/6164/35 3191/6166/35 3096/6167/35
f 3096/6167/35 3191/6166/35 3192/6168/35 3097/6169/35
f 3097/6169/35 3192/6168/35 3193/6170/35 3098/6171/35
f 3098/6171/35 3193/6170/35 3194/6172/35 3099/6173/35
f 3099/6173/35 3194/6172/35 3195/6174/35 3100/6175/35
f 3100/6175/35 3195/6174/35 3196/6176/35 3101/6177/35
f 3101/6177/35 3196/6176/35 3197/6178/35 3102/6179/35
f 3102/6179/35 3197/6178/35 3198/6180/35 3103/6181/35
f 3103/6181/35 3198/6180/35 3199/6182/35 3104/6183/35
f 3104/6183/35 3199/6182/35 3200/6184/35 3105/6185/35
f 3105/6185/35 3200/6184/35 3201/6186/35 3106/6187/35
f 3106/6187/35 3201/6186/35 3202/6188/35 3107/6189/35
f 3107/6189/35 3202/6188/35 3203/6190/35 3108/6191/35
f 3108/6191/35 3203/6190/35 3204/6192/35 3109/6193/35
f 3109/6193/35 3204/6192/35 3205/6194/35 3110/6195/35
f 3110/6195/35 3205/6194/35 3206/6196/35 3111/6197/35
f 3111/6197/35 3206/6196/35 3207/6198/35 3112/6199/35
f 3112/6199/35 3207/6198/35 3208/6200/35 3113/6201/35
f 3113/6201/35 3208/6200/35 3209/6202/35 3114/6203/35
f 3114/6203/35 3209/6202/35 3210/6204/35 3115/6205/35
f 3115/6205/35 3210/6204/35 3211/6206/35 3116/6207/35
f 3116/6207/35 3211/6206/35 3212/6208/35 3117/6209/35
f 3117/6209/35 3212/6208/35 3213/6210/35 3118/6211/35
f 3118/6211/35 3213/6210/35 2929/6012/35 2928/6017/35
f 2921/6212/35 2927/6020/35 3024/6023/35 2920/6213/35
f 2976/6214/35 3027/6029/35 3028/6031/35 2975/6215/35
f 2974/6216/35 3031/6037/35 3032/6039/35 2973/6217/35
f 2972/6218/35 3035/6045/35 3036/6047/35 2971/6219/35
f 2970/6220/35 3039/6053/35 3040/6055/35 2969/6221/35
f 2968/6222/35 3043/6061/35 3044/6063/35 2967/6223/35
f 2966/6224/35 3047/6069/35 3048/6071/35 2965/6225/35
f 2964/6226/35 3051/6077/35 3052/6079/35 2963/6227/35
f 2962/6228/35 3055/6085/35 3056/6087/35 2961/6229/35
f 2960/6230/35 3059/6093/35 3060/6095/35 2959/6231/35
f 2958/6232/35 3063/6101/35 3064/6103/35 2957/6233/35
f 2956/6234/35 3067/6109/35 3068/6111/35 2955/6235/35
f 2954/6236/35 3071/6117/35 3072/6119/35 2953/6237/35
f 2952/6238/35 3075/6125/35 3076/6127/35 2951/6239/35
f 2950/6240/35 3079/6133/35 3080/6135/35 2949/6241/35
f 2948/6242/35 3083/6141/35 3084/6143/35 2947/6243/35
f 2946/6244/35 3087/6149/35 3088/6151/35 2945/6245/35
f 2944/6246/35 3091/6157/35 3092/6159/35 2943/6247/35
f 2942/6248/35 3095/6165/35 3096/6167/35 2941/6249/35
f 2940/6250/35 3099/6173/35 3100/6175/35 2939/6251/35
f 2938/6252/35 3103/6181/35 3104/6183/35 2937/6253/35
f 2936/6254/35 3107/6189/35 3108/6191/35 2935/6255/35
f 2934/6256/35 3111/6197/35 3112/6199/35 2933/6257/35
f 2932/6258/35 3115/6205/35 3116/6207/35 2931/6259/35
f 2922/6021/35 2923/6260/35 2977/6261/35 3119/6022/35
f 3122/6028/35 2978/6262/35 2979/6263/35 3123/6030/35
f 3126/6036/35 2980/6264/35 2981/6265/35 3127/6038/35
f 3130/6044/35 2982/6266/35 2983/6267/35 3131/6046/35
f 3134/6052/35 2984/6268/35 2985/6269/35 3135/6054/35
f 3138/6060/35 2986/6270/35 2987/6271/35 3139/6062/35
f 3142/6068/35 2988/6272/35 2989/6273/35 3143/6070/35
f 3146/6076/35 2990/6274/35 2991/6275/35 3147/6078/35
f 3150/6084/35 2992/6276/35 2993/6277/35 3151/6086/35
f 3154/6092/35 2994/6278/35 2995/6279/35 3155/6094/35
f 3158/6100/35 2996/6280/35 2997/6281/35 3159/6102/35
f 3162/6108/35 2998/6282/35 2999/6283/35 3163/6110/35
f 3166/6116/35 3000/6284/35 3001/6285/35 3167/6118/35
f 3170/6124/35 3002/6286/35 3003/6287/35 3171/6126/35
f 3174/6132/35 3004/6288/35 3005/6289/35 3175/6134/35
f 3178/6140/35 3006/6290/35 3007/6291/35 3179/6142/35
f 3182/6148/35 3008/6292/35 3009/6293/35 3183/6150/35
f 3186/6156/35 3010/6294/35 3011/6295/35 3187/6158/35
f 3190/6164/35 3012/6296/35 3013/6297/35 3191/6166/35
f 3194/6172/35 3014/6298/35 3015/6299/35 3195/6174/35
f 3198/6180/35 3016/6300/35 3017/6301/35 3199/6182/35
f 3202/6188/35 3018/6302/35 3019/6303/35 3203/6190/35
f 3206/6196/35 3020/6304/35 3021/6305/35 3207/6198/35
f 3210/6204/35 3022/6306/35 3023/6307/35 3211/6206/35
f 2214/3957/34 2598/6308/34 3191/6309/34 3013/3958/34
f 2556/3804/30 2557/3888/30 3150/3889/30 3149/3805/30
f 2453/4441/33 2452/3799/33 3046/3802/33 3047/4996/33
f 2478/6310/34 1997/6311/34 2953/6312/34 3072/6313/34
f 2558/5916/30 2559/5909/30 3152/6314/30 3151/6315/30
f 2037/6316/33 2038/6317/33 2974/4465/33 2973/4820/33
f 2455/6318/33 2454/5851/33 3048/5854/33 3049/6319/33
f 2601/6320/32 2217/6321/32 3014/6322/32 3194/6323/32
f 2559/5909/30 2560/5904/30 3153/6324/30 3152/6314/30
f 2456/6325/33 2455/6318/33 3049/6319/33 3050/6326/33
f 1994/5858/32 2481/6327/32 3075/6328/32 2952/5859/32
f 2218/3919/34 2602/6329/34 3195/6330/34 3015/3920/34
f 2560/5904/30 2561/5903/30 3154/6331/30 3153/6324/30
f 2457/3882/33 2456/6325/33 3050/6326/33 3051/3883/33
f 2482/6332/34 1993/6333/34 2951/6334/34 3076/6335/34
f 2145/6336/30 2146/6337/30 2979/3929/30 2978/3928/30
f 2562/6338/30 2563/6339/30 3156/6340/30 3155/6341/30
f 2041/5735/33 2042/5734/33 2976/6342/33 2975/6343/33
f 2459/6344/33 2458/6345/33 3052/6346/33 3053/6347/33
f 2605/6348/32 2221/6349/32 3016/6350/32 3198/6351/32
f 2563/6339/30 2564/6352/30 3157/6353/30 3156/6340/30
f 2460/6354/33 2459/6344/33 3053/6347/33 3054/6355/33
f 2045/6343/33 1843/6342/33 2921/6356/33 2920/6357/33
f 1990/6358/32 2485/6359/32 3079/6360/32 2950/6361/32
f 2222/6362/34 2606/6363/34 3199/6364/34 3017/6365/34
f 2564/6352/30 2565/6366/30 3158/6367/30 3157/6353/30
f 2461/6368/33 2460/6354/33 3054/6355/33 3055/6369/33
f 2486/5859/34 1989/6328/34 2949/6370/34 3080/5882/34
f 2149/3893/30 2150/3892/30 2981/6371/30 2980/6372/30
f 2566/6373/30 2567/6374/30 3160/6375/30 3159/6376/30
f 2463/6377/33 2462/6378/33 3056/3882/33 3057/3874/33
f 2609/6379/32 2225/6380/32 3018/6381/32 3202/6382/32
f 2567/6374/30 2568/3905/30 3161/6383/30 3160/6375/30
f 2464/6384/33 2463/6377/33 3057/3874/33 3058/3860/33
f 1986/6385/32 2489/6386/32 3083/6387/32 2948/6388/32
f 2226/3869/34 2610/3868/34 3203/6389/34 3019/6390/34
f 2568/3905/30 2569/3904/30 3162/5846/30 3161/6383/30
f 2465/4967/33 2464/6384/33 3058/3860/33 3059/3859/33
f 2490/3989/34 1985/3988/34 2947/6391/34 3084/6392/34
f 2237/6393/30 1847/3925/30 2925/4690/30 2924/6394/30
f 2153/6395/30 2154/6396/30 2983/6397/30 2982/6398/30
f 2570/6399/30 2571/6400/30 3164/6401/30 3163/6402/30
f 2467/6403/33 2466/6404/33 3060/6405/33 3061/6406/33
f 2613/6407/32 2229/3918/32 3020/3921/32 3206/6408/32
f 2571/6400/30 2572/6409/30 3165/6410/30 3164/6401/30
f 2468/6411/33 2467/6403/33 3061/6406/33 3062/6412/33
f 1982/6413/32 2493/6414/32 3087/6415/32 2946/6416/32
f 2230/3945/34 2614/6417/34 3207/6418/34 3021/3946/34
f 2572/6409/30 2573/6419/30 3166/6420/30 3165/6410/30
f 2469/5787/33 2468/6411/33 3062/6412/33 3063/5788/33
f 2494/6421/34 1981/6422/34 2945/6311/34 3088/6310/34
f 2157/6423/30 2158/6424/30 2985/5727/30 2984/6425/30
f 2574/6426/30 2575/6427/30 3168/6428/30 3167/6429/30
f 2471/6430/33 2470/6431/33 3064/6432/33 3065/6433/33
f 1844/6317/33 1950/6434/33 2930/4466/33 2919/4465/33
f 2617/3983/32 2233/6435/32 3022/6436/32 3210/3984/32
f 2575/6427/30 2576/6437/30 3169/6438/30 3168/6428/30
f 2472/6439/33 2471/6430/33 3065/6433/33 3066/6440/33
f 1978/6441/32 2497/6442/32 3091/6443/32 2944/6444/32
f 2234/6445/34 2618/3994/34 3211/3997/34 3023/6446/34
f 2576/6437/30 2577/6447/30 3170/6448/30 3169/6438/30
f 2473/6449/33 2472/6439/33 3066/6440/33 3067/6450/33
f 1847/6451/34 1852/6452/34 2926/6453/34 2925/6454/34
f 2498/6455/34 1977/6456/34 2943/3933/34 3092/3932/34
f 2161/6457/30 2162/6458/30 2987/6459/30 2986/6460/30
f 2578/6461/30 2579/6462/30 3172/6463/30 3171/6464/30
f 2475/5716/33 2474/5724/33 3068/6465/33 3069/6466/33
f 1953/4496/33 1954/6316/33 2932/4820/33 2931/4497/33
f 2621/6467/32 2237/6468/32 2924/6469/32 2929/6470/32
f 2579/6462/30 2580/4387/30 3173/6471/30 3172/6463/30
f 2476/3781/33 2475/5716/33 3069/6466/33 3070/6472/33
f 1974/6473/32 2501/6474/32 3095/6475/32 2942/6476/32
f 2580/4387/30 2581/4399/30 3174/6477/30 3173/6471/30
f 2477/3782/33 2476/3781/33 3070/6472/33 3071/6478/33
f 2502/6479/34 1973/6480/34 2941/6481/34 3096/6482/34
f 2165/6483/30 2166/5980/30 2989/6484/30 2988/6485/30
f 2582/6486/30 2583/6487/30 3176/6488/30 3175/6489/30
f 2479/6471/33 2478/6490/33 3072/6491/33 3073/6492/33
f 1957/4811/33 1958/4058/33 2934/4061/33 2933/4435/33
f 2583/6487/30 2584/6493/30 3177/6494/30 3176/6488/30
f 2480/6495/33 2479/6471/33 3073/6492/33 3074/6496/33
f 1970/6333/32 2505/3894/32 3099/3897/32 2940/6334/32
f 2584/6493/30 2585/6426/30 3178/6429/30 3177/6494/30
f 2481/6497/33 2480/6495/33 3074/6496/33 3075/6498/33
f 2506/6499/34 1969/6332/34 2939/6335/34 3100/6500/34
f 2169/4041/30 2170/4040/30 2991/4869/30 2990/4868/30
f 2586/6501/30 2587/6502/30 3180/6503/30 3179/6504/30
f 1961/6357/33 1962/6356/33 2936/6398/33 2935/6505/33
f 2483/6506/33 2482/6507/33 3076/6508/33 3077/6509/33
f 2587/6502/30 2588/6510/30 3181/6511/30 3180/6503/30
f 2484/6512/33 2483/6506/33 3077/6509/33 3078/6513/33
f 1966/6514/32 2509/6515/32 3103/6516/32 2938/6517/32
f 2588/6510/30 2589/6518/30 3182/6519/30 3181/6511/30
f 2142/4312/34 2526/6445/34 3119/6446/34 2977/4313/34
f 2485/4341/33 2484/6512/33 3078/6513/33 3079/6520/33
f 2510/4139/34 1965/6521/34 2937/6522/34 3104/4011/34
f 2173/5980/30 2174/4250/30 2993/4253/30 2992/6484/30
f 2590/3798/30 2591/3797/30 3184/6523/30 3183/4366/30
f 1965/3967/33 1966/3966/33 2938/4220/33 2937/4219/33
f 2487/6324/33 2486/6331/33 3080/6524/33 3081/6525/33
f 2591/3797/30 2592/6526/30 3185/6527/30 3184/6523/30
f 2529/6435/32 2145/4095/32 2978/4098/32 3122/6436/32
f 2488/6314/33 2487/6324/33 3081/6525/33 3082/6528/33
f 1962/4088/32 2513/6529/32 3107/6530/32 2936/4089/32
f 2592/6526/30 2593/4000/30 3186/4001/30 3185/6527/30
f 2146/6531/34 2530/4103/34 3123/4104/34 2979/6532/34
f 2489/6315/33 2488/6314/33 3082/6528/33 3083/6533/33
f 2514/4011/34 1961/6522/34 2935/4099/34 3108/4012/34
f 2177/3886/30 2178/4590/30 2995/6534/30 2994/4063/30
f 2594/4505/30 2595/4504/30 3188/4946/30 3187/4976/30
f 2491/6535/33 2490/6536/33 3084/6537/33 3085/6538/33
f 1969/4003/33 1970/6539/33 2940/6005/33 2939/4004/33
f 2595/4504/30 2596/4515/30 3189/4916/30 3188/4946/30
f 2533/6417/32 2149/6320/32 2980/6323/32 3126/6418/32
f 2492/6540/33 2491/6535/33 3085/6538/33 3086/6541/33
f 1958/6542/32 2517/6441/32 3111/6444/32 2934/6543/32
f 2596/4515/30 2597/4521/30 3190/4917/30 3189/4916/30
f 2150/6544/34 2534/6407/34 3127/6408/34 2981/6545/34
f 2493/6546/33 2492/6540/33 3086/6541/33 3087/6547/33
f 2518/4881/34 1957/6548/34 2933/6549/34 3112/4882/34
f 2181/4330/30 2182/6550/30 2997/6551/30 2996/6552/30
f 2598/3828/30 2599/6553/30 3192/3916/30 3191/3829/30
f 2495/6554/33 2494/6555/33 3088/4526/33 3089/5863/33
f 1973/3924/33 1974/4809/33 2942/4811/33 2941/3925/33
f 2599/6553/30 2600/6556/30 3193/3902/30 3192/3916/30
f 2537/4199/32 2153/6348/32 2982/6351/32 3130/4200/32
f 2496/6557/33 2495/6554/33 3089/5863/33 3090/5852/33
f 1954/4042/32 2521/4049/32 3115/4052/32 2932/4043/32
f 2600/6556/30 2601/6558/30 3194/3903/30 3193/3902/30
f 2154/6559/34 2538/6560/34 3131/6561/34 2983/6562/34
f 2497/6563/33 2496/6557/33 3090/5852/33 3091/5851/33
f 2522/6480/34 1953/6564/34 2931/6565/34 3116/6481/34
f 2185/6566/30 2186/4985/30 2999/4987/30 2998/6567/30
f 2602/3863/30 2603/6568/30 3196/4388/30 3195/3864/30
f 2499/4479/33 2498/4463/33 3092/4464/33 3093/5992/33
f 1977/3852/33 1978/3851/33 2944/3885/33 2943/3884/33
f 2603/6568/30 2604/6569/30 3197/6570/30 3196/4388/30
f 2541/6571/32 2157/6572/32 2984/6573/32 3134/6574/32
f 2500/4487/33 2499/4479/33 3093/5992/33 3094/5978/33
f 1950/6392/32 2525/6391/32 2928/4263/32 2930/4262/32
f 2604/6569/30 2605/5916/30 3198/6315/30 3197/6570/30
f 2158/6575/34 2542/6576/34 3135/6577/34 2985/6578/34
f 2501/4494/33 2500/4487/33 3094/5978/33 3095/5977/33
f 3307/6579/33 3308/6580/33 3410/6581/33 3411/6582/33
f 3326/6583/30 3325/6584/30 3517/6585/30 3518/6586/30
f 3308/6580/33 3309/6587/33 3408/6588/33 3410/6581/33
f 3325/6584/30 3324/6589/30 3516/6590/30 3517/6585/30
f 3309/6587/33 3310/6591/33 3409/6592/33 3408/6588/33
f 3324/6589/30 3323/6593/30 3515/6594/30 3516/6590/30
f 3323/6593/30 3322/6595/30 3514/6596/30 3515/6594/30
f 3322/6595/30 3321/6597/30 3513/6598/30 3514/6596/30
f 3321/6597/30 3320/6599/30 3512/6600/30 3513/6598/30
f 3320/6599/30 3319/6601/30 3511/6602/30 3512/6600/30
f 3319/6601/30 3318/6603/30 3510/6604/30 3511/6602/30
f 3318/6603/30 3317/6605/30 3509/6606/30 3510/6604/30
f 3317/6605/30 3316/6607/30 3508/6608/30 3509/6606/30
f 3310/6591/33 3214/6609/33 3409/6592/33
f 3316/6607/30 3315/6610/30 3507/6611/30 3508/6608/30
f 3315/6610/30 3314/6612/30 3506/6613/30 3507/6611/30
f 3215/6614/33 3216/6615/33 3502/6616/33 3503/6617/33
f 3314/6612/30 3313/6618/30 3505/6619/30 3506/6613/30
f 3216/6615/33 3217/6620/33 3501/6621/33 3502/6616/33
f 3313/6618/30 3312/6622/30 3504/6623/30 3505/6619/30
f 3217/6620/33 3218/6624/33 3500/6625/33 3501/6621/33
f 3218/6624/33 3219/6626/33 3499/6627/33 3500/6625/33
f 3311/6628/30 3407/6629/30 3599/6630/30
f 3219/6626/33 3220/6631/33 3498/6632/33 3499/6627/33
f 3220/6631/33 3221/6633/33 3497/6634/33 3498/6632/33
f 3221/6633/33 3222/6635/33 3496/6636/33 3497/6634/33
f 3222/6635/33 3223/6637/33 3495/6638/33 3496/6636/33
f 3223/6637/33 3224/6639/33 3494/6640/33 3495/6638/33
f 3224/6639/33 3225/6641/33 3493/6642/33 3494/6640/33
f 3225/6641/33 3226/6643/33 3492/6644/33 3493/6642/33
f 3226/6643/33 3227/6645/33 3491/6646/33 3492/6644/33
f 3407/6629/30 3406/6647/30 3598/6648/30 3599/6630/30
f 3227/6645/33 3228/6649/33 3490/6650/33 3491/6646/33
f 3406/6647/30 3405/6651/30 3597/6652/30 3598/6648/30
f 3228/6649/33 3229/6653/33 3489/6654/33 3490/6650/33
f 3405/6651/30 3404/6655/30 3596/6656/30 3597/6652/30
f 3229/6653/33 3230/6657/33 3488/6658/33 3489/6654/33
f 3404/6655/30 3403/6659/30 3595/6660/30 3596/6656/30
f 3230/6657/33 3231/6661/33 3487/6662/33 3488/6658/33
f 3403/6659/30 3402/6663/30 3594/6664/30 3595/6660/30
f 3231/6661/33 3232/6665/33 3486/6666/33 3487/6662/33
f 3402/6663/30 3401/6667/30 3593/6668/30 3594/6664/30
f 3232/6665/33 3233/6669/33 3485/6670/33 3486/6666/33
f 3401/6667/30 3400/6671/30 3592/6672/30 3593/6668/30
f 3233/6669/33 3234/6673/33 3484/6674/33 3485/6670/33
f 3400/6671/30 3399/6675/30 3591/6676/30 3592/6672/30
f 3234/6673/33 3235/6677/33 3483/6678/33 3484/6674/33
f 3399/6675/30 3398/6679/30 3590/6680/30 3591/6676/30
f 3235/6677/33 3236/6681/33 3482/6682/33 3483/6678/33
f 3398/6679/30 3397/6683/30 3589/6684/30 3590/6680/30
f 3236/6681/33 3237/6685/33 3481/6686/33 3482/6682/33
f 3397/6683/30 3396/6687/30 3588/6688/30 3589/6684/30
f 3237/6685/33 3238/6689/33 3480/6690/33 3481/6686/33
f 3396/6687/30 3395/6691/30 3587/6692/30 3588/6688/30
f 3238/6689/33 3239/6693/33 3479/6694/33 3480/6690/33
f 3395/6691/30 3394/6695/30 3586/6696/30 3587/6692/30
f 3239/6693/33 3240/6697/33 3478/6698/33 3479/6694/33
f 3394/6695/30 3393/6699/30 3585/6700/30 3586/6696/30
f 3240/6697/33 3241/6701/33 3477/6702/33 3478/6698/33
f 3393/6699/30 3392/6703/30 3584/6704/30 3585/6700/30
f 3241/6701/33 3242/6705/33 3476/6706/33 3477/6702/33
f 3392/6703/30 3391/6707/30 3583/6708/30 3584/6704/30
f 3242/6705/33 3243/6709/33 3475/6710/33 3476/6706/33
f 3391/6707/30 3390/6711/30 3582/6712/30 3583/6708/30
f 3243/6709/33 3244/6713/33 3474/6714/33 3475/6710/33
f 3390/6711/30 3389/6715/30 3581/6716/30 3582/6712/30
f 3244/6713/33 3245/6717/33 3473/6718/33 3474/6714/33
f 3389/6715/30 3388/6719/30 3580/6720/30 3581/6716/30
f 3245/6717/33 3246/6721/33 3472/6722/33 3473/6718/33
f 3388/6719/30 3387/6723/30 3579/6724/30 3580/6720/30
f 3246/6721/33 3247/6725/33 3471/6726/33 3472/6722/33
f 3387/6723/30 3386/6727/30 3578/6728/30 3579/6724/30
f 3247/6725/33 3248/6729/33 3470/6730/33 3471/6726/33
f 3386/6727/30 3385/6731/30 3577/6732/30 3578/6728/30
f 3248/6729/33 3249/6733/33 3469/6734/33 3470/6730/33
f 3385/6731/30 3384/6735/30 3576/6736/30 3577/6732/30
f 3249/6733/33 3250/6737/33 3468/6738/33 3469/6734/33
f 3384/6735/30 3383/6739/30 3575/6740/30 3576/6736/30
f 3250/6737/33 3251/6741/33 3467/6742/33 3468/6738/33
f 3383/6739/30 3382/6743/30 3574/6744/30 3575/6740/30
f 3251/6741/33 3252/6745/33 3466/6746/33 3467/6742/33
f 3382/6743/30 3381/6747/30 3573/6748/30 3574/6744/30
f 3252/6745/33 3253/6749/33 3465/6750/33 3466/6746/33
f 3381/6747/30 3380/6751/30 3572/6752/30 3573/6748/30
f 3253/6749/33 3254/6753/33 3464/6754/33 3465/6750/33
f 3380/6751/30 3379/6755/30 3571/6756/30 3572/6752/30
f 3254/6753/33 3255/6757/33 3463/6758/33 3464/6754/33
f 3379/6755/30 3378/6759/30 3570/6760/30 3571/6756/30
f 3255/6757/33 3256/6761/33 3462/6762/33 3463/6758/33
f 3378/6759/30 3377/6763/30 3569/6764/30 3570/6760/30
f 3256/6761/33 3257/6765/33 3461/6766/33 3462/6762/33
f 3377/6763/30 3376/6767/30 3568/6768/30 3569/6764/30
f 3257/6765/33 3258/6769/33 3460/6770/33 3461/6766/33
f 3376/6767/30 3375/6771/30 3567/6772/30 3568/6768/30
f 2237/5093/31 3407/6773/31 3311/6774/31 1847/6775/31
f 2142/4851/35 3312/6776/35 3313/6777/35 2143/4852/35
f 2143/4852/35 3313/6777/35 3314/6778/35 2144/4854/35
f 2144/4854/35 3314/6778/35 3315/6779/35 2145/4856/35
f 2145/4856/35 3315/6779/35 3316/6780/35 2146/4861/35
f 2146/4861/35 3316/6780/35 3317/6781/35 2147/4862/35
f 2147/4862/35 3317/6781/35 3318/6782/35 2148/4864/35
f 2148/4864/35 3318/6782/35 3319/6783/35 2149/4866/35
f 2149/4866/35 3319/6783/35 3320/6784/35 2150/4873/35
f 2150/4873/35 3320/6784/35 3321/6785/35 2151/4874/35
f 2151/4874/35 3321/6785/35 3322/6786/35 2152/4876/35
f 2152/4876/35 3322/6786/35 3323/6787/35 2153/4878/35
f 2153/4878/35 3323/6787/35 3324/6788/35 2154/4885/35
f 2154/4885/35 3324/6788/35 3325/6789/35 2155/4886/35
f 2155/4886/35 3325/6789/35 3326/6790/35 2156/4888/35
f 2156/4888/35 3326/6790/35 3327/6791/35 2157/4890/35
f 2157/4890/35 3327/6791/35 3328/6792/35 2158/4897/35
f 2158/4897/35 3328/6792/35 3329/6793/35 2159/4898/35
f 2159/4898/35 3329/6793/35 3330/6794/35 2160/4900/35
f 2160/4900/35 3330/6794/35 3331/6795/35 2161/4902/35
f 2161/4902/35 3331/6795/35 3332/6796/35 2162/4909/35
f 2162/4909/35 3332/6796/35 3333/6797/35 2163/4910/35
f 2163/4910/35 3333/6797/35 3334/6798/35 2164/4912/35
f 2164/4912/35 3334/6798/35 3335/6799/35 2165/4914/35
f 2165/4914/35 3335/6799/35 3336/6800/35 2166/4919/35
f 2166/4919/35 3336/6800/35 3337/6801/35 2167/4920/35
f 2167/4920/35 3337/6801/35 3338/6802/35 2168/4922/35
f 2168/4922/35 3338/6802/35 3339/6803/35 2169/4924/35
f 2169/4924/35 3339/6803/35 3340/6804/35 2170/4929/35
f 2170/4929/35 3340/6804/35 3341/6805/35 2171/4930/35
f 2171/4930/35 3341/6805/35 3342/6806/35 2172/4932/35
f 2172/4932/35 3342/6806/35 3343/6807/35 2173/4934/35
f 2173/4934/35 3343/6807/35 3344/6808/35 2174/4939/35
f 2174/4939/35 3344/6808/35 3345/6809/35 2175/4940/35
f 2175/4940/35 3345/6809/35 3346/6810/35 2176/4942/35
f 2176/4942/35 3346/6810/35 3347/6811/35 2177/4944/35
f 2177/4944/35 3347/6811/35 3348/6812/35 2178/4948/35
f 2178/4948/35 3348/6812/35 3349/6813/35 2179/4949/35
f 2179/4949/35 3349/6813/35 3350/6814/35 2180/4951/35
f 2180/4951/35 3350/6814/35 3351/6815/35 2181/4953/35
f 2181/4953/35 3351/6815/35 3352/6816/35 2182/4960/35
f 2182/4960/35 3352/6816/35 3353/6817/35 2183/4961/35
f 2183/4961/35 3353/6817/35 3354/6818/35 2184/4963/35
f 2184/4963/35 3354/6818/35 3355/6819/35 2185/4965/35
f 2185/4965/35 3355/6819/35 3356/6820/35 2186/4969/35
f 2186/4969/35 3356/6820/35 3357/6821/35 2187/4970/35
f 2187/4970/35 3357/6821/35 3358/6822/35 2188/4972/35
f 2188/4972/35 3358/6822/35 3359/6823/35 2189/4974/35
f 2189/4974/35 3359/6823/35 3360/6824/35 2190/4978/35
f 2190/4978/35 3360/6824/35 3361/6825/35 2191/4979/35
f 2191/4979/35 3361/6825/35 3362/6826/35 2192/4981/35
f 2192/4981/35 3362/6826/35 3363/6827/35 2193/4983/35
f 2193/4983/35 3363/6827/35 3364/6828/35 2194/4989/35
f 2194/4989/35 3364/6828/35 3365/6829/35 2195/4990/35
f 2195/4990/35 3365/6829/35 3366/6830/35 2196/4992/35
f 2196/4992/35 3366/6830/35 3367/6831/35 2197/4994/35
f 2197/4994/35 3367/6831/35 3368/6832/35 2198/5000/35
f 2198/5000/35 3368/6832/35 3369/6833/35 2199/5001/35
f 2199/5001/35 3369/6833/35 3370/6834/35 2200/5003/35
f 2200/5003/35 3370/6834/35 3371/6835/35 2201/5005/35
f 2201/5005/35 3371/6835/35 3372/6836/35 2202/5012/35
f 2202/5012/35 3372/6836/35 3373/6837/35 2203/5013/35
f 2203/5013/35 3373/6837/35 3374/6838/35 2204/5015/35
f 2204/5015/35 3374/6838/35 3375/6839/35 2205/5017/35
f 2205/5017/35 3375/6839/35 3376/6840/35 2206/5020/35
f 2206/5020/35 3376/6840/35 3377/6841/35 2207/5021/35
f 2207/5021/35 3377/6841/35 3378/6842/35 2208/5023/35
f 2208/5023/35 3378/6842/35 3379/6843/35 2209/5025/35
f 2209/5025/35 3379/6843/35 3380/6844/35 2210/5029/35
f 2210/5029/35 3380/6844/35 3381/6845/35 2211/5030/35
f 2211/5030/35 3381/6845/35 3382/6846/35 2212/5032/35
f 2212/5032/35 3382/6846/35 3383/6847/35 2213/5034/35
f 2213/5034/35 3383/6847/35 3384/6848/35 2214/5041/35
f 2214/5041/35 3384/6848/35 3385/6849/35 2215/5042/35
f 2215/5042/35 3385/6849/35 3386/6850/35 2216/5044/35
f 2216/5044/35 3386/6850/35 3387/6851/35 2217/5046/35
f 2217/5046/35 3387/6851/35 3388/6852/35 2218/5049/35
f 2218/5049/35 3388/6852/35 3389/6853/35 2219/5050/35
f 2219/5050/35 3389/6853/35 3390/6854/35 2220/5052/35
f 2220/5052/35 3390/6854/35 3391/6855/35 2221/5054/35
f 2221/5054/35 3391/6855/35 3392/6856/35 2222/5059/35
f 2222/5059/35 3392/6856/35 3393/6857/35 2223/5060/35
f 2223/5060/35 3393/6857/35 3394/6858/35 2224/5062/35
f 2224/5062/35 3394/6858/35 3395/6859/35 2225/5064/35
f 2225/5064/35 3395/6859/35 3396/6860/35 2226/5068/35
f 2226/5068/35 3396/6860/35 3397/6861/35 2227/5069/35
f 2227/5069/35 3397/6861/35 3398/6862/35 2228/5071/35
f 2228/5071/35 3398/6862/35 3399/6863/35 2229/5073/35
f 2229/5073/35 3399/6863/35 3400/6864/35 2230/5076/35
f 2230/5076/35 3400/6864/35 3401/6865/35 2231/5077/35
f 2231/5077/35 3401/6865/35 3402/6866/35 2232/5079/35
f 2232/5079/35 3402/6866/35 3403/6867/35 2233/5081/35
f 2233/5081/35 3403/6867/35 3404/6868/35 2234/5088/35
f 2234/5088/35 3404/6868/35 3405/6869/35 2235/5089/35
f 2235/5089/35 3405/6869/35 3406/6870/35 2236/5091/35
f 2236/5091/35 3406/6870/35 3407/6773/35 2237/5093/35
f 3327/6969/30 3326/6583/30 3518/6586/30 3519/6970/30
f 3306/6971/33 3307/6579/33 3411/6582/33 3412/6972/33
f 3328/6973/30 3327/6969/30 3519/6970/30 3520/6974/30
f 3305/6975/33 3306/6971/33 3412/6972/33 3413/6976/33
f 3329/6977/30 3328/6973/30 3520/6974/30 3521/6978/30
f 3304/6979/33 3305/6975/33 3413/6976/33 3414/6980/33
f 3330/6981/30 3329/6977/30 3521/6978/30 3522/6982/30
f 3303/6983/33 3304/6979/33 3414/6980/33 3415/6984/33
f 3331/6985/30 3330/6981/30 3522/6982/30 3523/6986/30
f 3302/6987/33 3303/6983/33 3415/6984/33 3416/6988/33
f 3332/6989/30 3331/6985/30 3523/6986/30 3524/6990/30
f 3301/6991/33 3302/6987/33 3416/6988/33 3417/6992/33
f 3333/6993/30 3332/6989/30 3524/6990/30 3525/6994/30
f 3300/6995/33 3301/6991/33 3417/6992/33 3418/6996/33
f 3334/6997/30 3333/6993/30 3525/6994/30 3526/6998/30
f 3299/6999/33 3300/6995/33 3418/6996/33 3419/7000/33
f 3335/7001/30 3334/6997/30 3526/6998/30 3527/7002/30
f 3298/7003/33 3299/6999/33 3419/7000/33 3420/7004/33
f 3336/7005/30 3335/7001/30 3527/7002/30 3528/7006/30
f 3297/7007/33 3298/7003/33 3420/7004/33 3421/7008/33
f 3337/7009/30 3336/7005/30 3528/7006/30 3529/7010/30
f 3296/7011/33 3297/7007/33 3421/7008/33 3422/7012/33
f 3338/7013/30 3337/7009/30 3529/7010/30 3530/7014/30
f 3295/7015/33 3296/7011/33 3422/7012/33 3423/7016/33
f 3339/7017/30 3338/7013/30 3530/7014/30 3531/7018/30
f 3294/7019/33 3295/7015/33 3423/7016/33 3424/7020/33
f 3340/7021/30 3339/7017/30 3531/7018/30 3532/7022/30
f 3293/7023/33 3294/7019/33 3424/7020/33 3425/7024/33
f 3341/7025/30 3340/7021/30 3532/7022/30 3533/7026/30
f 3292/7027/33 3293/7023/33 3425/7024/33 3426/7028/33
f 3342/7029/30 3341/7025/30 3533/7026/30 3534/7030/30
f 3291/7031/33 3292/7027/33 3426/7028/33 3427/7032/33
f 3343/7033/30 3342/7029/30 3534/7030/30 3535/7034/30
f 3290/7035/33 3291/7031/33 3427/7032/33 3428/7036/33
f 3344/7037/30 3343/7033/30 3535/7034/30 3536/7038/30
f 3289/7039/33 3290/7035/33 3428/7036/33 3429/7040/33
f 3345/7041/30 3344/7037/30 3536/7038/30 3537/7042/30
f 3288/7043/33 3289/7039/33 3429/7040/33 3430/7044/33
f 3346/7045/30 3345/7041/30 3537/7042/30 3538/7046/30
f 3287/7047/33 3288/7043/33 3430/7044/33 3431/7048/33
f 3347/7049/30 3346/7045/30 3538/7046/30 3539/7050/30
f 3286/7051/33 3287/7047/33 3431/7048/33 3432/7052/33
f 3348/7053/30 3347/7049/30 3539/7050/30 3540/7054/30
f 3285/7055/33 3286/7051/33 3432/7052/33 3433/7056/33
f 3349/7057/30 3348/7053/30 3540/7054/30 3541/7058/30
f 3284/7059/33 3285/7055/33 3433/7056/33 3434/7060/33
f 3350/7061/30 3349/7057/30 3541/7058/30 3542/7062/30
f 3283/7063/33 3284/7059/33 3434/7060/33 3435/7064/33
f 3351/7065/30 3350/7061/30 3542/7062/30 3543/7066/30
f 3282/7067/33 3283/7063/33 3435/7064/33 3436/7068/33
f 3352/7069/30 3351/7065/30 3543/7066/30 3544/7070/30
f 3281/7071/33 3282/7067/33 3436/7068/33 3437/7072/33
f 3353/7073/30 3352/7069/30 3544/7070/30 3545/7074/30
f 3280/7075/33 3281/7071/33 3437/7072/33 3438/7076/33
f 3354/7077/30 3353/7073/30 3545/7074/30 3546/7078/30
f 3279/7079/33 3280/7075/33 3438/7076/33 3439/7080/33
f 3355/7081/30 3354/7077/30 3546/7078/30 3547/7082/30
f 3278/7083/33 3279/7079/33 3439/7080/33 3440/7084/33
f 3356/7085/30 3355/7081/30 3547/7082/30 3548/7086/30
f 3277/7087/33 3278/7083/33 3440/7084/33 3441/7088/33
f 3357/7089/30 3356/7085/30 3548/7086/30 3549/7090/30
f 3276/7091/33 3277/7087/33 3441/7088/33 3442/7092/33
f 3358/7093/30 3357/7089/30 3549/7090/30 3550/7094/30
f 3275/7095/33 3276/7091/33 3442/7092/33 3443/7096/33
f 3359/7097/30 3358/7093/30 3550/7094/30 3551/7098/30
f 3274/7099/33 3275/7095/33 3443/7096/33 3444/7100/33
f 3360/7101/30 3359/7097/30 3551/7098/30 3552/7102/30
f 3273/7103/33 3274/7099/33 3444/7100/33 3445/7104/33
f 3361/7105/30 3360/7101/30 3552/7102/30 3553/7106/30
f 3272/7107/33 3273/7103/33 3445/7104/33 3446/7108/33
f 3362/7109/30 3361/7105/30 3553/7106/30 3554/7110/30
f 3271/7111/33 3272/7107/33 3446/7108/33 3447/7112/33
f 3363/7113/30 3362/7109/30 3554/7110/30 3555/7114/30
f 3270/7115/33 3271/7111/33 3447/7112/33 3448/7116/33
f 3364/7117/30 3363/7113/30 3555/7114/30 3556/7118/30
f 3269/7119/33 3270/7115/33 3448/7116/33 3449/7120/33
f 3365/7121/30 3364/7117/30 3556/7118/30 3557/7122/30
f 3268/7123/33 3269/7119/33 3449/7120/33 3450/7124/33
f 3366/7125/30 3365/7121/30 3557/7122/30 3558/7126/30
f 3267/7127/33 3268/7123/33 3450/7124/33 3451/7128/33
f 3367/7129/30 3366/7125/30 3558/7126/30 3559/7130/30
f 3266/7131/33 3267/7127/33 3451/7128/33 3452/7132/33
f 3368/7133/30 3367/7129/30 3559/7130/30 3560/7134/30
f 3265/7135/33 3266/7131/33 3452/7132/33 3453/7136/33
f 3369/7137/30 3368/7133/30 3560/7134/30 3561/7138/30
f 3264/7139/33 3265/7135/33 3453/7136/33 3454/7140/33
f 3370/7141/30 3369/7137/30 3561/7138/30 3562/7142/30
f 3263/7143/33 3264/7139/33 3454/7140/33 3455/7144/33
f 3371/7145/30 3370/7141/30 3562/7142/30 3563/7146/30
f 3262/7147/33 3263/7143/33 3455/7144/33 3456/7148/33
f 3372/7149/30 3371/7145/30 3563/7146/30 3564/7150/30
f 3261/7151/33 3262/7147/33 3456/7148/33 3457/7152/33
f 3373/7153/30 3372/7149/30 3564/7150/30 3565/7154/30
f 3260/7155/33 3261/7151/33 3457/7152/33 3458/7156/33
f 3374/7157/30 3373/7153/30 3565/7154/30 3566/7158/30
f 3259/7159/33 3260/7155/33 3458/7156/33 3459/7160/33
f 3375/6771/30 3374/7157/30 3566/7158/30 3567/6772/30
f 3258/6769/33 3259/7159/33 3459/7160/33 3460/6770/33
f 1848/7161/32 2630/7162/32 2629/7163/32 3600/7164/32
f 2681/7165/33 2046/7166/33 3601/7167/33 3600/7167/33 2629/7168/33
f 2622/7169/32 1849/7170/32 1841/7171/32 1842/7171/32 2623/7172/32
f 2046/4600/37 3215/5095/37 3602/7173/37 3601/7174/37
f 2142/7175/30 2977/7176/30 2923/7177/30 3603/7178/30 3604/7178/30
f 1839/7179/34 1844/7180/34 2919/7181/34 2918/7182/34 1853/7183/34
f 3603/7181/32 2923/7184/32 2922/7185/32 3605/7182/32
f 2921/7186/32 1843/7187/32 1840/7188/32 3606/7189/32 2927/7190/32
f 3215/6614/33 3503/6617/33 3607/7191/33 3602/7191/33
f 3609/5765/30 3504/6623/30 3312/6622/30 3608/5765/30
f 3608/7192/37 3312/6776/37 2142/4851/37 3604/7193/37
f 1853/7183/34 2918/7182/34 2926/6453/34 1852/6452/34
f 1851/4530/34 2626/4533/34 2631/4475/34 1850/4474/34
f 1849/7170/32 2622/7169/32 2630/7162/32 1848/7161/32
f 2927/7190/32 3606/7189/32 3605/7182/32 2922/7185/32
usemtl dam-road
f 3598/4845/35 3408/6871/35 3409/6872/35 3599/4847/35
f 3597/4843/35 3410/6873/35 3408/6871/35 3598/4845/35
f 3596/4842/35 3411/6874/35 3410/6873/35 3597/4843/35
f 3595/4838/35 3412/6875/35 3411/6874/35 3596/4842/35
f 3594/4836/35 3413/6876/35 3412/6875/35 3595/4838/35
f 3593/4834/35 3414/6877/35 3413/6876/35 3594/4836/35
f 3592/4833/35 3415/6878/35 3414/6877/35 3593/4834/35
f 3591/4829/35 3416/6879/35 3415/6878/35 3592/4833/35
f 3590/4827/35 3417/6880/35 3416/6879/35 3591/4829/35
f 3589/4825/35 3418/6881/35 3417/6880/35 3590/4827/35
f 3588/4824/35 3419/6882/35 3418/6881/35 3589/4825/35
f 3587/4818/35 3420/6883/35 3419/6882/35 3588/4824/35
f 3586/4816/35 3421/6884/35 3420/6883/35 3587/4818/35
f 3585/4814/35 3422/6885/35 3421/6884/35 3586/4816/35
f 3584/4813/35 3423/6886/35 3422/6885/35 3585/4814/35
f 3583/4807/35 3424/6887/35 3423/6886/35 3584/4813/35
f 3582/4805/35 3425/6888/35 3424/6887/35 3583/4807/35
f 3581/4803/35 3426/6889/35 3425/6888/35 3582/4805/35
f 3580/4802/35 3427/6890/35 3426/6889/35 3581/4803/35
f 3579/4797/35 3428/6891/35 3427/6890/35 3580/4802/35
f 3578/4795/35 3429/6892/35 3428/6891/35 3579/4797/35
f 3577/4793/35 3430/6893/35 3429/6892/35 3578/4795/35
f 3576/4792/35 3431/6894/35 3430/6893/35 3577/4793/35
f 3575/4787/35 3432/6895/35 3431/6894/35 3576/4792/35
f 3574/4785/35 3433/6896/35 3432/6895/35 3575/4787/35
f 3573/4783/35 3434/6897/35 3433/6896/35 3574/4785/35
f 3572/4782/35 3435/6898/35 3434/6897/35 3573/4783/35
f 3571/4777/35 3436/6899/35 3435/6898/35 3572/4782/35
f 3570/4775/35 3437/6900/35 3436/6899/35 3571/4777/35
f 3569/4773/35 3438/6901/35 3437/6900/35 3570/4775/35
f 3568/4772/35 3439/6902/35 3438/6901/35 3569/4773/35
f 3567/4765/35 3440/6903/35 3439/6902/35 3568/4772/35
f 3566/4763/35 3441/6904/35 3440/6903/35 3567/4765/35
f 3565/4761/35 3442/6905/35 3441/6904/35 3566/4763/35
f 3564/4760/35 3443/6906/35 3442/6905/35 3565/4761/35
f 3563/4755/35 3444/6907/35 3443/6906/35 3564/4760/35
f 3562/4753/35 3445/6908/35 3444/6907/35 3563/4755/35
f 3561/4751/35 3446/6909/35 3445/6908/35 3562/4753/35
f 3560/4750/35 3447/6910/35 3446/6909/35 3561/4751/35
f 3559/4743/35 3448/6911/35 3447/6910/35 3560/4750/35
f 3558/4741/35 3449/6912/35 3448/6911/35 3559/4743/35
f 3557/4739/35 3450/6913/35 3449/6912/35 3558/4741/35
f 3556/4738/35 3451/6914/35 3450/6913/35 3557/4739/35
f 3555/4733/35 3452/6915/35 3451/6914/35 3556/4738/35
f 3554/4731/35 3453/6916/35 3452/6915/35 3555/4733/35
f 3553/4729/35 3454/6917/35 3453/6916/35 3554/4731/35
f 3552/4728/35 3455/6918/35 3454/6917/35 3553/4729/35
f 3551/4721/35 3456/6919/35 3455/6918/35 3552/4728/35
f 3550/4719/35 3457/6920/35 3456/6919/35 3551/4721/35
f 3549/4717/35 3458/6921/35 3457/6920/35 3550/4719/35
f 3548/4716/35 3459/6922/35 3458/6921/35 3549/4717/35
f 3547/4710/35 3460/6923/35 3459/6922/35 3548/4716/35
f 3546/4708/35 3461/6924/35 3460/6923/35 3547/4710/35
f 3545/4706/35 3462/6925/35 3461/6924/35 3546/4708/35
f 3544/4705/35 3463/6926/35 3462/6925/35 3545/4706/35
f 3543/4698/35 3464/6927/35 3463/6926/35 3544/4705/35
f 3542/4696/35 3465/6928/35 3464/6927/35 3543/4698/35
f 3541/4694/35 3466/6929/35 3465/6928/35 3542/4696/35
f 3540/4693/35 3467/6930/35 3466/6929/35 3541/4694/35
f 3539/4688/35 3468/6931/35 3467/6930/35 3540/4693/35
f 3538/4686/35 3469/6932/35 3468/6931/35 3539/4688/35
f 3537/4684/35 3470/6933/35 3469/6932/35 3538/4686/35
f 3536/4683/35 3471/6934/35 3470/6933/35 3537/4684/35
f 3535/4677/35 3472/6935/35 3471/6934/35 3536/4683/35
f 3534/4675/35 3473/6936/35 3472/6935/35 3535/4677/35
f 3533/4673/35 3474/6937/35 3473/6936/35 3534/4675/35
f 3532/4672/35 3475/6938/35 3474/6937/35 3533/4673/35
f 3531/4667/35 3476/6939/35 3475/6938/35 3532/4672/35
f 3530/4665/35 3477/6940/35 3476/6939/35 3531/4667/35
f 3529/4663/35 3478/6941/35 3477/6940/35 3530/4665/35
f 3528/4662/35 3479/6942/35 3478/6941/35 3529/4663/35
f 3527/4655/35 3480/6943/35 3479/6942/35 3528/4662/35
f 3526/4653/35 3481/6944/35 3480/6943/35 3527/4655/35
f 3525/4651/35 3482/6945/35 3481/6944/35 3526/4653/35
f 3524/4650/35 3483/6946/35 3482/6945/35 3525/4651/35
f 3523/4646/35 3484/6947/35 3483/6946/35 3524/4650/35
f 3522/4644/35 3485/6948/35 3484/6947/35 3523/4646/35
f 3521/4642/35 3486/6949/35 3485/6948/35 3522/4644/35
f 3520/4641/35 3487/6950/35 3486/6949/35 3521/4642/35
f 3519/4635/35 3488/6951/35 3487/6950/35 3520/4641/35
f 3518/4633/35 3489/6952/35 3488/6951/35 3519/4635/35
f 3517/4631/35 3490/6953/35 3489/6952/35 3518/4633/35
f 3516/4630/35 3491/6954/35 3490/6953/35 3517/4631/35
f 3515/4625/35 3492/6955/35 3491/6954/35 3516/4630/35
f 3514/4623/35 3493/6956/35 3492/6955/35 3515/4625/35
f 3513/4621/35 3494/6957/35 3493/6956/35 3514/4623/35
f 3512/4620/35 3495/6958/35 3494/6957/35 3513/4621/35
f 3511/4615/35 3496/6959/35 3495/6958/35 3512/4620/35
f 3510/4613/35 3497/6960/35 3496/6959/35 3511/4615/35
f 3509/4611/35 3498/6961/35 3497/6960/35 3510/4613/35
f 3508/4610/35 3499/6962/35 3498/6961/35 3509/4611/35
f 3507/4606/35 3500/6963/35 3499/6962/35 3508/4610/35
f 3506/4604/35 3501/6964/35 3500/6963/35 3507/4606/35
f 3505/4602/35 3502/6965/35 3501/6964/35 3506/4604/35
f 3504/4601/35 3503/6966/35 3502/6965/35 3505/4602/35
f 3599/4847/36 3409/6872/36 3214/6967/36 3311/6968/36
f 3503/6966/38 3504/4601/38 3609/7194/38 3607/7195/38
o gate-1
v -6.868714 14.322561 1.386904
v -6.868714 14.260234 1.449217
v -6.868714 14.178804 1.482936
v -6.868714 14.090671 1.482926
v -6.868714 14.009249 1.449190
v -6.868714 13.946935 1.386863
v -6.868714 13.913217 1.305434
v -6.868714 13.913226 1.217299
v -6.868714 13.946962 1.135877
v -6.868714 14.009290 1.073564
v -6.868714 14.090719 1.039845
v -6.868714 14.178853 1.039855
v -6.868714 14.260275 1.073591
v -6.868714 14.322589 1.135919
v -6.868714 14.356307 1.217348
v -6.868714 14.356297 1.305482
v -7.079628 14.322561 1.386904
v -7.079628 14.260234 1.449217
v -7.079628 14.178804 1.482936
v -7.079628 14.090671 1.482926
v -7.079628 14.009249 1.449190
v -7.079628 13.946935 1.386863
v -7.079628 13.913217 1.305434
v -7.079628 13.913226 1.217299
v -7.079628 13.946962 1.135877
v -7.079628 14.009290 1.073564
v -7.079628 14.090719 1.039845
v -7.079628 14.178853 1.039855
v -7.079628 14.260275 1.073591
v -7.079628 14.322589 1.135919
v -7.079628 14.356307 1.217348
v -7.079628 14.356297 1.305482
v -9.623446 14.322561 1.386904
v -9.623446 14.260234 1.449217
v -9.623446 14.178804 1.482936
v -9.623446 14.090671 1.482926
v -9.623446 14.009249 1.449190
v -9.623446 13.946935 1.386863
v -9.623446 13.913217 1.305434
v -9.623446 13.913226 1.217299
v -9.623446 13.946962 1.135878
v -9.623446 14.009290 1.073564
v -9.623446 14.090719 1.039845
v -9.623446 14.178853 1.039855
v -9.623446 14.260275 1.073591
v -9.623446 14.322589 1.135919
v -9.623446 14.356307 1.217348
v -9.623446 14.356297 1.305482
v -9.412533 14.322561 1.386904
v -9.412533 14.260234 1.449217
v -9.412533 14.178804 1.482936
v -9.412533 14.090671 1.482926
v -9.412533 14.009249 1.449190
v -9.412533 13.946935 1.386863
v -9.412533 13.913217 1.305434
v -9.412533 13.913226 1.217299
v -9.412533 13.946962 1.135878
v -9.412533 14.009290 1.073564
v -9.412533 14.090719 1.039845
v -9.412533 14.178853 1.039855
v -9.412533 14.260275 1.073591
v -9.412533 14.322589 1.135919
v -9.412533 14.356307 1.217348
v -9.412533 14.356297 1.305482
v -7.079628 14.134762 1.261391
v -8.246080 14.134762 1.261391
v -6.888625 16.581610 -2.399673
v -6.888625 17.677515 -1.132644
v -6.888625 14.991754 -2.927636
v -6.888625 16.032763 -2.693116
v -6.888625 17.062664 -2.004794
v -6.888625 17.457438 -1.523653
v -6.888625 15.437213 -2.873844
v -6.888625 15.734988 -2.783480
v -6.888625 17.260050 -1.764223
v -6.888625 16.486542 -2.257425
v -6.888625 17.544825 -1.050488
v -6.888625 14.966596 -2.773613
v -6.888625 15.960693 -2.535496
v -6.888625 16.944593 -1.877917
v -6.888625 17.317251 -1.411558
v -6.888625 15.387259 -2.701443
v -6.888625 15.673976 -2.618469
v -6.888625 17.130922 -1.644737
v -6.888625 17.161356 -1.884508
v -6.888625 17.037758 -1.761328
v -6.888625 15.883875 -2.738298
v -6.888625 15.817334 -2.576983
v -6.888625 16.630829 -2.366779
v -6.888625 16.532393 -2.432568
v -6.888625 16.437323 -2.290320
v -6.888625 16.535759 -2.224531
v -6.888625 16.506178 -1.194613
v -6.888625 16.603687 -1.084524
v -6.888625 16.046423 -1.598898
v -6.888625 15.997205 -1.631792
v -6.888625 16.095640 -1.566004
v -6.888625 15.355719 -1.911948
v -6.888625 15.494700 -1.863912
v -6.888625 16.402458 -1.084038
v -6.888625 16.500814 -0.975218
v -6.888625 15.968220 -1.481887
v -6.888625 15.919002 -1.514781
v -6.888625 16.017437 -1.448992
v -6.888625 15.296370 -1.780195
v -6.888625 15.434536 -1.730939
v -6.888625 15.855520 -0.500952
v -6.888625 15.958347 -0.398820
v -6.888625 15.769365 -0.409103
v -6.888625 15.872897 -0.308024
v -6.888625 15.507395 -0.792377
v -6.888625 15.458178 -0.825271
v -6.888625 15.556613 -0.759483
v -6.888625 15.429888 -0.676407
v -6.888625 15.380671 -0.709301
v -6.888625 15.479106 -0.643512
v -6.888625 14.919415 -0.943366
v -6.888625 15.052396 -0.886353
v -6.888625 15.106323 -1.005541
v -6.888625 14.972610 -1.061457
v -6.888624 15.128227 0.274410
v -6.888624 15.236998 0.367649
v -6.888624 15.030895 0.378175
v -6.888624 15.140463 0.470222
v -6.888624 14.832972 0.216731
v -6.888624 14.783753 0.183837
v -6.888624 14.882190 0.249625
v -6.888624 14.959696 0.133657
v -6.888624 14.910478 0.100762
v -6.888624 14.861259 0.067868
v -6.888624 14.482391 0.026809
v -6.888624 14.609365 0.092813
v -6.888624 14.666096 -0.032572
v -6.888624 14.538354 -0.097425
v -6.888624 14.007381 1.082541
v -6.888624 14.347288 1.309713
v -6.888624 14.227292 1.229516
v -6.888624 14.128857 1.163728
v -6.888624 14.178075 1.196622
v -7.059718 16.581610 -2.399673
v -7.059718 17.677515 -1.132644
v -7.059718 14.991754 -2.927636
v -7.059718 16.032763 -2.693116
v -7.059718 17.062664 -2.004794
v -7.059718 15.437213 -2.873844
v -7.059718 15.734988 -2.783480
v -7.059718 17.260050 -1.764223
v -7.059718 16.486542 -2.257425
v -7.059718 15.960693 -2.535496
v -7.059718 16.944593 -1.877917
v -7.059718 17.317251 -1.411558
v -7.059718 15.387259 -2.701443
v -7.059718 15.673976 -2.618469
v -7.059718 17.130922 -1.644737
v -7.059718 17.161356 -1.884508
v -7.059718 17.037758 -1.761328
v -7.059718 15.883875 -2.738298
v -7.059718 15.817334 -2.576983
v -7.059718 16.630829 -2.366779
v -7.059718 16.532393 -2.432568
v -7.059718 16.437323 -2.290320
v -7.059718 16.535759 -2.224531
v -7.059718 16.506178 -1.194613
v -7.059718 16.603687 -1.084524
v -7.059718 16.046423 -1.598898
v -7.059718 15.997205 -1.631792
v -7.059718 16.095640 -1.566004
v -7.059718 15.355719 -1.911948
v -7.059718 15.494700 -1.863912
v -7.059718 16.402458 -1.084038
v -7.059718 16.500814 -0.975218
v -7.059718 15.968220 -1.481887
v -7.059718 15.919002 -1.514781
v -7.059718 16.017437 -1.448992
v -7.059718 15.296370 -1.780195
v -7.059718 15.434536 -1.730939
v -7.059718 15.855520 -0.500952
v -7.059718 15.958347 -0.398820
v -7.059718 15.769365 -0.409103
v -7.059718 15.872897 -0.308024
v -7.059718 15.507395 -0.792377
v -7.059718 15.458178 -0.825271
v -7.059718 15.556613 -0.759483
v -7.059718 15.429888 -0.676407
v -7.059718 15.380671 -0.709301
v -7.059718 15.479106 -0.643512
v -7.059718 14.919415 -0.943366
v -7.059718 15.052396 -0.886353
v -7.059718 15.106323 -1.005541
v -7.059718 14.972610 -1.061457
v -7.059718 15.128227 0.274410
v -7.059718 15.236998 0.367649
v -7.059718 15.030895 0.378175
v -7.059718 15.140463 0.470222
v -7.059718 14.832972 0.216731
v -7.059718 14.783753 0.183837
v -7.059718 14.882190 0.249625
v -7.059718 14.959696 0.133657
v -7.059718 14.910478 0.100762
v -7.059718 14.861259 0.067868
v -7.059718 14.482391 0.026809
v -7.059718 14.609365 0.092813
v -7.059718 14.666096 -0.032572
v -7.059718 14.538354 -0.097425
v -7.059718 14.007381 1.082541
v -7.059718 14.347288 1.309713
v -7.059718 14.227292 1.229516
v -7.059718 14.128857 1.163728
v -7.059718 14.178075 1.196622
v -6.868714 16.630829 -2.366779
v -6.868714 17.062664 -2.004794
v -6.868714 15.437213 -2.873844
v -6.868714 15.734988 -2.783480
v -6.868714 16.532393 -2.432568
v -6.868714 16.581610 -2.399673
v -6.868714 17.457438 -1.523653
v -6.868714 17.677515 -1.132644
v -6.868715 14.991754 -2.927636
v -6.868714 15.883875 -2.738298
v -6.868714 16.032763 -2.693116
v -6.868714 17.260050 -1.764223
v -6.868714 17.161356 -1.884508
v -6.868714 15.387259 -2.701443
v -6.868714 15.673976 -2.618469
v -6.868714 16.437323 -2.290320
v -6.868714 16.486542 -2.257425
v -6.868714 17.317251 -1.411558
v -6.868714 17.544825 -1.050488
v -6.868715 14.966596 -2.773613
v -6.868714 15.817334 -2.576983
v -6.868714 15.960693 -2.535496
v -6.868714 17.130922 -1.644737
v -6.868714 17.037758 -1.761328
v -6.868714 16.944593 -1.877917
v -6.868714 16.535759 -2.224531
v -6.888625 17.814980 -0.843975
v -6.888625 14.672456 -2.944239
v -6.888625 17.670259 -0.763608
v -6.888625 14.653554 -2.779784
v -7.059718 17.814980 -0.843975
v -7.059718 17.670259 -0.763608
v -7.059718 14.653554 -2.779784
v -6.868714 17.814980 -0.843975
v -6.868715 14.672456 -2.944239
v -6.868714 17.670259 -0.763608
v -6.868715 14.653554 -2.779784
v -9.603537 16.581610 -2.399673
v -9.603537 17.677515 -1.132644
v -9.603537 14.991754 -2.927636
v -9.603537 16.032763 -2.693116
v -9.603537 17.062664 -2.004794
v -9.603537 17.457438 -1.523653
v -9.603537 15.437213 -2.873844
v -9.603537 15.734988 -2.783480
v -9.603537 17.260050 -1.764223
v -9.603537 16.486542 -2.257425
v -9.603537 17.544825 -1.050488
v -9.603537 14.966596 -2.773613
v -9.603537 15.960693 -2.535496
v -9.603537 16.944593 -1.877917
v -9.603537 17.317251 -1.411558
v -9.603537 15.387259 -2.701443
v -9.603537 15.673976 -2.618469
v -9.603537 17.130922 -1.644737
v -9.603537 17.161356 -1.884508
v -9.603537 17.037758 -1.761328
v -9.603537 15.883875 -2.738298
v -9.603537 15.817334 -2.576983
v -9.603537 16.630829 -2.366779
v -9.603537 16.532393 -2.432568
v -9.603537 16.437323 -2.290320
v -9.603537 16.535759 -2.224531
v -9.603537 16.506178 -1.194613
v -9.603537 16.603687 -1.084524
v -9.603537 16.046423 -1.598898
v -9.603537 15.997205 -1.631792
v -9.603537 16.095640 -1.566004
v -9.603537 15.355719 -1.911948
v -9.603537 15.494700 -1.863912
v -9.603537 16.402458 -1.084038
v -9.603537 16.500814 -0.975218
v -9.603537 15.968220 -1.481887
v -9.603537 15.919002 -1.514781
v -9.603537 16.017437 -1.448992
v -9.603537 15.296370 -1.780195
v -9.603537 15.434536 -1.730939
v -9.603537 15.855520 -0.500952
v -9.603537 15.958347 -0.398820
v -9.603537 15.769365 -0.409103
v -9.603537 15.872897 -0.308024
v -9.603537 15.507395 -0.792377
v -9.603537 15.458178 -0.825271
v -9.603537 15.556613 -0.759483
v -9.603537 15.429888 -0.676407
v -9.603537 15.380671 -0.709301
v -9.603537 15.479106 -0.643512
v -9.603537 14.919415 -0.943366
v -9.603537 15.052396 -0.886353
v -9.603537 15.106323 -1.005541
v -9.603537 14.972610 -1.061457
v -9.603537 15.128227 0.274410
v -9.603537 15.236998 0.367649
v -9.603537 15.030895 0.378175
v -9.603537 15.140463 0.470222
v -9.603537 14.832972 0.216731
v -9.603537 14.783753 0.183837
v -9.603537 14.882190 0.249625
v -9.603537 14.959696 0.133657
v -9.603537 14.910478 0.100762
v -9.603537 14.861259 0.067868
v -9.603537 14.482391 0.026810
v -9.603537 14.609365 0.092813
v -9.603537 14.666096 -0.032572
v -9.603537 14.538354 -0.097424
v -9.603537 14.007381 1.082542
v -9.603537 14.347288 1.309713
v -9.603537 14.227292 1.229516
v -9.603537 14.128857 1.163728
v -9.603537 14.178075 1.196622
v -9.432443 16.581610 -2.399673
v -9.432443 17.677515 -1.132644
v -9.432443 14.991754 -2.927636
v -9.432443 16.032763 -2.693116
v -9.432443 17.062664 -2.004794
v -9.432443 17.457438 -1.523653
v -9.432443 15.437213 -2.873844
v -9.432443 15.734988 -2.783480
v -9.432443 17.260050 -1.764223
v -9.432443 16.486542 -2.257425
v -9.432443 17.544825 -1.050488
v -9.432443 14.966596 -2.773613
v -9.432443 15.960693 -2.535496
v -9.432443 16.944593 -1.877917
v -9.432443 17.317251 -1.411558
v -9.432443 15.387259 -2.701443
v -9.432443 15.673976 -2.618469
v -9.432443 17.130922 -1.644737
v -9.432443 17.161356 -1.884508
v -9.432443 17.037758 -1.761328
v -9.432443 15.883875 -2.738298
v -9.432443 15.817334 -2.576983
v -9.432443 16.630829 -2.366779
v -9.432443 16.532393 -2.432568
v -9.432443 16.437323 -2.290320
v -9.432443 16.535759 -2.224531
v -9.432443 16.506178 -1.194613
v -9.432443 16.603687 -1.084524
v -9.432443 16.046423 -1.598898
v -9.432443 15.997205 -1.631792
v -9.432443 16.095640 -1.566004
v -9.432443 15.355719 -1.911948
v -9.432443 15.494700 -1.863912
v -9.432443 16.402458 -1.084038
v -9.432443 16.500814 -0.975218
v -9.432443 15.968220 -1.481887
v -9.432443 15.919002 -1.514781
v -9.432443 16.017437 -1.448992
v -9.432443 15.296370 -1.780195
v -9.432443 15.434536 -1.730939
v -9.432443 15.855520 -0.500952
v -9.432443 15.958347 -0.398820
v -9.432443 15.769365 -0.409103
v -9.432443 15.872897 -0.308024
v -9.432443 15.507395 -0.792377
v -9.432443 15.458178 -0.825271
v -9.432443 15.556613 -0.759483
v -9.432443 15.429888 -0.676407
v -9.432443 15.380671 -0.709301
v -9.432443 15.479106 -0.643512
v -9.432443 14.919415 -0.943366
v -9.432443 15.052396 -0.886353
v -9.432443 15.106323 -1.005541
v -9.432443 14.972610 -1.061457
v -9.432443 15.128227 0.274410
v -9.432443 15.236998 0.367649
v -9.432443 15.030895 0.378175
v -9.432443 15.140463 0.470222
v -9.432443 14.832972 0.216731
v -9.432443 14.783753 0.183837
v -9.432443 14.882190 0.249625
v -9.432443 14.959696 0.133657
v -9.432443 14.910478 0.100762
v -9.432443 14.861259 0.067868
v -9.432443 14.482391 0.026810
v -9.432443 14.609365 0.092813
v -9.432443 14.666096 -0.032572
v -9.432443 14.538354 -0.097424
v -9.432443 14.007381 1.082542
v -9.432443 14.347288 1.309713
v -9.432443 14.227292 1.229516
v -9.432443 14.128857 1.163728
v -9.432443 14.178075 1.196622
v -9.623446 16.630829 -2.366779
v -9.623446 17.062664 -2.004794
v -9.623446 15.437213 -2.873844
v -9.623446 15.734988 -2.783480
v -9.623446 16.532393 -2.432568
v -9.623446 16.581610 -2.399673
v -9.623446 17.457438 -1.523653
v -9.623446 17.677515 -1.132644
v -9.623446 14.991754 -2.927636
v -9.623446 15.883875 -2.738298
v -9.623446 16.032763 -2.693116
v -9.623446 17.260050 -1.764223
v -9.623446 17.161356 -1.884508
v -9.623446 15.387259 -2.701443
v -9.623446 15.673976 -2.618469
v -9.623446 16.437323 -2.290320
v -9.623446 16.486542 -2.257425
v -9.623446 17.317251 -1.411558
v -9.623446 17.544825 -1.050488
v -9.623446 14.966596 -2.773613
v -9.623446 15.817334 -2.576983
v -9.623446 15.960693 -2.535496
v -9.623446 17.130922 -1.644737
v -9.623446 17.037758 -1.761328
v -9.623446 16.944593 -1.877917
v -9.623446 16.535759 -2.224531
v -9.603537 17.814980 -0.843975
v -9.603537 14.672456 -2.944239
v -9.603537 17.670259 -0.763608
v -9.603537 14.653554 -2.779784
v -9.432443 17.814980 -0.843975
v -9.432443 14.672456 -2.944239
v -9.432443 17.670259 -0.763608
v -9.432443 14.653554 -2.779784
v -9.623446 17.814980 -0.843975
v -9.623446 14.672456 -2.944239
v -9.623446 17.670259 -0.763608
v -9.623446 14.653554 -2.779784
v -7.059718 17.457438 -1.523653
v -7.059718 17.544825 -1.050488
v -7.059718 14.966596 -2.773613
v -7.059718 14.672456 -2.944239
vn -1.0000 -0.0000 -0.0000
vn 1.0000 -0.0000 -0.0000
vn -0.0000 0.3826 0.9239
vn -0.0000 0.0001 -1.0000
vn -0.0000 -0.0001 1.0000
vn -0.0000 0.3828 -0.9238
vn -0.0000 -0.3828 0.9238
vn -0.0000 0.7072 -0.7070
vn -0.0000 -0.7072 0.7070
vn -0.0000 0.9239 -0.3826
vn -0.0000 -0.9239 0.3826
vn -0.0000 1.0000 0.0001
vn -0.0000 -1.0000 -0.0001
vn -0.0000 0.9238 0.3828
vn -0.0000 -0.7070 -0.7072
vn -0.0000 -0.9238 -0.3828
vn -0.0000 0.7070 0.7072
vn -0.0000 -0.3826 -0.9239
vn -0.0000 -0.2780 0.9606
vn -0.0000 0.6424 -0.7664
vn -0.0000 -0.6467 0.7628
vn -0.0000 0.7731 -0.6343
vn -0.0000 -0.7812 0.6243
vn -0.0000 0.2904 -0.9569
vn -0.0000 0.7282 0.6853
vn -0.0000 0.7282 0.6854
vn -0.0000 -0.5557 0.8314
vn -0.0000 0.0519 -0.9987
vn -0.0000 -0.8314 -0.5557
vn -0.0000 0.7269 0.6868
vn -0.0000 0.8314 0.5557
vn -0.0000 -0.9118 -0.4107
vn -0.0000 0.5557 -0.8314
vn -0.0000 0.8714 -0.4905
vn -0.0000 0.9111 0.4122
vn -0.0000 0.1199 -0.9928
vn -0.0000 0.5556 -0.8314
vn -0.0000 0.4624 -0.8867
vn -0.0000 -0.4574 0.8892
vn -0.0000 0.4576 -0.8892
vn -0.0000 -0.8460 0.5332
vn -0.0000 -0.4627 0.8865
vn -0.0000 0.4560 -0.8900
vn -0.0000 -0.4075 0.9132
vn -0.0000 -0.1691 0.9856
vn -0.0000 0.6410 -0.7675
vn -0.0000 -0.4747 0.8801
vn -0.0000 0.4193 -0.9078
vn -0.0000 -0.6540 0.7565
vn -0.0000 0.6542 -0.7563
vn -0.0000 -0.6879 0.7258
vn -0.0000 -0.7272 -0.6864
vn -0.0000 -0.6283 0.7780
vn -0.0000 0.6709 -0.7416
vn -0.0000 0.9124 0.4094
vn -0.0000 -0.7294 -0.6841
vn -0.0000 -0.9119 -0.4103
vn -0.0000 -0.9162 0.4006
vn -0.0000 0.4855 0.8742
vn -0.0000 -0.9935 -0.1142
vn -0.0000 0.9029 -0.4299
vn -0.0000 -0.0197 0.9998
vn -0.0000 -0.7731 0.6343
vn -0.0000 0.2780 -0.9606
vn -0.0000 -0.6424 0.7664
vn -0.0000 0.6467 -0.7628
vn -0.0000 0.7812 -0.6243
vn -0.0000 -0.2904 0.9569
vn -0.0000 0.8460 -0.5332
vn -0.0000 -0.9029 0.4299
vn -0.0000 0.9162 -0.4006
vn -0.0000 -0.4855 -0.8742
vn -0.0000 0.4574 -0.8892
vn -0.0000 0.9935 0.1142
vn -0.0000 -0.0519 0.9987
vn -0.0000 -0.4624 0.8867
vn -0.0000 -0.7282 -0.6853
vn -0.0000 -0.7282 -0.6854
vn -0.0000 -0.7269 -0.6868
vn -0.0000 0.9118 0.4107
vn -0.0000 -0.8714 0.4905
vn -0.0000 -0.9111 -0.4122
vn -0.0000 -0.1199 0.9928
vn -0.0000 -0.5556 0.8314
vn -0.0000 -0.4576 0.8892
vn -0.0000 0.4627 -0.8865
vn -0.0000 -0.4560 0.8900
vn -0.0000 0.4075 -0.9132
vn -0.0000 0.1691 -0.9856
vn -0.0000 -0.6410 0.7675
vn -0.0000 0.4747 -0.8801
vn -0.0000 -0.4193 0.9078
vn -0.0000 0.6540 -0.7565
vn -0.0000 -0.6542 0.7563
vn -0.0000 0.6879 -0.7258
vn -0.0000 0.7272 0.6864
vn -0.0000 0.6283 -0.7780
vn -0.0000 -0.6709 0.7416
vn -0.0000 -0.9124 -0.4094
vn -0.0000 0.7294 0.6841
vn -0.0000 0.9119 0.4103
vn -0.0000 0.4574 -0.8893
vn -0.0000 0.0197 -0.9998
vt 0.481980 0.844569
vt 0.491278 0.848421
vt 0.498394 0.855537
vt 0.502245 0.864834
vt 0.502245 0.874898
vt 0.498394 0.884195
vt 0.491278 0.891311
vt 0.481980 0.895163
vt 0.471916 0.895163
vt 0.462619 0.891311
vt 0.455503 0.884195
vt 0.451652 0.874898
vt 0.451652 0.864834
vt 0.455503 0.855537
vt 0.462619 0.848421
vt 0.471916 0.844569
vt 0.513212 0.891312
vt 0.506096 0.884196
vt 0.502245 0.874898
vt 0.502245 0.864834
vt 0.506096 0.855537
vt 0.513212 0.848421
vt 0.522510 0.844569
vt 0.532573 0.844569
vt 0.541871 0.848421
vt 0.548987 0.855537
vt 0.552838 0.864834
vt 0.552838 0.874898
vt 0.548987 0.884196
vt 0.541871 0.891312
vt 0.532573 0.895163
vt 0.522510 0.895163
vt 0.773021 0.975343
vt 0.773021 0.983643
vt 0.748938 0.983643
vt 0.748938 0.975343
vt 0.845271 0.983607
vt 0.845271 0.975506
vt 0.869354 0.975506
vt 0.869354 0.983607
vt 0.678108 0.951298
vt 0.678108 0.959288
vt 0.654024 0.959288
vt 0.654024 0.951298
vt 0.845271 0.965737
vt 0.869354 0.965737
vt 0.678108 0.969011
vt 0.654024 0.969011
vt 0.845271 0.955786
vt 0.869354 0.955786
vt 0.678108 0.978987
vt 0.654024 0.978987
vt 0.845271 0.947170
vt 0.869354 0.947170
vt 0.678108 0.987698
vt 0.654024 0.987698
vt 0.773021 0.947170
vt 0.773021 0.955604
vt 0.748938 0.955604
vt 0.748938 0.947170
vt 0.773021 0.983643
vt 0.773021 0.975344
vt 0.797104 0.975344
vt 0.797104 0.983643
vt 0.773021 0.965497
vt 0.748938 0.965497
vt 0.773021 0.965498
vt 0.773021 0.955604
vt 0.797104 0.955604
vt 0.797104 0.965498
vt 0.773021 0.947170
vt 0.797104 0.947170
vt 0.607282 0.855537
vt 0.614398 0.848421
vt 0.623696 0.844570
vt 0.633760 0.844570
vt 0.643057 0.848421
vt 0.650173 0.855537
vt 0.654024 0.864834
vt 0.654024 0.874898
vt 0.650173 0.884196
vt 0.643057 0.891312
vt 0.633760 0.895163
vt 0.623696 0.895163
vt 0.614398 0.891312
vt 0.607282 0.884196
vt 0.603431 0.874898
vt 0.603431 0.864834
vt 0.592464 0.891311
vt 0.583166 0.895163
vt 0.573103 0.895163
vt 0.563805 0.891311
vt 0.556689 0.884195
vt 0.552838 0.874898
vt 0.552838 0.864834
vt 0.556689 0.855537
vt 0.563805 0.848421
vt 0.573103 0.844569
vt 0.583166 0.844569
vt 0.592464 0.848421
vt 0.599580 0.855537
vt 0.603431 0.864834
vt 0.603431 0.874898
vt 0.599580 0.884195
vt 0.821188 0.975209
vt 0.821188 0.983643
vt 0.797104 0.983643
vt 0.797104 0.975209
vt 0.389377 0.947801
vt 0.389377 0.955791
vt 0.365294 0.955791
vt 0.365294 0.947801
vt 0.845271 0.947170
vt 0.845271 0.955271
vt 0.821188 0.955271
vt 0.821188 0.947170
vt 0.389377 0.965515
vt 0.365294 0.965515
vt 0.845271 0.965041
vt 0.821188 0.965041
vt 0.389377 0.975491
vt 0.365294 0.975491
vt 0.845271 0.974991
vt 0.821188 0.974991
vt 0.389377 0.984201
vt 0.365294 0.984201
vt 0.845271 0.983607
vt 0.821188 0.983607
vt 0.821188 0.947170
vt 0.821188 0.955470
vt 0.797104 0.955470
vt 0.797104 0.947170
vt 0.724855 0.983643
vt 0.724855 0.975209
vt 0.748938 0.975209
vt 0.748938 0.983643
vt 0.821188 0.965316
vt 0.797104 0.965316
vt 0.724855 0.965316
vt 0.724855 0.955470
vt 0.748938 0.955470
vt 0.748938 0.965316
vt 0.724855 0.947170
vt 0.748938 0.947170
vt 0.356760 0.489453
vt 0.356735 0.471632
vt 0.392119 0.466517
vt 0.393042 0.485396
vt 0.885404 0.740884
vt 0.885404 0.772636
vt 0.883130 0.772636
vt 0.883130 0.740884
vt 0.885404 0.219123
vt 0.885404 0.283339
vt 0.883130 0.283339
vt 0.883130 0.219123
vt 0.885404 0.574283
vt 0.885404 0.635410
vt 0.883130 0.635410
vt 0.883130 0.574283
vt 0.885404 0.300560
vt 0.885404 0.317781
vt 0.883130 0.317781
vt 0.883130 0.300560
vt 0.885404 0.541203
vt 0.885404 0.557743
vt 0.883130 0.557743
vt 0.883130 0.541203
vt 0.885404 0.352222
vt 0.883130 0.352222
vt 0.885404 0.725008
vt 0.883130 0.725008
vt 0.885404 0.508122
vt 0.883130 0.508122
vt 0.885404 0.125297
vt 0.885404 0.142043
vt 0.883130 0.142043
vt 0.883130 0.125297
vt 0.885404 0.108552
vt 0.883130 0.108552
vt 0.885404 0.709131
vt 0.883130 0.709131
vt 0.000000 0.929793
vt 0.028618 0.846744
vt 0.043933 0.853632
vt 0.015167 0.937563
vt 0.095820 0.963361
vt 0.110758 0.874161
vt 0.117424 0.875278
vt 0.102487 0.964477
vt 0.089153 0.962244
vt 0.104091 0.873045
vt 0.180477 0.965246
vt 0.180626 0.875878
vt 0.197348 0.874361
vt 0.197348 0.962842
vt 0.034202 0.830540
vt 0.049545 0.837256
vt 0.113412 0.858312
vt 0.120079 0.859428
vt 0.106745 0.857195
vt 0.180653 0.859212
vt 0.197348 0.857861
vt 0.063647 0.745091
vt 0.079142 0.750901
vt 0.068285 0.731630
vt 0.083804 0.737298
vt 0.129052 0.764915
vt 0.135719 0.766032
vt 0.122386 0.763799
vt 0.131683 0.749207
vt 0.138350 0.750323
vt 0.125016 0.748090
vt 0.180805 0.768299
vt 0.180829 0.753361
vt 0.197348 0.753060
vt 0.197348 0.767850
vt 0.102801 0.631464
vt 0.118498 0.636070
vt 0.108041 0.616258
vt 0.123765 0.620703
vt 0.149312 0.643937
vt 0.151942 0.628229
vt 0.158609 0.629345
vt 0.155978 0.645053
vt 0.142645 0.642821
vt 0.145275 0.627112
vt 0.181007 0.646358
vt 0.181033 0.630643
vt 0.197348 0.631560
vt 0.197348 0.647119
vt 0.180836 0.496616
vt 0.197290 0.499371
vt 0.167503 0.494383
vt 0.174170 0.495499
vt 0.151249 0.491661
vt 0.305574 0.491661
vt 0.270348 0.487008
vt 0.274158 0.467284
vt 0.308002 0.471310
vt 0.052900 0.377041
vt 0.020846 0.337072
vt 0.034271 0.325353
vt 0.066613 0.361809
vt 0.161682 0.456689
vt 0.106309 0.423921
vt 0.117256 0.407435
vt 0.169752 0.438897
vt 0.173993 0.462274
vt 0.167837 0.459481
vt 0.175908 0.441690
vt 0.182064 0.444482
vt 0.252734 0.484681
vt 0.235121 0.482354
vt 0.240315 0.463258
vt 0.257237 0.465271
vt 0.092957 0.412201
vt 0.079605 0.400481
vt 0.091935 0.384622
vt 0.104595 0.396028
vt 0.280183 0.379567
vt 0.296736 0.382393
vt 0.207115 0.356534
vt 0.213271 0.359326
vt 0.219426 0.362119
vt 0.141294 0.311188
vt 0.154326 0.321775
vt 0.284661 0.362844
vt 0.301142 0.365829
vt 0.213753 0.341899
vt 0.219909 0.344691
vt 0.226065 0.347484
vt 0.150499 0.297493
vt 0.163600 0.307928
vt 0.308270 0.274664
vt 0.324372 0.278486
vt 0.311989 0.260774
vt 0.328031 0.264727
vt 0.252874 0.255661
vt 0.259030 0.258453
vt 0.265186 0.261245
vt 0.259454 0.241156
vt 0.265610 0.243948
vt 0.271765 0.246741
vt 0.214191 0.232391
vt 0.200711 0.222789
vt 0.208962 0.210515
vt 0.222503 0.219980
vt 0.339665 0.157406
vt 0.355262 0.162340
vt 0.343867 0.141714
vt 0.359396 0.146797
vt 0.309703 0.146746
vt 0.303548 0.143954
vt 0.310127 0.129449
vt 0.316283 0.132242
vt 0.315859 0.149539
vt 0.322439 0.135034
vt 0.282048 0.131074
vt 0.268061 0.122590
vt 0.276740 0.109677
vt 0.290792 0.118017
vt 0.350529 0.000000
vt 0.365723 0.006892
vt 0.371878 0.009685
vt 0.378034 0.012477
vt 0.393042 0.019285
vt 0.944013 0.249854
vt 0.944013 0.263866
vt 0.924476 0.263866
vt 0.924476 0.249854
vt 0.944013 0.352819
vt 0.944013 0.369688
vt 0.924476 0.369688
vt 0.924476 0.352819
vt 0.353639 0.946647
vt 0.353639 0.953393
vt 0.334103 0.953393
vt 0.334103 0.946647
vt 0.885404 0.030472
vt 0.883130 0.030472
vt 0.883130 0.000000
vt 0.885404 0.000000
vt 0.353639 0.939902
vt 0.334103 0.939902
vt 0.924476 0.725280
vt 0.924476 0.590712
vt 0.944013 0.590712
vt 0.944013 0.725280
vt 0.944012 0.000000
vt 0.944013 0.129749
vt 0.924476 0.129749
vt 0.924476 0.000000
vt 0.944013 0.145579
vt 0.924476 0.145579
vt 0.490724 0.985598
vt 0.490724 0.895163
vt 0.510260 0.895163
vt 0.510260 0.985598
vt 0.353639 0.969839
vt 0.334103 0.969839
vt 0.963549 0.869549
vt 0.963549 0.774859
vt 0.983085 0.774859
vt 0.983085 0.869549
vt 0.353639 0.923253
vt 0.334103 0.923253
vt 0.944013 0.456144
vt 0.944012 0.590712
vt 0.924476 0.590712
vt 0.924476 0.456144
vt 0.389377 0.491661
vt 0.389377 0.578745
vt 0.369840 0.578745
vt 0.369840 0.491661
vt 0.904940 0.030472
vt 0.904940 0.000000
vt 0.904940 0.283339
vt 0.904940 0.300560
vt 0.904940 0.557743
vt 0.904940 0.574283
vt 0.904940 0.219123
vt 0.904940 0.108552
vt 0.904940 0.125297
vt 0.885404 0.075060
vt 0.904940 0.075060
vt 0.944013 0.961343
vt 0.944013 0.854615
vt 0.963549 0.854615
vt 0.963549 0.961343
vt 0.944013 0.857692
vt 0.944013 0.964420
vt 0.924476 0.964420
vt 0.924476 0.857692
vt 0.885404 0.212371
vt 0.885404 0.205618
vt 0.904940 0.205618
vt 0.904940 0.212371
vt 0.885404 0.398942
vt 0.904940 0.352222
vt 0.904940 0.398942
vt 0.622968 0.895163
vt 0.622967 0.983497
vt 0.603431 0.983497
vt 0.603431 0.895163
vt 0.389377 0.802398
vt 0.389377 0.817710
vt 0.369840 0.817710
vt 0.369840 0.802398
vt 0.389377 0.683574
vt 0.389377 0.698129
vt 0.369840 0.698129
vt 0.369840 0.683574
vt 0.983085 0.680169
vt 0.983085 0.774859
vt 0.963549 0.774859
vt 0.963549 0.680169
vt 0.904940 0.142043
vt 0.980463 0.105771
vt 0.980463 0.211536
vt 0.960927 0.211536
vt 0.960927 0.105771
vt 0.904940 0.317781
vt 0.389377 0.594984
vt 0.369840 0.594984
vt 0.885404 0.648901
vt 0.904940 0.648901
vt 0.904940 0.709131
vt 0.904940 0.740884
vt 0.904940 0.772636
vt 0.572374 0.895163
vt 0.572374 0.985024
vt 0.552838 0.985024
vt 0.552838 0.895163
vt 0.924476 0.989163
vt 0.924476 0.964420
vt 0.944013 0.964420
vt 0.944013 0.989163
vt 0.885404 0.462423
vt 0.904940 0.462423
vt 0.904940 0.508122
vt 0.097682 0.965246
vt 0.097682 0.987375
vt 0.078146 0.987375
vt 0.078146 0.965246
vt 0.883130 0.995868
vt 0.883130 0.951315
vt 0.902666 0.951315
vt 0.902666 0.995868
vt 0.314566 0.923253
vt 0.314566 0.982179
vt 0.295030 0.982179
vt 0.295030 0.923253
vt 0.904940 0.635410
vt 0.885404 0.815781
vt 0.904940 0.815781
vt 0.944013 0.986370
vt 0.963549 0.986370
vt 1.000000 0.361300
vt 1.000000 0.403351
vt 0.980464 0.403351
vt 0.980464 0.361300
vt 0.197348 0.985166
vt 0.197348 0.923253
vt 0.216884 0.923253
vt 0.216884 0.985166
vt 0.904940 0.725008
vt 0.039073 0.965246
vt 0.039073 0.987652
vt 0.019536 0.987652
vt 0.019536 0.965246
vt 0.705318 0.992159
vt 0.705318 0.947170
vt 0.724855 0.947170
vt 0.724855 0.992159
vt 0.255957 0.923253
vt 0.255957 0.983495
vt 0.236421 0.983495
vt 0.236421 0.923253
vt 0.904940 0.541203
vt 0.393042 0.976637
vt 0.393042 0.844569
vt 0.412579 0.844569
vt 0.412579 0.976637
vt 1.000000 0.274300
vt 1.000000 0.316888
vt 0.980464 0.316888
vt 0.980464 0.274300
vt 0.960926 0.585479
vt 0.960926 0.522583
vt 0.980463 0.522583
vt 0.980463 0.585479
vt 0.490724 0.895163
vt 0.490724 0.985598
vt 0.471188 0.985598
vt 0.471188 0.895163
vt 0.944013 0.725280
vt 0.924476 0.725280
vt 0.960927 0.105771
vt 0.960927 0.000000
vt 0.980464 0.000000
vt 0.980464 0.105771
vt 0.510260 0.985393
vt 0.529797 0.895163
vt 0.529797 0.985393
vt 0.980464 0.087697
vt 1.000000 0.000000
vt 1.000000 0.087697
vt 0.389377 0.947801
vt 0.369840 0.947801
vt 0.311189 0.568729
vt 0.330725 0.574925
vt 0.320411 0.607409
vt 0.300874 0.602731
vt 0.311189 0.846185
vt 0.330725 0.839989
vt 0.350564 0.884503
vt 0.334346 0.891887
vt 0.283594 0.714216
vt 0.303130 0.714216
vt 0.310096 0.775021
vt 0.290560 0.778180
vt 0.283594 0.700697
vt 0.303131 0.700697
vt 0.303131 0.707457
vt 0.283594 0.707457
vt 0.295717 0.619732
vt 0.315253 0.623651
vt 0.310096 0.639892
vt 0.290560 0.636734
vt 0.295717 0.795181
vt 0.315253 0.791263
vt 0.320411 0.807505
vt 0.300874 0.812182
vt 0.334346 0.523027
vt 0.350564 0.530411
vt 0.885404 0.642156
vt 0.883130 0.642156
vt 0.883130 0.075060
vt 0.883130 0.648901
vt 0.883130 0.212371
vt 0.883130 0.205618
vt 0.883130 0.462423
vt 0.883130 0.431134
vt 0.885404 0.431134
vt 0.883130 0.398942
vt 0.883130 0.815781
vt 0.097682 0.984782
vt 0.114389 0.984782
vt 0.114389 0.987056
vt 0.097682 0.987056
vt 0.131095 0.984783
vt 0.114389 0.984783
vt 0.114389 0.965246
vt 0.131095 0.965246
vt 0.097682 0.965246
vt 0.131095 0.987056
vt 0.114389 0.987056
vt 0.904940 0.431134
vt 0.353028 0.491661
vt 0.369840 0.500301
vt 0.000000 0.307100
vt 0.014813 0.295360
vt 0.885404 0.844587
vt 0.883130 0.844587
vt 0.369840 0.914613
vt 0.353029 0.923253
vt 0.904940 0.431134
vt 0.904940 0.844587
vt 0.414852 0.299201
vt 0.414852 0.281902
vt 0.685782 0.281902
vt 0.685782 0.299201
vt 0.683509 0.535416
vt 0.683509 0.503441
vt 0.685782 0.503441
vt 0.685782 0.535416
vt 0.395316 0.217623
vt 0.395316 0.281902
vt 0.393042 0.281902
vt 0.393042 0.217623
vt 0.683509 0.702375
vt 0.683509 0.641314
vt 0.685782 0.641314
vt 0.685782 0.702375
vt 0.395316 0.299201
vt 0.395316 0.316499
vt 0.393042 0.316499
vt 0.393042 0.299201
vt 0.683509 0.735299
vt 0.683509 0.718837
vt 0.685782 0.718837
vt 0.685782 0.735299
vt 0.395316 0.351095
vt 0.393042 0.351095
vt 0.683509 0.551403
vt 0.685782 0.551403
vt 0.683509 0.768224
vt 0.685782 0.768224
vt 0.395316 0.124116
vt 0.395316 0.140750
vt 0.393042 0.140750
vt 0.393042 0.124116
vt 0.395316 0.107482
vt 0.393042 0.107482
vt 0.683509 0.567390
vt 0.685782 0.567390
vt 0.685782 0.911718
vt 0.714400 0.828668
vt 0.729715 0.835556
vt 0.700949 0.919487
vt 0.781602 0.945285
vt 0.796540 0.856085
vt 0.803206 0.857202
vt 0.788269 0.946401
vt 0.774935 0.944168
vt 0.789873 0.854969
vt 0.866259 0.947170
vt 0.866408 0.857802
vt 0.883130 0.856285
vt 0.883130 0.944766
vt 0.719984 0.812464
vt 0.735327 0.819180
vt 0.799194 0.840236
vt 0.805861 0.841352
vt 0.792527 0.839119
vt 0.866436 0.841136
vt 0.883130 0.839785
vt 0.749429 0.727015
vt 0.764924 0.732825
vt 0.754067 0.713555
vt 0.769586 0.719222
vt 0.814834 0.746839
vt 0.821501 0.747956
vt 0.808168 0.745723
vt 0.817465 0.731131
vt 0.824132 0.732247
vt 0.810798 0.730014
vt 0.866587 0.750223
vt 0.866611 0.735285
vt 0.883130 0.734984
vt 0.883130 0.749774
vt 0.788584 0.613388
vt 0.804280 0.617994
vt 0.793823 0.598182
vt 0.809547 0.602627
vt 0.835094 0.625861
vt 0.837724 0.610153
vt 0.844391 0.611269
vt 0.841761 0.626977
vt 0.828427 0.624745
vt 0.831058 0.609036
vt 0.866789 0.628282
vt 0.866815 0.612567
vt 0.883130 0.613484
vt 0.883130 0.629043
vt 0.866618 0.478540
vt 0.883072 0.481295
vt 0.853285 0.476307
vt 0.859952 0.477423
vt 0.837031 0.473585
vt 0.663972 0.641314
vt 0.663972 0.702375
vt 0.393042 0.702375
vt 0.393042 0.641314
vt 0.663972 0.768224
vt 0.663972 0.813604
vt 0.393042 0.813604
vt 0.393042 0.768224
vt 0.414852 0.430696
vt 0.414852 0.398193
vt 0.685782 0.398193
vt 0.685782 0.430696
vt 0.663972 0.627809
vt 0.663972 0.634562
vt 0.393042 0.634562
vt 0.393042 0.627809
vt 0.663972 0.844570
vt 0.393042 0.844570
vt 0.663972 0.503441
vt 0.663972 0.535416
vt 0.393042 0.535416
vt 0.393042 0.503441
vt 0.944013 0.021810
vt 0.960927 0.021810
vt 0.960927 0.292740
vt 0.944013 0.292740
vt 0.663972 0.567390
vt 0.393042 0.567390
vt 0.414852 0.316499
vt 0.685782 0.316499
vt 0.944013 0.314549
vt 0.960927 0.314549
vt 0.960927 0.585479
vt 0.944013 0.585479
vt 0.414852 0.030098
vt 0.414852 0.000000
vt 0.685782 0.000000
vt 0.685782 0.030098
vt 0.414852 0.204132
vt 0.414852 0.140750
vt 0.685782 0.140750
vt 0.685782 0.204132
vt 0.685782 0.035452
vt 0.700949 0.027684
vt 0.729715 0.111614
vt 0.714400 0.118502
vt 0.781602 0.001885
vt 0.788269 0.000769
vt 0.803206 0.089968
vt 0.796540 0.091085
vt 0.774935 0.003002
vt 0.789873 0.092201
vt 0.866259 0.000000
vt 0.883130 0.002404
vt 0.883130 0.090885
vt 0.866408 0.089368
vt 0.735327 0.127990
vt 0.719984 0.134706
vt 0.805861 0.105818
vt 0.799194 0.106935
vt 0.792527 0.108051
vt 0.883130 0.107385
vt 0.866436 0.106034
vt 0.764924 0.214345
vt 0.749429 0.220155
vt 0.769586 0.227948
vt 0.754067 0.233616
vt 0.821501 0.199214
vt 0.814834 0.200331
vt 0.808167 0.201447
vt 0.824131 0.214923
vt 0.817465 0.216039
vt 0.810798 0.217156
vt 0.866587 0.196947
vt 0.883130 0.197397
vt 0.883130 0.212186
vt 0.866611 0.211885
vt 0.804280 0.329176
vt 0.788583 0.333782
vt 0.809547 0.344543
vt 0.793823 0.348988
vt 0.835094 0.321309
vt 0.841760 0.320193
vt 0.844391 0.335901
vt 0.837724 0.337018
vt 0.828427 0.322426
vt 0.831057 0.338134
vt 0.866789 0.318888
vt 0.883130 0.318127
vt 0.883130 0.333686
vt 0.866815 0.334603
vt 0.883072 0.465875
vt 0.866618 0.468630
vt 0.859951 0.469747
vt 0.853285 0.470863
vt 0.837031 0.473585
vt 0.904940 0.207122
vt 0.904940 0.193053
vt 0.924476 0.193053
vt 0.924476 0.207122
vt 0.904940 0.103741
vt 0.904940 0.086804
vt 0.924476 0.086804
vt 0.924476 0.103741
vt 0.334103 0.946671
vt 0.334103 0.953424
vt 0.314566 0.953424
vt 0.314566 0.946671
vt 0.395316 0.030098
vt 0.393042 0.030098
vt 0.393042 0.000000
vt 0.395316 0.000000
vt 0.334103 0.939919
vt 0.314566 0.939919
vt 0.963549 0.585479
vt 0.963549 0.720047
vt 0.944013 0.720047
vt 0.944013 0.585479
vt 0.904940 0.457988
vt 0.904940 0.327710
vt 0.924476 0.327710
vt 0.924476 0.457988
vt 0.904940 0.311816
vt 0.924476 0.311816
vt 0.963549 0.959984
vt 0.963549 0.869549
vt 0.983085 0.959984
vt 0.334103 0.969886
vt 0.314566 0.969886
vt 0.960927 0.516923
vt 0.960927 0.422233
vt 0.980464 0.422233
vt 0.980464 0.516923
vt 0.314566 0.923253
vt 0.963549 0.720047
vt 0.963549 0.854615
vt 0.944013 0.854615
vt 0.944013 0.720047
vt 0.904940 0.915968
vt 0.904940 0.828533
vt 0.924476 0.828533
vt 0.924476 0.915968
vt 0.663972 0.718837
vt 0.414852 0.217623
vt 0.414852 0.107482
vt 0.414852 0.124116
vt 0.395316 0.074214
vt 0.414852 0.074214
vt 0.654025 0.951298
vt 0.654025 0.844569
vt 0.673561 0.844569
vt 0.673561 0.951298
vt 0.902666 0.844587
vt 0.902666 0.951315
vt 0.883130 0.951315
vt 0.883130 0.844587
vt 0.395316 0.210878
vt 0.395316 0.204132
vt 0.414852 0.210878
vt 0.395316 0.398193
vt 0.414852 0.351095
vt 0.642504 0.895163
vt 0.642504 0.983146
vt 0.622968 0.983146
vt 0.904940 0.603979
vt 0.904940 0.588605
vt 0.924476 0.588605
vt 0.924476 0.603979
vt 0.904940 0.723282
vt 0.904940 0.708668
vt 0.924476 0.708668
vt 0.924476 0.723282
vt 0.983085 0.585479
vt 0.983085 0.680169
vt 0.924476 0.000000
vt 0.980464 0.316888
vt 0.980464 0.422233
vt 0.960927 0.422233
vt 0.960927 0.316888
vt 0.904940 0.812228
vt 0.924476 0.812228
vt 0.683509 0.627809
vt 0.591911 0.895163
vt 0.591911 0.984667
vt 0.572374 0.984667
vt 0.572374 0.895163
vt 0.000000 0.989912
vt 0.000000 0.965246
vt 0.019536 0.989912
vt 0.683509 0.813604
vt 0.078146 0.965246
vt 0.078146 0.987442
vt 0.058609 0.987442
vt 0.058609 0.965246
vt 1.000000 0.316888
vt 1.000000 0.361300
vt 0.295030 0.982427
vt 0.275493 0.982427
vt 0.275493 0.923253
vt 0.683509 0.459887
vt 0.663972 0.459887
vt 0.963549 0.985034
vt 0.983085 0.985034
vt 1.000000 0.189572
vt 1.000000 0.231740
vt 0.980464 0.231740
vt 0.980464 0.189572
vt 0.216884 0.984922
vt 0.216884 0.923253
vt 0.236421 0.923253
vt 0.236421 0.984922
vt 0.663972 0.551403
vt 0.058609 0.965246
vt 0.058609 0.987624
vt 0.039073 0.987624
vt 0.039073 0.965246
vt 0.685782 0.992216
vt 0.685782 0.947170
vt 0.705318 0.947170
vt 0.705318 0.992216
vt 0.275493 0.983368
vt 0.255957 0.983368
vt 0.255957 0.923253
vt 0.663972 0.735299
vt 0.432115 0.976102
vt 0.432115 0.844569
vt 0.451652 0.844569
vt 0.451652 0.976102
vt 1.000000 0.231740
vt 1.000000 0.274300
vt 0.980464 0.274300
vt 0.980464 0.231740
vt 0.904940 0.978970
vt 0.904940 0.915968
vt 0.924476 0.915968
vt 0.924476 0.978970
vt 0.471188 0.985598
vt 0.451652 0.985598
vt 0.451652 0.895163
vt 0.412579 0.976445
vt 0.412579 0.844570
vt 0.432115 0.844570
vt 0.432115 0.976445
vt 0.960927 0.316888
vt 0.960927 0.211536
vt 0.980464 0.211536
vt 0.529797 0.985035
vt 0.529797 0.895163
vt 0.549333 0.895163
vt 0.549333 0.985035
vt 0.980464 0.175046
vt 1.000000 0.087697
vt 1.000000 0.175046
vt 0.224943 0.568729
vt 0.244479 0.574925
vt 0.234165 0.607409
vt 0.214628 0.602731
vt 0.224943 0.846185
vt 0.244479 0.839989
vt 0.264318 0.884503
vt 0.248100 0.891887
vt 0.197348 0.714216
vt 0.216884 0.714216
vt 0.223850 0.775021
vt 0.204314 0.778180
vt 0.197348 0.700697
vt 0.216885 0.700697
vt 0.216885 0.707457
vt 0.197348 0.707457
vt 0.209471 0.619732
vt 0.229007 0.623651
vt 0.223850 0.639892
vt 0.204314 0.636734
vt 0.209471 0.795181
vt 0.229007 0.791263
vt 0.234165 0.807505
vt 0.214628 0.812182
vt 0.248100 0.523027
vt 0.264318 0.530411
vt 0.683509 0.634562
vt 0.685782 0.634562
vt 0.393042 0.074214
vt 0.685782 0.627809
vt 0.393042 0.210878
vt 0.393042 0.204132
vt 0.685782 0.813604
vt 0.685782 0.844570
vt 0.683509 0.844570
vt 0.393042 0.398193
vt 0.685782 0.459887
vt 0.960927 0.002273
vt 0.944013 0.002273
vt 0.944013 0.000000
vt 0.944013 0.295013
vt 0.960927 0.295013
vt 0.960927 0.292740
vt 0.395316 0.430696
vt 0.266782 0.491661
vt 0.283594 0.500301
vt 0.393042 0.430696
vt 0.685782 0.351095
vt 0.683509 0.430697
vt 0.685782 0.430697
vt 0.283594 0.914613
vt 0.266783 0.923253
vt 0.663972 0.430697
vt 0.393043 0.459887
vt 0.393042 0.718837
vt 0.393042 0.551403
vt 0.393042 0.430697
vt 0.393042 0.735299
vt 0.685782 0.217623
vt 0.685782 0.107482
vt 0.685782 0.124116
vt 0.685782 0.074214
vt 0.685782 0.210878
s 0
usemtl gate
f 3611/7196/39 3610/7197/39 3625/7198/39 3624/7199/39 3623/7200/39 3622/7201/39 3621/7202/39 3620/7203/39 3619/7204/39 3618/7205/39 3617/7206/39 3616/7207/39 3615/7208/39 3614/7209/39 3613/7210/39 3612/7211/39
f 3627/7212/40 3628/7213/40 3629/7214/40 3630/7215/40 3631/7216/40 3632/7217/40 3633/7218/40 3634/7219/40 3635/7220/40 3636/7221/40 3637/7222/40 3638/7223/40 3639/7224/40 3640/7225/40 3641/7226/40 3626/7227/40
f 3619/7228/41 3620/7229/41 3636/7230/41 3635/7231/41
f 3612/7232/42 3613/7233/42 3629/7234/42 3628/7235/42
f 3620/7236/43 3621/7237/43 3637/7238/43 3636/7239/43
f 3613/7233/44 3614/7240/44 3630/7241/44 3629/7234/44
f 3621/7237/45 3622/7242/45 3638/7243/45 3637/7238/45
f 3614/7240/46 3615/7244/46 3631/7245/46 3630/7241/46
f 3622/7242/47 3623/7246/47 3639/7247/47 3638/7243/47
f 3615/7244/48 3616/7248/48 3632/7249/48 3631/7245/48
f 3623/7246/49 3624/7250/49 3640/7251/49 3639/7247/49
f 3616/7252/50 3617/7253/50 3633/7254/50 3632/7255/50
f 3624/7256/51 3625/7257/51 3641/7258/51 3640/7259/51
f 3617/7253/52 3618/7260/52 3634/7261/52 3633/7254/52
f 3610/7262/53 3611/7263/53 3627/7264/53 3626/7265/53
f 3625/7257/54 3610/7262/54 3626/7265/54 3641/7258/54
f 3618/7260/55 3619/7228/55 3635/7231/55 3634/7261/55
f 3611/7263/56 3612/7266/56 3628/7267/56 3627/7264/56
f 3643/7268/39 3642/7269/39 3657/7270/39 3656/7271/39 3655/7272/39 3654/7273/39 3653/7274/39 3652/7275/39 3651/7276/39 3650/7277/39 3649/7278/39 3648/7279/39 3647/7280/39 3646/7281/39 3645/7282/39 3644/7283/39
f 3659/7284/40 3660/7285/40 3661/7286/40 3662/7287/40 3663/7288/40 3664/7289/40 3665/7290/40 3666/7291/40 3667/7292/40 3668/7293/40 3669/7294/40 3670/7295/40 3671/7296/40 3672/7297/40 3673/7298/40 3658/7299/40
f 3651/7300/56 3652/7301/56 3668/7302/56 3667/7303/56
f 3644/7304/43 3645/7305/43 3661/7306/43 3660/7307/43
f 3652/7308/42 3653/7309/42 3669/7310/42 3668/7311/42
f 3645/7305/45 3646/7312/45 3662/7313/45 3661/7306/45
f 3653/7309/44 3654/7314/44 3670/7315/44 3669/7310/44
f 3646/7312/47 3647/7316/47 3663/7317/47 3662/7313/47
f 3654/7314/46 3655/7318/46 3671/7319/46 3670/7315/46
f 3647/7316/49 3648/7320/49 3664/7321/49 3663/7317/49
f 3655/7318/48 3656/7322/48 3672/7323/48 3671/7319/48
f 3648/7324/51 3649/7325/51 3665/7326/51 3664/7327/51
f 3656/7328/50 3657/7329/50 3673/7330/50 3672/7331/50
f 3649/7325/54 3650/7332/54 3666/7333/54 3665/7326/54
f 3642/7334/55 3643/7335/55 3659/7336/55 3658/7337/55
f 3657/7329/52 3642/7334/52 3658/7337/52 3673/7330/52
f 3650/7332/53 3651/7300/53 3667/7303/53 3666/7333/53
f 3643/7335/41 3644/7338/41 3660/7339/41 3659/7336/41
f 3750/7340/39 4041/7341/39 3850/7342/39 3849/7343/39
f 3692/7344/57 3691/7345/57 3832/7346/57 3833/7347/57
f 3698/7348/58 3680/7349/58 3820/7350/58 3819/7351/58
f 3689/7352/59 3701/7353/59 3844/7354/59 3843/7355/59
f 3694/7356/60 3684/7357/60 3830/7358/60 3831/7359/60
f 3693/7360/61 3695/7361/61 3842/7362/61 3841/7363/61
f 3684/7357/60 3681/7364/60 3825/7365/60 3830/7358/60
f 3697/7366/57 3692/7344/57 3833/7347/57 3839/7367/57
f 3690/7368/61 3693/7360/61 3841/7363/61 3836/7369/61
f 3696/7370/62 3679/7371/62 3829/7372/62 3828/7373/62
f 3683/7374/62 3696/7370/62 3828/7373/62 3822/7375/62
f 3688/7376/57 3697/7366/57 3839/7367/57 3840/7377/57
f 3693/7378/40 3703/7379/40 3702/7380/40 3695/7381/40
f 3685/7382/40 3704/7383/40 3705/7384/40 3700/7385/40
f 3701/7386/40 3706/7387/40 3704/7383/40 3685/7382/40
f 3697/7388/40 3708/7389/40 3707/7390/40 3692/7391/40
f 3703/7379/40 3710/7392/40 3709/7393/40 3702/7380/40
f 3704/7383/40 3711/7394/40 3712/7395/40 3705/7384/40
f 3706/7387/40 3713/7396/40 3711/7394/40 3704/7383/40
f 3708/7389/40 3715/7397/40 3714/7398/40 3707/7390/40
f 3715/7397/40 3708/7389/40 3705/7384/40 3712/7395/40
f 3713/7396/40 3706/7387/40 3702/7380/40 3709/7393/40
f 3710/7392/40 3717/7399/40 3716/7400/40 3709/7393/40
f 3717/7399/40 3719/7401/40 3718/7402/40 3716/7400/40
f 3711/7394/40 3720/7403/40 3721/7404/40 3712/7395/40
f 3713/7396/40 3722/7405/40 3720/7403/40 3711/7394/40
f 3720/7403/40 3723/7406/40 3724/7407/40 3721/7404/40
f 3722/7405/40 3725/7408/40 3723/7406/40 3720/7403/40
f 3728/7409/40 3727/7410/40 3726/7411/40 3729/7412/40
f 3715/7397/40 3728/7409/40 3729/7412/40 3714/7398/40
f 3721/7404/40 3724/7407/40 3727/7410/40 3728/7409/40
f 3716/7400/40 3718/7402/40 3725/7408/40 3722/7405/40
f 3719/7401/40 3731/7413/40 3730/7414/40 3718/7402/40
f 3731/7413/40 3733/7415/40 3732/7416/40 3730/7414/40
f 3738/7417/40 3734/7418/40 3735/7419/40 3739/7420/40
f 3737/7421/40 3736/7422/40 3734/7418/40 3738/7417/40
f 3725/7408/40 3737/7421/40 3738/7417/40 3723/7406/40
f 3723/7406/40 3738/7417/40 3739/7420/40 3724/7407/40
f 3742/7423/40 3741/7424/40 3740/7425/40 3743/7426/40
f 3727/7410/40 3742/7423/40 3743/7426/40 3726/7411/40
f 3739/7420/40 3735/7419/40 3741/7424/40 3742/7423/40
f 3730/7414/40 3732/7416/40 3736/7422/40 3737/7421/40
f 3741/7424/40 3747/7427/40 3744/7428/40 3740/7425/40
f 3736/7422/40 3746/7429/40 3748/7430/40 3734/7418/40
f 3733/7415/40 3745/7431/40 3746/7429/40 3732/7416/40
f 3734/7418/40 3748/7430/40 3747/7427/40 3735/7419/40
f 4040/7432/39 3756/7433/39 3763/7434/39 3760/7435/39
f 3754/7436/39 3751/7437/39 4042/7438/39 3761/7439/39
f 3769/7440/39 3752/7441/39 3758/7442/39 3770/7443/39
f 3768/7444/39 3749/7445/39 3757/7446/39 3771/7447/39
f 3764/7448/39 3753/7449/39 3759/7450/39 3765/7451/39
f 3766/7452/39 3755/7453/39 3762/7454/39 3767/7455/39
f 3750/7340/39 4040/7432/39 3760/7435/39 4041/7341/39
f 3755/7453/39 3754/7436/39 3761/7439/39 3762/7454/39
f 3756/7433/39 3764/7448/39 3765/7451/39 3763/7434/39
f 3752/7441/39 3766/7452/39 3767/7455/39 3758/7442/39
f 3753/7449/39 3768/7444/39 3771/7447/39 3759/7450/39
f 3749/7445/39 3769/7440/39 3770/7443/39 3757/7446/39
f 3763/7434/39 3765/7451/39 3772/7456/39 3773/7457/39
f 3757/7446/39 3770/7443/39 3775/7458/39 3774/7459/39
f 3771/7447/39 3757/7446/39 3774/7459/39 3776/7460/39
f 3767/7455/39 3762/7454/39 3777/7461/39 3778/7462/39
f 3773/7457/39 3772/7456/39 3779/7463/39 3780/7464/39
f 3774/7459/39 3775/7458/39 3782/7465/39 3781/7466/39
f 3776/7460/39 3774/7459/39 3781/7466/39 3783/7467/39
f 3778/7462/39 3777/7461/39 3784/7468/39 3785/7469/39
f 3785/7469/39 3782/7465/39 3775/7458/39 3778/7462/39
f 3783/7467/39 3779/7463/39 3772/7456/39 3776/7460/39
f 3780/7464/39 3779/7463/39 3786/7470/39 3787/7471/39
f 3787/7471/39 3786/7470/39 3788/7472/39 3789/7473/39
f 3781/7466/39 3782/7465/39 3791/7474/39 3790/7475/39
f 3783/7467/39 3781/7466/39 3790/7475/39 3792/7476/39
f 3790/7475/39 3791/7474/39 3794/7477/39 3793/7478/39
f 3792/7476/39 3790/7475/39 3793/7478/39 3795/7479/39
f 3798/7480/39 3799/7481/39 3796/7482/39 3797/7483/39
f 3785/7469/39 3784/7468/39 3799/7481/39 3798/7480/39
f 3791/7474/39 3798/7480/39 3797/7483/39 3794/7477/39
f 3786/7470/39 3792/7476/39 3795/7479/39 3788/7472/39
f 3789/7473/39 3788/7472/39 3800/7484/39 3801/7485/39
f 3801/7485/39 3800/7484/39 3802/7486/39 3803/7487/39
f 3808/7488/39 3809/7489/39 3805/7490/39 3804/7491/39
f 3807/7492/39 3808/7488/39 3804/7491/39 3806/7493/39
f 3795/7479/39 3793/7478/39 3808/7488/39 3807/7492/39
f 3793/7478/39 3794/7477/39 3809/7489/39 3808/7488/39
f 3812/7494/39 3813/7495/39 3810/7496/39 3811/7497/39
f 3797/7483/39 3796/7482/39 3813/7495/39 3812/7494/39
f 3809/7489/39 3812/7494/39 3811/7497/39 3805/7490/39
f 3800/7484/39 3807/7492/39 3806/7493/39 3802/7486/39
f 3811/7497/39 3810/7496/39 3814/7498/39 3817/7499/39
f 3806/7493/39 3804/7491/39 3818/7500/39 3816/7501/39
f 3803/7487/39 3802/7486/39 3816/7501/39 3815/7502/39
f 3804/7491/39 3805/7490/39 3817/7499/39 3818/7500/39
f 3719/7503/63 3717/7504/63 3787/7505/63 3789/7506/63
f 3710/7507/64 3703/7508/64 3773/7509/64 3780/7510/64
f 3748/7511/65 3746/7512/65 3816/7513/65 3818/7514/65
f 3678/7515/66 3827/7516/66 3853/7517/66 3846/7518/66
f 3747/7519/65 3748/7511/65 3818/7514/65 3817/7520/65
f 3735/7521/67 3747/7522/67 3817/7523/67 3805/7524/67
f 3745/7525/68 3733/7526/68 3803/7527/68 3815/7528/68
f 3731/7529/63 3719/7503/63 3789/7506/63 3801/7530/63
f 3700/7531/67 3705/7532/67 3775/7533/67 3770/7534/67
f 3746/7512/65 3745/7535/65 3815/7536/65 3816/7513/65
f 3748/7511/65 3745/7535/65 3815/7536/65 3818/7514/65
f 3712/7537/67 3721/7538/67 3791/7539/67 3782/7540/67
f 3744/7541/65 3748/7511/65 3818/7514/65 3814/7542/65
f 3746/7543/69 3736/7544/69 3806/7545/69 3816/7546/69
f 3692/7547/70 3707/7548/70 3777/7549/70 3762/7550/70
f 3751/7551/66 3678/7515/66 3846/7518/66 4043/7552/66
f 3694/7356/60 3680/7349/60 3753/7553/60 3764/7554/60
f 3689/7352/61 3695/7361/61 3765/7555/61 3759/7556/61
f 3680/7349/58 3698/7348/58 3768/7557/58 3753/7553/58
f 3717/7504/63 3710/7507/63 3780/7510/63 3787/7505/63
f 3696/7370/62 3683/7374/62 3755/7558/62 3766/7559/62
f 3683/7374/62 3682/7560/62 3754/7561/62 3755/7558/62
f 3724/7562/67 3739/7563/67 3809/7564/67 3794/7565/67
f 3737/7566/69 3725/7567/69 3795/7568/69 3807/7569/69
f 3676/7570/71 3699/7571/71 3769/7572/71 3749/7573/71
f 3677/7574/72 3681/7364/72 4040/7575/72 3750/7576/72
f 3708/7577/73 3697/7578/73 3767/7579/73 3778/7580/73
f 3682/7560/74 3678/7515/74 3751/7551/74 3754/7561/74
f 3743/7581/70 3740/7582/70 3810/7583/70 3813/7584/70
f 3729/7585/70 3726/7586/70 3796/7587/70 3799/7588/70
f 3722/7589/69 3713/7590/69 3783/7591/69 3792/7592/69
f 3703/7508/63 3693/7543/63 3763/7546/63 3773/7509/63
f 3679/7371/62 3696/7370/62 3766/7559/62 3752/7593/62
f 3742/7594/73 3727/7595/73 3797/7596/73 3812/7597/73
f 3698/7348/75 3676/7570/75 3749/7573/75 3768/7557/75
f 3681/7364/60 3684/7357/60 3756/7598/60 4040/7575/60
f 3699/7571/76 3679/7371/76 3752/7593/76 3769/7572/76
f 3684/7357/60 3694/7356/60 3764/7554/60 3756/7598/60
f 3726/7586/70 3743/7581/70 3813/7584/70 3796/7587/70
f 3707/7548/70 3714/7599/70 3784/7600/70 3777/7549/70
f 3688/7376/77 3700/7601/77 3770/7602/77 3758/7603/77
f 3691/7345/57 3692/7344/57 3762/7604/57 3761/7605/57
f 3714/7599/70 3729/7585/70 3799/7588/70 3784/7600/70
f 3728/7606/73 3715/7607/73 3785/7608/73 3798/7609/73
f 3739/7610/78 3742/7611/78 3812/7612/78 3809/7613/78
f 3744/7541/65 3747/7519/65 3817/7520/65 3814/7542/65
f 3690/7368/79 3686/7614/79 4041/7615/79 3760/7616/79
f 3741/7617/80 3735/7618/80 3805/7619/80 3811/7620/80
f 3721/7621/81 3728/7622/81 3798/7623/81 3791/7624/81
f 3715/7625/82 3712/7626/82 3782/7627/82 3785/7628/82
f 3701/7353/59 3689/7352/59 3759/7556/59 3771/7629/59
f 3687/7630/83 3691/7345/83 3761/7605/83 4042/7631/83
f 3730/7632/84 3737/7562/84 3807/7565/84 3800/7633/84
f 3727/7634/85 3724/7635/85 3794/7636/85 3797/7637/85
f 3705/7638/86 3708/7639/86 3778/7640/86 3775/7641/86
f 3697/7366/57 3688/7376/57 3758/7603/57 3767/7642/57
f 3736/7643/87 3732/7644/87 3802/7645/87 3806/7646/87
f 3716/7647/88 3722/7648/88 3792/7649/88 3786/7650/88
f 3713/7651/89 3709/7652/89 3779/7653/89 3783/7654/89
f 3693/7360/61 3690/7368/61 3760/7616/61 3763/7655/61
f 3732/7656/90 3746/7657/90 3816/7658/90 3802/7659/90
f 3725/7660/91 3718/7661/91 3788/7662/91 3795/7663/91
f 3702/7664/92 3706/7665/92 3776/7666/92 3772/7667/92
f 3706/7668/69 3701/7669/69 3771/7670/69 3776/7671/69
f 3747/7672/93 3741/7566/93 3811/7569/93 3817/7673/93
f 3718/7674/94 3730/7675/94 3800/7676/94 3788/7677/94
f 3709/7678/94 3716/7533/94 3786/7679/94 3779/7680/94
f 3695/7681/94 3702/7676/94 3772/7682/94 3765/7683/94
f 3740/7582/95 3744/7684/95 3814/7685/95 3810/7583/95
f 3733/7526/63 3731/7529/63 3801/7530/63 3803/7527/63
f 3825/7686/40 3836/7687/40 3841/7688/40 3830/7689/40
f 3821/7690/40 3832/7691/40 3838/7692/40 3827/7693/40
f 3823/7694/40 3834/7695/40 3840/7696/40 3829/7697/40
f 3819/7698/40 3844/7699/40 3835/7700/40 3824/7701/40
f 3831/7702/40 3842/7703/40 3843/7704/40 3820/7705/40
f 3828/7706/40 3839/7707/40 3833/7708/40 3822/7709/40
f 3826/7710/40 3837/7711/40 3836/7687/40 3825/7686/40
f 3822/7709/40 3833/7708/40 3832/7691/40 3821/7690/40
f 3830/7689/40 3841/7688/40 3842/7703/40 3831/7702/40
f 3829/7697/40 3840/7696/40 3839/7707/40 3828/7706/40
f 3820/7705/40 3843/7704/40 3844/7699/40 3819/7698/40
f 3824/7701/40 3835/7700/40 3834/7695/40 3823/7694/40
f 3701/7353/65 3685/7712/65 3835/7713/65 3844/7354/65
f 3682/7560/62 3683/7374/62 3822/7375/62 3821/7714/62
f 3685/7712/65 3700/7601/65 3834/7715/65 3835/7713/65
f 3680/7349/60 3694/7356/60 3831/7359/60 3820/7350/60
f 3699/7571/71 3676/7570/71 3824/7716/71 3823/7717/71
f 3686/7614/96 3837/7718/96 3854/7719/96 3847/7720/96
f 3676/7570/71 3698/7348/71 3819/7351/71 3824/7716/71
f 3686/7614/79 3690/7368/79 3836/7369/79 3837/7718/79
f 3695/7361/61 3689/7352/61 3843/7355/61 3842/7362/61
f 3681/7364/72 3677/7574/72 3826/7721/72 3825/7365/72
f 3679/7371/76 3699/7571/76 3823/7717/76 3829/7372/76
f 3691/7345/83 3687/7630/83 3838/7722/83 3832/7346/83
f 3678/7515/74 3682/7560/74 3821/7714/74 3827/7516/74
f 3700/7601/77 3688/7376/77 3840/7377/77 3834/7715/77
f 3845/7723/97 3847/7724/97 3854/7725/97 3852/7726/97
f 3846/7727/98 3848/7728/98 3851/7729/98 4043/7730/98
f 3847/7724/97 3845/7723/97 3849/7731/97 3850/7729/97
f 3848/7728/98 3846/7727/98 3853/7732/98 3855/7733/98
f 3677/7574/99 3750/7576/99 3849/7734/99 3845/7720/99
f 3837/7711/40 3826/7710/40 3852/7735/40 3854/7736/40
f 3826/7721/99 3677/7574/99 3845/7720/99 3852/7719/99
f 4042/7438/39 3751/7437/39 4043/7737/39 3851/7738/39
f 3838/7722/100 3687/7630/100 3848/7739/100 3855/7740/100
f 3827/7693/40 3838/7692/40 3855/7741/40 3853/7742/40
f 4041/7615/96 3686/7614/96 3847/7720/96 3850/7743/96
f 3687/7630/100 4042/7631/100 3851/7744/100 3848/7739/100
f 3947/7745/101 3933/7746/101 3753/7747/101 3764/7748/101
f 3872/7749/102 3871/7750/102 4015/7751/102 4016/7752/102
f 3878/7753/103 3860/7754/103 4003/7755/103 4002/7756/103
f 3869/7757/104 3881/7758/104 4027/7759/104 4026/7760/104
f 3874/7761/101 3864/7762/101 4013/7763/101 4014/7764/101
f 3873/7765/105 3875/7766/105 4025/7767/105 4024/7768/105
f 3864/7762/101 3861/7769/101 4008/7770/101 4013/7763/101
f 3877/7771/102 3872/7749/102 4016/7752/102 4022/7772/102
f 3870/7773/105 3873/7765/105 4024/7768/105 4019/7774/105
f 3876/7775/106 3859/7776/106 4012/7777/106 4011/7778/106
f 3863/7779/106 3876/7775/106 4011/7778/106 4005/7780/106
f 3868/7781/102 3877/7771/102 4022/7772/102 4023/7782/102
f 3873/7783/40 3883/7784/40 3882/7785/40 3875/7786/40
f 3865/7787/40 3884/7788/40 3885/7789/40 3880/7790/40
f 3881/7791/40 3886/7792/40 3884/7788/40 3865/7787/40
f 3877/7793/40 3888/7794/40 3887/7795/40 3872/7796/40
f 3883/7784/40 3890/7797/40 3889/7798/40 3882/7785/40
f 3884/7788/40 3891/7799/40 3892/7800/40 3885/7789/40
f 3886/7792/40 3893/7801/40 3891/7799/40 3884/7788/40
f 3888/7794/40 3895/7802/40 3894/7803/40 3887/7795/40
f 3895/7802/40 3888/7794/40 3885/7789/40 3892/7800/40
f 3893/7801/40 3886/7792/40 3882/7785/40 3889/7798/40
f 3890/7797/40 3897/7804/40 3896/7805/40 3889/7798/40
f 3897/7804/40 3899/7806/40 3898/7807/40 3896/7805/40
f 3891/7799/40 3900/7808/40 3901/7809/40 3892/7800/40
f 3893/7801/40 3902/7810/40 3900/7808/40 3891/7799/40
f 3900/7808/40 3903/7811/40 3904/7812/40 3901/7809/40
f 3902/7810/40 3905/7813/40 3903/7811/40 3900/7808/40
f 3908/7814/40 3907/7815/40 3906/7816/40 3909/7817/40
f 3895/7802/40 3908/7814/40 3909/7817/40 3894/7803/40
f 3901/7809/40 3904/7812/40 3907/7815/40 3908/7814/40
f 3896/7805/40 3898/7807/40 3905/7813/40 3902/7810/40
f 3899/7806/40 3911/7818/40 3910/7819/40 3898/7807/40
f 3911/7818/40 3913/7820/40 3912/7821/40 3910/7819/40
f 3918/7822/40 3914/7823/40 3915/7824/40 3919/7825/40
f 3917/7826/40 3916/7827/40 3914/7823/40 3918/7822/40
f 3905/7813/40 3917/7826/40 3918/7822/40 3903/7811/40
f 3903/7811/40 3918/7822/40 3919/7825/40 3904/7812/40
f 3922/7828/40 3921/7829/40 3920/7830/40 3923/7831/40
f 3907/7815/40 3922/7828/40 3923/7831/40 3906/7816/40
f 3919/7825/40 3915/7824/40 3921/7829/40 3922/7828/40
f 3910/7819/40 3912/7821/40 3916/7827/40 3917/7826/40
f 3921/7829/40 3927/7832/40 3924/7833/40 3920/7830/40
f 3916/7827/40 3926/7834/40 3928/7835/40 3914/7823/40
f 3913/7820/40 3925/7836/40 3926/7834/40 3912/7821/40
f 3914/7823/40 3928/7835/40 3927/7832/40 3915/7824/40
f 3954/7837/104 3942/7838/104 3759/7839/104 3771/7840/104
f 3943/7841/107 3939/7842/107 4041/7843/107 3760/7844/107
f 4032/7845/108 3930/7846/108 3750/7847/108 3849/7848/108
f 3953/7849/71 3938/7850/71 3757/7851/71 3770/7852/71
f 3939/7842/109 4034/7853/109 3850/7854/109 4041/7843/109
f 3944/7855/102 3945/7856/102 3762/7857/102 3761/7858/102
f 4034/7859/110 4032/7860/110 3849/7861/110 3850/7862/110
f 3941/7863/111 3953/7849/111 3770/7852/111 3758/7864/111
f 3937/7865/101 3947/7745/101 3764/7748/101 3756/7866/101
f 4033/7867/112 4035/7868/112 3851/7869/112 4043/7870/112
f 3931/7871/113 4033/7872/113 4043/7873/113 3751/7874/113
f 3952/7875/114 3932/7876/114 3752/7877/114 3769/7878/114
f 3946/7879/39 3948/7880/39 3955/7881/39 3956/7882/39
f 3938/7883/39 3953/7884/39 3958/7885/39 3957/7886/39
f 3954/7887/39 3938/7883/39 3957/7886/39 3959/7888/39
f 3950/7889/39 3945/7890/39 3960/7891/39 3961/7892/39
f 3956/7882/39 3955/7881/39 3962/7893/39 3963/7894/39
f 3957/7886/39 3958/7885/39 3965/7895/39 3964/7896/39
f 3959/7888/39 3957/7886/39 3964/7896/39 3966/7897/39
f 3961/7892/39 3960/7891/39 3967/7898/39 3968/7899/39
f 3968/7899/39 3965/7895/39 3958/7885/39 3961/7892/39
f 3966/7897/39 3962/7893/39 3955/7881/39 3959/7888/39
f 3963/7894/39 3962/7893/39 3969/7900/39 3970/7901/39
f 3970/7901/39 3969/7900/39 3971/7902/39 3972/7903/39
f 3964/7896/39 3965/7895/39 3974/7904/39 3973/7905/39
f 3966/7897/39 3964/7896/39 3973/7905/39 3975/7906/39
f 3973/7905/39 3974/7904/39 3977/7907/39 3976/7908/39
f 3975/7906/39 3973/7905/39 3976/7908/39 3978/7909/39
f 3981/7910/39 3982/7911/39 3979/7912/39 3980/7913/39
f 3968/7899/39 3967/7898/39 3982/7911/39 3981/7910/39
f 3974/7904/39 3981/7910/39 3980/7913/39 3977/7907/39
f 3969/7900/39 3975/7906/39 3978/7909/39 3971/7902/39
f 3972/7903/39 3971/7902/39 3983/7914/39 3984/7915/39
f 3984/7915/39 3983/7914/39 3985/7916/39 3986/7917/39
f 3991/7918/39 3992/7919/39 3988/7920/39 3987/7921/39
f 3990/7922/39 3991/7918/39 3987/7921/39 3989/7923/39
f 3978/7909/39 3976/7908/39 3991/7918/39 3990/7922/39
f 3976/7908/39 3977/7907/39 3992/7919/39 3991/7918/39
f 3995/7924/39 3996/7925/39 3993/7926/39 3994/7927/39
f 3980/7913/39 3979/7912/39 3996/7925/39 3995/7924/39
f 3992/7919/39 3995/7924/39 3994/7927/39 3988/7920/39
f 3983/7914/39 3990/7922/39 3989/7923/39 3985/7916/39
f 3994/7927/39 3993/7926/39 3997/7928/39 4000/7929/39
f 3989/7923/39 3987/7921/39 4001/7930/39 3999/7931/39
f 3986/7917/39 3985/7916/39 3999/7931/39 3998/7932/39
f 3987/7921/39 3988/7920/39 4000/7929/39 4001/7930/39
f 3899/7933/115 3897/7934/115 3970/7935/115 3972/7936/115
f 3890/7937/116 3883/7938/116 3956/7939/116 3963/7940/116
f 3928/7941/71 3926/7942/71 3999/7943/71 4001/7944/71
f 3858/7945/113 4010/7946/113 4037/7947/113 4029/7948/113
f 3927/7949/71 3928/7941/71 4001/7944/71 4000/7950/71
f 3915/7951/69 3927/7952/69 4000/7953/69 3988/7954/69
f 3925/7955/117 3913/7956/117 3986/7957/117 3998/7958/117
f 3911/7959/115 3899/7933/115 3972/7936/115 3984/7960/115
f 3880/7961/69 3885/7962/69 3958/7540/69 3953/7963/69
f 3926/7942/71 3925/7964/71 3998/7965/71 3999/7943/71
f 3928/7941/71 3925/7964/71 3998/7965/71 4001/7944/71
f 3892/7966/69 3901/7967/69 3974/7968/69 3965/7969/69
f 3924/7542/71 3928/7941/71 4001/7944/71 3997/7970/71
f 3926/7971/67 3916/7972/67 3989/7973/67 3999/7974/67
f 3872/7975/118 3887/7976/118 3960/7977/118 3945/7978/118
f 3931/7871/113 3858/7945/113 4029/7948/113 4033/7872/113
f 3874/7761/101 3860/7754/101 3933/7746/101 3947/7745/101
f 3869/7757/105 3875/7766/105 3948/7979/105 3942/7838/105
f 3860/7754/103 3878/7753/103 3951/7980/103 3933/7746/103
f 3897/7934/115 3890/7937/115 3963/7940/115 3970/7935/115
f 3876/7775/106 3863/7779/106 3936/7981/106 3949/7982/106
f 3863/7779/106 3862/7983/106 3935/7984/106 3936/7981/106
f 3904/7985/69 3919/7986/69 3992/7987/69 3977/7988/69
f 3917/7989/67 3905/7990/67 3978/7991/67 3990/7992/67
f 3856/7993/65 3879/7994/65 3952/7875/65 3929/7995/65
f 3857/7996/119 3861/7769/119 3934/7997/119 3930/7846/119
f 3888/7998/120 3877/7999/120 3950/8000/120 3961/7577/120
f 3862/7983/121 3858/7945/121 3931/7871/121 3935/7984/121
f 3923/8001/118 3920/8002/118 3993/8003/118 3996/8004/118
f 3909/8005/118 3906/8006/118 3979/8007/118 3982/8008/118
f 3902/8009/67 3893/8010/67 3966/7592/67 3975/7951/67
f 3883/7938/115 3873/7552/115 3946/8011/115 3956/7939/115
f 3859/7776/106 3876/7775/106 3949/7982/106 3932/7876/106
f 3922/8012/120 3907/8013/120 3980/8014/120 3995/8015/120
f 3878/7753/122 3856/7993/122 3929/7995/122 3951/7980/122
f 3861/7769/101 3864/7762/101 3937/7865/101 3934/7997/101
f 3879/7994/114 3859/7776/114 3932/7876/114 3952/7875/114
f 3864/7762/101 3874/7761/101 3947/7745/101 3937/7865/101
f 3906/8006/118 3923/8001/118 3996/8004/118 3979/8007/118
f 3887/7976/118 3894/8016/118 3967/8017/118 3960/7977/118
f 3868/7781/111 3880/8018/111 3953/7849/111 3941/7863/111
f 3871/7750/102 3872/7749/102 3945/7856/102 3944/7855/102
f 3894/8016/118 3909/8005/118 3982/8008/118 3967/8017/118
f 3908/8019/120 3895/8020/120 3968/8021/120 3981/8022/120
f 3919/8023/123 3922/8024/123 3995/7646/123 3992/8025/123
f 3924/7542/71 3927/7949/71 4000/7950/71 3997/7970/71
f 3870/7773/107 3866/8026/107 3939/7842/107 3943/7841/107
f 3921/8027/124 3915/8028/124 3988/8029/124 3994/8030/124
f 3901/7637/125 3908/7662/125 3981/8031/125 3974/8032/125
f 3895/7628/126 3892/8033/126 3965/8034/126 3968/8035/126
f 3881/7758/104 3869/7757/104 3942/7838/104 3954/7837/104
f 3867/8036/127 3871/7750/127 3944/7855/127 3940/8037/127
f 3910/8038/128 3917/7961/128 3990/7963/128 3983/8039/128
f 3907/8040/129 3904/8041/129 3977/8042/129 3980/8043/129
f 3885/8044/130 3888/8045/130 3961/8046/130 3958/8047/130
f 3877/7771/102 3868/7781/102 3941/7863/102 3950/8048/102
f 3916/8049/131 3912/8050/131 3985/8051/131 3989/8052/131
f 3896/8053/132 3902/8054/132 3975/8055/132 3969/8056/132
f 3893/8035/133 3889/8057/133 3962/8058/133 3966/8059/133
f 3873/7765/105 3870/7773/105 3943/7841/105 3946/8060/105
f 3912/8061/134 3926/8062/134 3999/8063/134 3985/8064/134
f 3905/8065/135 3898/8066/135 3971/8067/135 3978/8068/135
f 3882/8069/136 3886/8070/136 3959/8071/136 3955/8072/136
f 3886/7671/67 3881/8073/67 3954/8074/67 3959/8075/67
f 3927/8076/137 3921/8077/137 3994/8078/137 4000/8079/137
f 3898/8080/138 3910/8081/138 3983/8082/138 3971/7662/138
f 3889/8083/138 3896/8084/138 3969/8085/138 3962/8086/138
f 3875/8087/138 3882/7681/138 3955/8088/138 3948/8089/138
f 3920/8002/139 3924/7955/139 3997/7958/139 3993/8003/139
f 3913/7956/115 3911/7959/115 3984/7960/115 3986/7957/115
f 4008/8090/40 4019/8091/40 4024/8092/40 4013/8093/40
f 4004/8094/40 4015/8095/40 4021/8096/40 4010/8097/40
f 4006/8098/40 4017/8099/40 4023/8100/40 4012/8101/40
f 4002/8102/40 4027/8103/40 4018/8104/40 4007/8105/40
f 4014/8106/40 4025/8107/40 4026/8108/40 4003/8109/40
f 4011/8110/40 4022/8111/40 4016/8112/40 4005/8113/40
f 4009/8114/40 4020/8115/40 4019/8091/40 4008/8090/40
f 4005/8113/40 4016/8112/40 4015/8095/40 4004/8094/40
f 4013/8093/40 4024/8092/40 4025/8107/40 4014/8106/40
f 4012/8101/40 4023/8100/40 4022/8111/40 4011/8110/40
f 4003/8109/40 4026/8108/40 4027/8103/40 4002/8102/40
f 4007/8105/40 4018/8104/40 4017/8099/40 4006/8098/40
f 3881/7758/71 3865/8116/71 4018/8117/71 4027/7759/71
f 3862/7983/106 3863/7779/106 4005/7780/106 4004/8118/106
f 3865/8116/71 3880/8018/71 4017/8119/71 4018/8117/71
f 3860/7754/101 3874/7761/101 4014/7764/101 4003/7755/101
f 3879/7994/65 3856/7993/65 4007/8120/65 4006/8121/65
f 3866/8026/109 4020/8122/109 4038/8123/109 4030/8124/109
f 3856/7993/65 3878/7753/65 4002/7756/65 4007/8120/65
f 3866/8026/107 3870/7773/107 4019/7774/107 4020/8122/107
f 3875/7766/105 3869/7757/105 4026/7760/105 4025/7767/105
f 3861/7769/119 3857/7996/119 4009/8125/119 4008/7770/119
f 3859/7776/114 3879/7994/114 4006/8121/114 4012/7777/114
f 3871/7750/127 3867/8036/127 4021/8126/127 4015/7751/127
f 3858/7945/121 3862/7983/121 4004/8118/121 4010/7946/121
f 3880/8018/140 3868/7781/140 4023/7782/140 4017/8119/140
f 4028/8127/110 4030/8128/110 4038/8129/110 4036/7675/110
f 4029/8130/112 4031/8131/112 4035/7868/112 4033/7867/112
f 4030/8128/110 4028/8127/110 4032/7860/110 4034/7859/110
f 4031/8131/112 4029/8130/112 4037/7862/112 4039/8132/112
f 3857/7996/108 3930/7846/108 4032/7845/108 4028/8133/108
f 4020/8115/40 4009/8114/40 4036/8134/40 4038/8135/40
f 4009/8125/108 3857/7996/108 4028/8133/108 4036/8136/108
f 3934/7997/101 3937/7865/101 3756/7866/101 4040/8137/101
f 4021/8126/141 3867/8036/141 4031/8138/141 4039/8139/141
f 4010/8097/40 4021/8096/40 4039/8140/40 4037/8141/40
f 3939/7842/109 3866/8026/109 4030/8124/109 4034/7853/109
f 3867/8036/141 3940/8037/141 4035/8142/141 4031/8138/141
f 3940/8037/127 3944/7855/127 3761/7858/127 4042/8143/127
f 3938/7850/71 3954/7837/71 3771/7840/71 3757/7851/71
f 3942/7838/105 3948/7979/105 3765/8144/105 3759/7839/105
f 3950/8048/102 3941/7863/102 3758/7864/102 3767/8145/102
f 4035/8142/141 3940/8037/141 4042/8143/141 3851/8146/141
f 3946/8060/105 3943/7841/105 3760/7844/105 3763/8147/105
f 3933/7746/103 3951/7980/103 3768/8148/103 3753/7747/103
f 3949/7982/106 3936/7981/106 3755/8149/106 3766/8150/106
f 3948/7979/105 3946/8060/105 3763/8147/105 3765/8144/105
f 3936/7981/106 3935/7984/106 3754/8151/106 3755/8149/106
f 3945/7856/102 3950/8048/102 3767/8145/102 3762/7857/102
f 3929/7995/65 3952/7875/65 3769/7878/65 3749/8152/65
f 3930/7846/119 3934/7997/119 4040/8137/119 3750/7847/119
f 3935/7984/121 3931/7871/121 3751/7874/121 3754/8151/121
f 3932/7876/106 3949/7982/106 3766/8150/106 3752/7877/106
f 3951/7980/122 3929/7995/122 3749/8152/122 3768/8148/122
o gate-2
v -3.534315 14.322561 1.386904
v -3.534315 14.260234 1.449217
v -3.534315 14.178804 1.482936
v -3.534315 14.090671 1.482926
v -3.534315 14.009249 1.449190
v -3.534315 13.946935 1.386863
v -3.534315 13.913217 1.305434
v -3.534315 13.913226 1.217299
v -3.534315 13.946962 1.135877
v -3.534315 14.009290 1.073564
v -3.534315 14.090719 1.039845
v -3.534315 14.178853 1.039855
v -3.534315 14.260275 1.073591
v -3.534315 14.322589 1.135919
v -3.534315 14.356307 1.217348
v -3.534315 14.356297 1.305482
v -3.745228 14.322561 1.386904
v -3.745228 14.260234 1.449217
v -3.745228 14.178804 1.482936
v -3.745228 14.090671 1.482926
v -3.745228 14.009249 1.449190
v -3.745228 13.946935 1.386863
v -3.745228 13.913217 1.305434
v -3.745228 13.913226 1.217299
v -3.745228 13.946962 1.135877
v -3.745228 14.009290 1.073564
v -3.745228 14.090719 1.039845
v -3.745228 14.178853 1.039855
v -3.745228 14.260275 1.073591
v -3.745228 14.322589 1.135919
v -3.745228 14.356307 1.217348
v -3.745228 14.356297 1.305482
v -6.289046 14.322561 1.386904
v -6.289046 14.260234 1.449217
v -6.289046 14.178804 1.482936
v -6.289046 14.090671 1.482926
v -6.289046 14.009249 1.449190
v -6.289046 13.946935 1.386863
v -6.289046 13.913217 1.305434
v -6.289046 13.913226 1.217299
v -6.289046 13.946962 1.135878
v -6.289046 14.009290 1.073564
v -6.289046 14.090719 1.039845
v -6.289046 14.178853 1.039855
v -6.289046 14.260275 1.073591
v -6.289046 14.322589 1.135919
v -6.289046 14.356307 1.217348
v -6.289046 14.356297 1.305482
v -6.078133 14.322561 1.386904
v -6.078133 14.260234 1.449217
v -6.078133 14.178804 1.482936
v -6.078133 14.090671 1.482926
v -6.078133 14.009249 1.449190
v -6.078133 13.946935 1.386863
v -6.078133 13.913217 1.305434
v -6.078133 13.913226 1.217299
v -6.078133 13.946962 1.135878
v -6.078133 14.009290 1.073564
v -6.078133 14.090719 1.039845
v -6.078133 14.178853 1.039855
v -6.078133 14.260275 1.073591
v -6.078133 14.322589 1.135919
v -6.078133 14.356307 1.217348
v -6.078133 14.356297 1.305482
v -3.745228 14.134762 1.261391
v -4.911681 14.134762 1.261391
v -3.554225 16.581610 -2.399673
v -3.554225 17.677515 -1.132644
v -3.554225 14.991754 -2.927636
v -3.554225 16.032763 -2.693116
v -3.554225 17.062664 -2.004794
v -3.554225 17.457438 -1.523653
v -3.554225 15.437213 -2.873844
v -3.554225 15.734988 -2.783480
v -3.554225 17.260050 -1.764223
v -3.554225 16.486542 -2.257425
v -3.554225 17.544825 -1.050488
v -3.554225 14.966596 -2.773613
v -3.554225 15.960693 -2.535496
v -3.554225 16.944593 -1.877917
v -3.554225 17.317251 -1.411558
v -3.554225 15.387259 -2.701443
v -3.554225 15.673976 -2.618469
v -3.554225 17.130922 -1.644737
v -3.554225 17.161356 -1.884508
v -3.554225 17.037758 -1.761328
v -3.554225 15.883875 -2.738298
v -3.554225 15.817334 -2.576983
v -3.554225 16.630829 -2.366779
v -3.554225 16.532393 -2.432568
v -3.554225 16.437323 -2.290320
v -3.554225 16.535759 -2.224531
v -3.554225 16.506178 -1.194613
v -3.554225 16.603687 -1.084524
v -3.554225 16.046423 -1.598898
v -3.554225 15.997205 -1.631792
v -3.554225 16.095640 -1.566004
v -3.554225 15.355719 -1.911948
v -3.554225 15.494700 -1.863912
v -3.554225 16.402458 -1.084038
v -3.554225 16.500814 -0.975218
v -3.554225 15.968220 -1.481887
v -3.554225 15.919002 -1.514781
v -3.554225 16.017437 -1.448992
v -3.554225 15.296370 -1.780195
v -3.554225 15.434536 -1.730939
v -3.554225 15.855520 -0.500952
v -3.554225 15.958347 -0.398820
v -3.554225 15.769365 -0.409103
v -3.554225 15.872897 -0.308024
v -3.554225 15.507395 -0.792377
v -3.554225 15.458178 -0.825271
v -3.554225 15.556613 -0.759483
v -3.554225 15.429888 -0.676407
v -3.554225 15.380671 -0.709301
v -3.554225 15.479106 -0.643512
v -3.554225 14.919415 -0.943366
v -3.554225 15.052396 -0.886353
v -3.554225 15.106323 -1.005541
v -3.554225 14.972610 -1.061457
v -3.554225 15.128227 0.274410
v -3.554225 15.236998 0.367649
v -3.554225 15.030895 0.378175
v -3.554225 15.140463 0.470222
v -3.554225 14.832972 0.216731
v -3.554225 14.783753 0.183837
v -3.554225 14.882190 0.249625
v -3.554225 14.959696 0.133657
v -3.554225 14.910478 0.100762
v -3.554225 14.861259 0.067868
v -3.554225 14.482391 0.026809
v -3.554225 14.609365 0.092813
v -3.554225 14.666096 -0.032572
v -3.554225 14.538354 -0.097425
v -3.554225 14.007381 1.082541
v -3.554225 14.347288 1.309713
v -3.554225 14.227292 1.229516
v -3.554225 14.128857 1.163728
v -3.554225 14.178075 1.196622
v -3.725318 16.581610 -2.399673
v -3.725318 17.677515 -1.132644
v -3.725318 14.991754 -2.927636
v -3.725318 16.032763 -2.693116
v -3.725318 17.062664 -2.004794
v -3.725318 15.437213 -2.873844
v -3.725318 15.734988 -2.783480
v -3.725318 17.260050 -1.764223
v -3.725318 16.486542 -2.257425
v -3.725318 15.960693 -2.535496
v -3.725318 16.944593 -1.877917
v -3.725318 17.317251 -1.411558
v -3.725318 15.387259 -2.701443
v -3.725318 15.673976 -2.618469
v -3.725318 17.130922 -1.644737
v -3.725318 17.161356 -1.884508
v -3.725318 17.037758 -1.761328
v -3.725318 15.883875 -2.738298
v -3.725318 15.817334 -2.576983
v -3.725318 16.630829 -2.366779
v -3.725318 16.532393 -2.432568
v -3.725318 16.437323 -2.290320
v -3.725318 16.535759 -2.224531
v -3.725318 16.506178 -1.194613
v -3.725318 16.603687 -1.084524
v -3.725318 16.046423 -1.598898
v -3.725318 15.997205 -1.631792
v -3.725318 16.095640 -1.566004
v -3.725318 15.355719 -1.911948
v -3.725318 15.494700 -1.863912
v -3.725318 16.402458 -1.084038
v -3.725318 16.500814 -0.975218
v -3.725318 15.968220 -1.481887
v -3.725318 15.919002 -1.514781
v -3.725318 16.017437 -1.448992
v -3.725318 15.296370 -1.780195
v -3.725318 15.434536 -1.730939
v -3.725318 15.855520 -0.500952
v -3.725318 15.958347 -0.398820
v -3.725318 15.769365 -0.409103
v -3.725318 15.872897 -0.308024
v -3.725318 15.507395 -0.792377
v -3.725318 15.458178 -0.825271
v -3.725318 15.556613 -0.759483
v -3.725318 15.429888 -0.676407
v -3.725318 15.380671 -0.709301
v -3.725318 15.479106 -0.643512
v -3.725318 14.919415 -0.943366
v -3.725318 15.052396 -0.886353
v -3.725318 15.106323 -1.005541
v -3.725318 14.972610 -1.061457
v -3.725318 15.128227 0.274410
v -3.725318 15.236998 0.367649
v -3.725318 15.030895 0.378175
v -3.725318 15.140463 0.470222
v -3.725318 14.832972 0.216731
v -3.725318 14.783753 0.183837
v -3.725318 14.882190 0.249625
v -3.725318 14.959696 0.133657
v -3.725318 14.910478 0.100762
v -3.725318 14.861259 0.067868
v -3.725318 14.482391 0.026809
v -3.725318 14.609365 0.092813
v -3.725318 14.666096 -0.032572
v -3.725318 14.538354 -0.097425
v -3.725318 14.007381 1.082541
v -3.725318 14.347288 1.309713
v -3.725318 14.227292 1.229516
v -3.725318 14.128857 1.163728
v -3.725318 14.178075 1.196622
v -3.534315 16.630829 -2.366779
v -3.534315 17.062664 -2.004794
v -3.534315 15.437213 -2.873844
v -3.534315 15.734988 -2.783480
v -3.534315 16.532393 -2.432568
v -3.534315 16.581610 -2.399673
v -3.534315 17.457438 -1.523653
v -3.534315 17.677515 -1.132644
v -3.534315 14.991754 -2.927636
v -3.534315 15.883875 -2.738298
v -3.534315 16.032763 -2.693116
v -3.534315 17.260050 -1.764223
v -3.534315 17.161356 -1.884508
v -3.534315 15.387259 -2.701443
v -3.534315 15.673976 -2.618469
v -3.534315 16.437323 -2.290320
v -3.534315 16.486542 -2.257425
v -3.534315 17.317251 -1.411558
v -3.534315 17.544825 -1.050488
v -3.534315 14.966596 -2.773613
v -3.534315 15.817334 -2.576983
v -3.534315 15.960693 -2.535496
v -3.534315 17.130922 -1.644737
v -3.534315 17.037758 -1.761328
v -3.534315 16.944593 -1.877917
v -3.534315 16.535759 -2.224531
v -3.554225 17.814980 -0.843975
v -3.554225 14.672456 -2.944239
v -3.554225 17.670259 -0.763608
v -3.554225 14.653554 -2.779784
v -3.725318 17.814980 -0.843975
v -3.725318 17.670259 -0.763608
v -3.725318 14.653554 -2.779784
v -3.534315 17.814980 -0.843975
v -3.534315 14.672456 -2.944239
v -3.534315 17.670259 -0.763608
v -3.534315 14.653554 -2.779784
v -6.269137 16.581610 -2.399673
v -6.269137 17.677515 -1.132644
v -6.269137 14.991754 -2.927636
v -6.269137 16.032763 -2.693116
v -6.269137 17.062664 -2.004794
v -6.269137 17.457438 -1.523653
v -6.269137 15.437213 -2.873844
v -6.269137 15.734988 -2.783480
v -6.269137 17.260050 -1.764223
v -6.269137 16.486542 -2.257425
v -6.269137 17.544825 -1.050488
v -6.269137 14.966596 -2.773613
v -6.269137 15.960693 -2.535496
v -6.269137 16.944593 -1.877917
v -6.269137 17.317251 -1.411558
v -6.269137 15.387259 -2.701443
v -6.269137 15.673976 -2.618469
v -6.269137 17.130922 -1.644737
v -6.269137 17.161356 -1.884508
v -6.269137 17.037758 -1.761328
v -6.269137 15.883875 -2.738298
v -6.269137 15.817334 -2.576983
v -6.269137 16.630829 -2.366779
v -6.269137 16.532393 -2.432568
v -6.269137 16.437323 -2.290320
v -6.269137 16.535759 -2.224531
v -6.269137 16.506178 -1.194613
v -6.269137 16.603687 -1.084524
v -6.269137 16.046423 -1.598898
v -6.269137 15.997205 -1.631792
v -6.269137 16.095640 -1.566004
v -6.269137 15.355719 -1.911948
v -6.269137 15.494700 -1.863912
v -6.269137 16.402458 -1.084038
v -6.269137 16.500814 -0.975218
v -6.269137 15.968220 -1.481887
v -6.269137 15.919002 -1.514781
v -6.269137 16.017437 -1.448992
v -6.269137 15.296370 -1.780195
v -6.269137 15.434536 -1.730939
v -6.269137 15.855520 -0.500952
v -6.269137 15.958347 -0.398820
v -6.269137 15.769365 -0.409103
v -6.269137 15.872897 -0.308024
v -6.269137 15.507395 -0.792377
v -6.269137 15.458178 -0.825271
v -6.269137 15.556613 -0.759483
v -6.269137 15.429888 -0.676407
v -6.269137 15.380671 -0.709301
v -6.269137 15.479106 -0.643512
v -6.269137 14.919415 -0.943366
v -6.269137 15.052396 -0.886353
v -6.269137 15.106323 -1.005541
v -6.269137 14.972610 -1.061457
v -6.269136 15.128227 0.274410
v -6.269136 15.236998 0.367649
v -6.269136 15.030895 0.378175
v -6.269136 15.140463 0.470222
v -6.269136 14.832972 0.216731
v -6.269136 14.783753 0.183837
v -6.269136 14.882190 0.249625
v -6.269136 14.959696 0.133657
v -6.269136 14.910478 0.100762
v -6.269136 14.861259 0.067868
v -6.269136 14.482391 0.026810
v -6.269136 14.609365 0.092813
v -6.269136 14.666096 -0.032572
v -6.269136 14.538354 -0.097424
v -6.269136 14.007381 1.082542
v -6.269136 14.347288 1.309713
v -6.269136 14.227292 1.229516
v -6.269136 14.128857 1.163728
v -6.269136 14.178075 1.196622
v -6.098043 16.581610 -2.399673
v -6.098043 17.677515 -1.132644
v -6.098043 14.991754 -2.927636
v -6.098043 16.032763 -2.693116
v -6.098043 17.062664 -2.004794
v -6.098043 17.457438 -1.523653
v -6.098043 15.437213 -2.873844
v -6.098043 15.734988 -2.783480
v -6.098043 17.260050 -1.764223
v -6.098043 16.486542 -2.257425
v -6.098043 17.544825 -1.050488
v -6.098043 14.966596 -2.773613
v -6.098043 15.960693 -2.535496
v -6.098043 16.944593 -1.877917
v -6.098043 17.317251 -1.411558
v -6.098043 15.387259 -2.701443
v -6.098043 15.673976 -2.618469
v -6.098043 17.130922 -1.644737
v -6.098043 17.161356 -1.884508
v -6.098043 17.037758 -1.761328
v -6.098043 15.883875 -2.738298
v -6.098043 15.817334 -2.576983
v -6.098043 16.630829 -2.366779
v -6.098043 16.532393 -2.432568
v -6.098043 16.437323 -2.290320
v -6.098043 16.535759 -2.224531
v -6.098043 16.506178 -1.194613
v -6.098043 16.603687 -1.084524
v -6.098043 16.046423 -1.598898
v -6.098043 15.997205 -1.631792
v -6.098043 16.095640 -1.566004
v -6.098043 15.355719 -1.911948
v -6.098043 15.494700 -1.863912
v -6.098043 16.402458 -1.084038
v -6.098043 16.500814 -0.975218
v -6.098043 15.968220 -1.481887
v -6.098043 15.919002 -1.514781
v -6.098043 16.017437 -1.448992
v -6.098043 15.296370 -1.780195
v -6.098043 15.434536 -1.730939
v -6.098043 15.855520 -0.500952
v -6.098043 15.958347 -0.398820
v -6.098043 15.769365 -0.409103
v -6.098043 15.872897 -0.308024
v -6.098043 15.507395 -0.792377
v -6.098043 15.458178 -0.825271
v -6.098043 15.556613 -0.759483
v -6.098043 15.429888 -0.676407
v -6.098043 15.380671 -0.709301
v -6.098043 15.479106 -0.643512
v -6.098043 14.919415 -0.943366
v -6.098043 15.052396 -0.886353
v -6.098043 15.106323 -1.005541
v -6.098043 14.972610 -1.061457
v -6.098042 15.128227 0.274410
v -6.098042 15.236998 0.367649
v -6.098042 15.030895 0.378175
v -6.098042 15.140463 0.470222
v -6.098042 14.832972 0.216731
v -6.098042 14.783753 0.183837
v -6.098042 14.882190 0.249625
v -6.098042 14.959696 0.133657
v -6.098042 14.910478 0.100762
v -6.098042 14.861259 0.067868
v -6.098042 14.482391 0.026810
v -6.098042 14.609365 0.092813
v -6.098042 14.666096 -0.032572
v -6.098042 14.538354 -0.097424
v -6.098042 14.007381 1.082542
v -6.098042 14.347288 1.309713
v -6.098042 14.227292 1.229516
v -6.098042 14.128857 1.163728
v -6.098042 14.178075 1.196622
v -6.289047 16.630829 -2.366779
v -6.289047 17.062664 -2.004794
v -6.289047 15.437213 -2.873844
v -6.289047 15.734988 -2.783480
v -6.289047 16.532393 -2.432568
v -6.289047 16.581610 -2.399673
v -6.289047 17.457438 -1.523653
v -6.289047 17.677515 -1.132644
v -6.289047 14.991754 -2.927636
v -6.289047 15.883875 -2.738298
v -6.289047 16.032763 -2.693116
v -6.289047 17.260050 -1.764223
v -6.289047 17.161356 -1.884508
v -6.289047 15.387259 -2.701443
v -6.289047 15.673976 -2.618469
v -6.289047 16.437323 -2.290320
v -6.289047 16.486542 -2.257425
v -6.289047 17.317251 -1.411558
v -6.289047 17.544825 -1.050488
v -6.289047 14.966596 -2.773613
v -6.289047 15.817334 -2.576983
v -6.289047 15.960693 -2.535496
v -6.289047 17.130922 -1.644737
v -6.289047 17.037758 -1.761328
v -6.289047 16.944593 -1.877917
v -6.289047 16.535759 -2.224531
v -6.269137 17.814980 -0.843975
v -6.269137 14.672456 -2.944239
v -6.269137 17.670259 -0.763608
v -6.269137 14.653554 -2.779784
v -6.098043 17.814980 -0.843975
v -6.098043 14.672456 -2.944239
v -6.098043 17.670259 -0.763608
v -6.098043 14.653554 -2.779784
v -6.289047 17.814980 -0.843975
v -6.289047 14.672456 -2.944239
v -6.289047 17.670259 -0.763608
v -6.289047 14.653554 -2.779784
v -3.725318 17.457438 -1.523653
v -3.725318 17.544825 -1.050488
v -3.725318 14.966596 -2.773613
v -3.725318 14.672456 -2.944239
vn -1.0000 -0.0000 -0.0000
vn 1.0000 -0.0000 -0.0000
vn -0.0000 0.3826 0.9239
vn -0.0000 0.0001 -1.0000
vn -0.0000 -0.0001 1.0000
vn -0.0000 0.3828 -0.9238
vn -0.0000 -0.3828 0.9238
vn -0.0000 0.7072 -0.7070
vn -0.0000 -0.7072 0.7070
vn -0.0000 0.9239 -0.3826
vn -0.0000 -0.9239 0.3826
vn -0.0000 1.0000 0.0001
vn -0.0000 -1.0000 -0.0001
vn -0.0000 0.9238 0.3828
vn -0.0000 -0.7070 -0.7072
vn -0.0000 -0.9238 -0.3828
vn -0.0000 0.7070 0.7072
vn -0.0000 -0.3826 -0.9239
vn -0.0000 -0.2780 0.9606
vn -0.0000 0.6424 -0.7664
vn -0.0000 -0.6467 0.7628
vn -0.0000 0.7731 -0.6343
vn -0.0000 -0.7812 0.6243
vn -0.0000 0.2904 -0.9569
vn -0.0000 0.7282 0.6853
vn -0.0000 -0.5557 0.8314
vn -0.0000 0.0519 -0.9987
vn -0.0000 -0.8314 -0.5557
vn -0.0000 0.7269 0.6868
vn -0.0000 0.8314 0.5557
vn -0.0000 -0.9118 -0.4107
vn -0.0000 0.5557 -0.8314
vn -0.0000 0.8714 -0.4905
vn -0.0000 0.9111 0.4122
vn -0.0000 0.1199 -0.9928
vn -0.0000 0.5556 -0.8314
vn -0.0000 0.4624 -0.8867
vn -0.0000 -0.4574 0.8892
vn -0.0000 0.4576 -0.8892
vn -0.0000 -0.8460 0.5332
vn -0.0000 -0.4627 0.8865
vn -0.0000 0.4560 -0.8900
vn -0.0000 -0.4075 0.9132
vn -0.0000 -0.1691 0.9856
vn -0.0000 0.6410 -0.7675
vn -0.0000 -0.4747 0.8801
vn -0.0000 0.4193 -0.9078
vn -0.0000 -0.6540 0.7565
vn -0.0000 0.6542 -0.7563
vn -0.0000 -0.6879 0.7258
vn -0.0000 -0.7272 -0.6864
vn -0.0000 -0.6283 0.7780
vn -0.0000 0.6709 -0.7416
vn -0.0000 0.9124 0.4094
vn -0.0000 -0.7294 -0.6841
vn -0.0000 -0.9119 -0.4103
vn -0.0000 -0.9162 0.4006
vn -0.0000 0.4855 0.8742
vn -0.0000 -0.9935 -0.1142
vn -0.0000 0.9029 -0.4299
vn -0.0000 -0.0197 0.9998
vn -0.0000 -0.7731 0.6343
vn -0.0000 0.2780 -0.9606
vn -0.0000 -0.6424 0.7664
vn -0.0000 0.6467 -0.7628
vn -0.0000 0.7812 -0.6243
vn -0.0000 -0.2904 0.9569
vn -0.0000 0.8460 -0.5332
vn -0.0000 -0.9029 0.4299
vn -0.0000 0.9162 -0.4006
vn -0.0000 -0.4855 -0.8742
vn -0.0000 0.4574 -0.8892
vn -0.0000 0.9935 0.1142
vn -0.0000 -0.0519 0.9987
vn -0.0000 -0.4624 0.8867
vn -0.0000 -0.7282 -0.6853
vn -0.0000 -0.7282 -0.6854
vn -0.0000 -0.7269 -0.6868
vn -0.0000 0.9118 0.4107
vn -0.0000 -0.8714 0.4905
vn -0.0000 -0.9111 -0.4122
vn -0.0000 -0.1199 0.9928
vn -0.0000 -0.5556 0.8314
vn -0.0000 -0.4576 0.8892
vn -0.0000 0.4627 -0.8865
vn -0.0000 -0.4560 0.8900
vn -0.0000 0.4075 -0.9132
vn -0.0000 0.1691 -0.9856
vn -0.0000 -0.6410 0.7675
vn -0.0000 0.4747 -0.8801
vn -0.0000 -0.4193 0.9078
vn -0.0000 0.6540 -0.7565
vn -0.0000 -0.6542 0.7563
vn -0.0000 0.6879 -0.7258
vn -0.0000 0.7272 0.6864
vn -0.0000 0.6283 -0.7780
vn -0.0000 -0.6709 0.7416
vn -0.0000 -0.9124 -0.4094
vn -0.0000 0.7294 0.6841
vn -0.0000 0.9119 0.4103
vn -0.0000 0.0197 -0.9998
vt 0.481980 0.844569
vt 0.491278 0.848421
vt 0.498394 0.855537
vt 0.502245 0.864834
vt 0.502245 0.874898
vt 0.498394 0.884195
vt 0.491278 0.891311
vt 0.481980 0.895163
vt 0.471916 0.895163
vt 0.462619 0.891311
vt 0.455503 0.884195
vt 0.451652 0.874898
vt 0.451652 0.864834
vt 0.455503 0.855537
vt 0.462619 0.848421
vt 0.471916 0.844569
vt 0.513212 0.891312
vt 0.506096 0.884196
vt 0.502245 0.874898
vt 0.502245 0.864834
vt 0.506096 0.855537
vt 0.513212 0.848421
vt 0.522510 0.844569
vt 0.532573 0.844569
vt 0.541871 0.848421
vt 0.548987 0.855537
vt 0.552838 0.864834
vt 0.552838 0.874898
vt 0.548987 0.884196
vt 0.541871 0.891312
vt 0.532573 0.895163
vt 0.522510 0.895163
vt 0.773021 0.975343
vt 0.773021 0.983643
vt 0.748938 0.983643
vt 0.748938 0.975343
vt 0.845271 0.983607
vt 0.845271 0.975506
vt 0.869354 0.975506
vt 0.869354 0.983607
vt 0.678108 0.951298
vt 0.678108 0.959288
vt 0.654024 0.959288
vt 0.654024 0.951298
vt 0.845271 0.965737
vt 0.869354 0.965737
vt 0.678108 0.969011
vt 0.654024 0.969011
vt 0.845271 0.955786
vt 0.869354 0.955786
vt 0.678108 0.978987
vt 0.654024 0.978987
vt 0.845271 0.947170
vt 0.869354 0.947170
vt 0.678108 0.987698
vt 0.654024 0.987698
vt 0.773021 0.947170
vt 0.773021 0.955604
vt 0.748938 0.955604
vt 0.748938 0.947170
vt 0.773021 0.983643
vt 0.773021 0.975344
vt 0.797104 0.975344
vt 0.797104 0.983643
vt 0.773021 0.965497
vt 0.748938 0.965497
vt 0.773021 0.965498
vt 0.773021 0.955604
vt 0.797104 0.955604
vt 0.797104 0.965498
vt 0.773021 0.947170
vt 0.797104 0.947170
vt 0.607282 0.855537
vt 0.614398 0.848421
vt 0.623696 0.844570
vt 0.633760 0.844570
vt 0.643057 0.848421
vt 0.650173 0.855537
vt 0.654024 0.864834
vt 0.654024 0.874898
vt 0.650173 0.884196
vt 0.643057 0.891312
vt 0.633760 0.895163
vt 0.623696 0.895163
vt 0.614398 0.891312
vt 0.607282 0.884196
vt 0.603431 0.874898
vt 0.603431 0.864834
vt 0.592464 0.891311
vt 0.583166 0.895163
vt 0.573103 0.895163
vt 0.563805 0.891311
vt 0.556689 0.884195
vt 0.552838 0.874898
vt 0.552838 0.864834
vt 0.556689 0.855537
vt 0.563805 0.848421
vt 0.573103 0.844569
vt 0.583166 0.844569
vt 0.592464 0.848421
vt 0.599580 0.855537
vt 0.603431 0.864834
vt 0.603431 0.874898
vt 0.599580 0.884195
vt 0.821188 0.975209
vt 0.821188 0.983643
vt 0.797104 0.983643
vt 0.797104 0.975209
vt 0.389377 0.947801
vt 0.389377 0.955791
vt 0.365294 0.955791
vt 0.365294 0.947801
vt 0.845271 0.947170
vt 0.845271 0.955271
vt 0.821188 0.955271
vt 0.821188 0.947170
vt 0.389377 0.965515
vt 0.365294 0.965515
vt 0.845271 0.965041
vt 0.821188 0.965041
vt 0.389377 0.975491
vt 0.365294 0.975491
vt 0.845271 0.974991
vt 0.821188 0.974991
vt 0.389377 0.984201
vt 0.365294 0.984201
vt 0.845271 0.983607
vt 0.821188 0.983607
vt 0.821188 0.947170
vt 0.821188 0.955470
vt 0.797104 0.955470
vt 0.797104 0.947170
vt 0.724855 0.983643
vt 0.724855 0.975209
vt 0.748938 0.975209
vt 0.748938 0.983643
vt 0.821188 0.965316
vt 0.797104 0.965316
vt 0.724855 0.965316
vt 0.724855 0.955470
vt 0.748938 0.955470
vt 0.748938 0.965316
vt 0.724855 0.947170
vt 0.748938 0.947170
vt 0.356760 0.489453
vt 0.356735 0.471632
vt 0.392119 0.466517
vt 0.393042 0.485396
vt 0.885404 0.740884
vt 0.885404 0.772636
vt 0.883130 0.772636
vt 0.883130 0.740884
vt 0.885404 0.219123
vt 0.885404 0.283339
vt 0.883130 0.283339
vt 0.883130 0.219123
vt 0.885404 0.574283
vt 0.885404 0.635410
vt 0.883130 0.635410
vt 0.883130 0.574283
vt 0.885404 0.300560
vt 0.885404 0.317781
vt 0.883130 0.317781
vt 0.883130 0.300560
vt 0.885404 0.541203
vt 0.885404 0.557743
vt 0.883130 0.557743
vt 0.883130 0.541203
vt 0.885404 0.352222
vt 0.883130 0.352222
vt 0.885404 0.725008
vt 0.883130 0.725008
vt 0.885404 0.508122
vt 0.883130 0.508122
vt 0.885404 0.125297
vt 0.885404 0.142043
vt 0.883130 0.142043
vt 0.883130 0.125297
vt 0.885404 0.108552
vt 0.883130 0.108552
vt 0.885404 0.709131
vt 0.883130 0.709131
vt 0.000000 0.929793
vt 0.028618 0.846744
vt 0.043933 0.853632
vt 0.015167 0.937563
vt 0.095820 0.963361
vt 0.110758 0.874161
vt 0.117424 0.875278
vt 0.102487 0.964477
vt 0.089153 0.962244
vt 0.104091 0.873045
vt 0.180477 0.965246
vt 0.180626 0.875878
vt 0.197348 0.874361
vt 0.197348 0.962842
vt 0.034202 0.830540
vt 0.049545 0.837256
vt 0.113412 0.858312
vt 0.120079 0.859428
vt 0.106745 0.857195
vt 0.180653 0.859212
vt 0.197348 0.857861
vt 0.063647 0.745091
vt 0.079142 0.750901
vt 0.068285 0.731630
vt 0.083804 0.737298
vt 0.129052 0.764915
vt 0.135719 0.766032
vt 0.122386 0.763799
vt 0.131683 0.749207
vt 0.138350 0.750323
vt 0.125016 0.748090
vt 0.180805 0.768299
vt 0.180829 0.753361
vt 0.197348 0.753060
vt 0.197348 0.767850
vt 0.102801 0.631464
vt 0.118498 0.636070
vt 0.108041 0.616258
vt 0.123765 0.620703
vt 0.149312 0.643937
vt 0.151942 0.628229
vt 0.158609 0.629345
vt 0.155978 0.645053
vt 0.142645 0.642821
vt 0.145275 0.627112
vt 0.181007 0.646358
vt 0.181033 0.630643
vt 0.197348 0.631560
vt 0.197348 0.647119
vt 0.180836 0.496616
vt 0.197290 0.499371
vt 0.167503 0.494383
vt 0.174170 0.495499
vt 0.151249 0.491661
vt 0.305574 0.491661
vt 0.270348 0.487008
vt 0.274158 0.467284
vt 0.308002 0.471310
vt 0.052900 0.377041
vt 0.020846 0.337072
vt 0.034271 0.325353
vt 0.066613 0.361809
vt 0.161682 0.456689
vt 0.106309 0.423921
vt 0.117256 0.407435
vt 0.169752 0.438897
vt 0.173993 0.462274
vt 0.167837 0.459481
vt 0.175908 0.441690
vt 0.182064 0.444482
vt 0.252734 0.484681
vt 0.235121 0.482354
vt 0.240315 0.463258
vt 0.257237 0.465271
vt 0.092957 0.412201
vt 0.079605 0.400481
vt 0.091935 0.384622
vt 0.104595 0.396028
vt 0.280183 0.379567
vt 0.296736 0.382393
vt 0.207115 0.356534
vt 0.213271 0.359326
vt 0.219426 0.362119
vt 0.141294 0.311188
vt 0.154326 0.321775
vt 0.284661 0.362844
vt 0.301142 0.365829
vt 0.213753 0.341899
vt 0.219909 0.344691
vt 0.226065 0.347484
vt 0.150499 0.297493
vt 0.163600 0.307928
vt 0.308270 0.274664
vt 0.324372 0.278486
vt 0.311989 0.260774
vt 0.328031 0.264727
vt 0.252874 0.255661
vt 0.259030 0.258453
vt 0.265186 0.261245
vt 0.259454 0.241156
vt 0.265610 0.243948
vt 0.271765 0.246741
vt 0.214191 0.232391
vt 0.200711 0.222789
vt 0.208962 0.210515
vt 0.222503 0.219980
vt 0.339665 0.157406
vt 0.355262 0.162340
vt 0.343867 0.141714
vt 0.359396 0.146797
vt 0.309703 0.146746
vt 0.303548 0.143954
vt 0.310127 0.129449
vt 0.316283 0.132242
vt 0.315859 0.149539
vt 0.322439 0.135034
vt 0.282048 0.131074
vt 0.268061 0.122590
vt 0.276740 0.109677
vt 0.290792 0.118017
vt 0.350529 0.000000
vt 0.365723 0.006892
vt 0.371878 0.009685
vt 0.378034 0.012477
vt 0.393042 0.019285
vt 0.944013 0.249854
vt 0.944013 0.263866
vt 0.924476 0.263866
vt 0.924476 0.249854
vt 0.944013 0.352819
vt 0.944013 0.369688
vt 0.924476 0.369688
vt 0.924476 0.352819
vt 0.353639 0.946647
vt 0.353639 0.953393
vt 0.334103 0.953393
vt 0.334103 0.946647
vt 0.885404 0.030472
vt 0.883130 0.030472
vt 0.883130 0.000000
vt 0.885404 0.000000
vt 0.353639 0.939902
vt 0.334103 0.939902
vt 0.924476 0.725280
vt 0.924476 0.590712
vt 0.944013 0.590712
vt 0.944013 0.725280
vt 0.944012 0.000000
vt 0.944013 0.129749
vt 0.924476 0.129749
vt 0.924476 0.000000
vt 0.944013 0.145579
vt 0.924476 0.145579
vt 0.490724 0.985598
vt 0.490724 0.895163
vt 0.510260 0.895163
vt 0.510260 0.985598
vt 0.353639 0.969839
vt 0.334103 0.969839
vt 0.963549 0.869549
vt 0.963549 0.774859
vt 0.983085 0.774859
vt 0.983085 0.869549
vt 0.353639 0.923253
vt 0.334103 0.923253
vt 0.944013 0.456144
vt 0.944012 0.590712
vt 0.924476 0.590712
vt 0.924476 0.456144
vt 0.389377 0.491661
vt 0.389377 0.578745
vt 0.369840 0.578745
vt 0.369840 0.491661
vt 0.904940 0.030472
vt 0.904940 0.000000
vt 0.904940 0.283339
vt 0.904940 0.300560
vt 0.904940 0.557743
vt 0.904940 0.574283
vt 0.904940 0.219123
vt 0.904940 0.108552
vt 0.904940 0.125297
vt 0.885404 0.075060
vt 0.904940 0.075060
vt 0.944013 0.961343
vt 0.944013 0.854615
vt 0.963549 0.854615
vt 0.963549 0.961343
vt 0.944013 0.857692
vt 0.944013 0.964420
vt 0.924476 0.964420
vt 0.924476 0.857692
vt 0.885404 0.212371
vt 0.885404 0.205618
vt 0.904940 0.205618
vt 0.904940 0.212371
vt 0.885404 0.398942
vt 0.904940 0.352222
vt 0.904940 0.398942
vt 0.622968 0.895163
vt 0.622967 0.983497
vt 0.603431 0.983497
vt 0.603431 0.895163
vt 0.389377 0.802398
vt 0.389377 0.817710
vt 0.369840 0.817710
vt 0.369840 0.802398
vt 0.389377 0.683574
vt 0.389377 0.698129
vt 0.369840 0.698129
vt 0.369840 0.683574
vt 0.983085 0.680169
vt 0.983085 0.774859
vt 0.963549 0.774859
vt 0.963549 0.680169
vt 0.904940 0.142043
vt 0.980463 0.105771
vt 0.980463 0.211536
vt 0.960927 0.211536
vt 0.960927 0.105771
vt 0.904940 0.317781
vt 0.389377 0.594984
vt 0.369840 0.594984
vt 0.885404 0.648901
vt 0.904940 0.648901
vt 0.904940 0.709131
vt 0.904940 0.740884
vt 0.904940 0.772636
vt 0.572374 0.895163
vt 0.572374 0.985024
vt 0.552838 0.985024
vt 0.552838 0.895163
vt 0.924476 0.989163
vt 0.924476 0.964420
vt 0.944013 0.964420
vt 0.944013 0.989163
vt 0.885404 0.462423
vt 0.904940 0.462423
vt 0.904940 0.508122
vt 0.097682 0.965246
vt 0.097682 0.987375
vt 0.078146 0.987375
vt 0.078146 0.965246
vt 0.883130 0.995868
vt 0.883130 0.951315
vt 0.902666 0.951315
vt 0.902666 0.995868
vt 0.314566 0.923253
vt 0.314566 0.982179
vt 0.295030 0.982179
vt 0.295030 0.923253
vt 0.904940 0.635410
vt 0.885404 0.815781
vt 0.904940 0.815781
vt 0.944013 0.986370
vt 0.963549 0.986370
vt 1.000000 0.361300
vt 1.000000 0.403351
vt 0.980464 0.403351
vt 0.980464 0.361300
vt 0.197348 0.985166
vt 0.197348 0.923253
vt 0.216884 0.923253
vt 0.216884 0.985166
vt 0.904940 0.725008
vt 0.039073 0.965246
vt 0.039073 0.987652
vt 0.019536 0.987652
vt 0.019536 0.965246
vt 0.705318 0.992159
vt 0.705318 0.947170
vt 0.724855 0.947170
vt 0.724855 0.992159
vt 0.255957 0.923253
vt 0.255957 0.983495
vt 0.236421 0.983495
vt 0.236421 0.923253
vt 0.904940 0.541203
vt 0.393042 0.976637
vt 0.393042 0.844569
vt 0.412579 0.844569
vt 0.412579 0.976637
vt 1.000000 0.274300
vt 1.000000 0.316888
vt 0.980464 0.316888
vt 0.980464 0.274300
vt 0.960926 0.585479
vt 0.960926 0.522583
vt 0.980463 0.522583
vt 0.980463 0.585479
vt 0.490724 0.895163
vt 0.490724 0.985598
vt 0.471188 0.985598
vt 0.471188 0.895163
vt 0.944013 0.725280
vt 0.924476 0.725280
vt 0.960927 0.105771
vt 0.960927 0.000000
vt 0.980464 0.000000
vt 0.980464 0.105771
vt 0.510260 0.985393
vt 0.529797 0.895163
vt 0.529797 0.985393
vt 0.980464 0.087697
vt 1.000000 0.000000
vt 1.000000 0.087697
vt 0.389377 0.947801
vt 0.369840 0.947801
vt 0.311189 0.568729
vt 0.330725 0.574925
vt 0.320411 0.607409
vt 0.300874 0.602731
vt 0.311189 0.846185
vt 0.330725 0.839989
vt 0.350564 0.884503
vt 0.334346 0.891887
vt 0.283594 0.714216
vt 0.303130 0.714216
vt 0.310096 0.775021
vt 0.290560 0.778180
vt 0.283594 0.700697
vt 0.303131 0.700697
vt 0.303131 0.707457
vt 0.283594 0.707457
vt 0.295717 0.619732
vt 0.315253 0.623651
vt 0.310096 0.639892
vt 0.290560 0.636734
vt 0.295717 0.795181
vt 0.315253 0.791263
vt 0.320411 0.807505
vt 0.300874 0.812182
vt 0.334346 0.523027
vt 0.350564 0.530411
vt 0.885404 0.642156
vt 0.883130 0.642156
vt 0.883130 0.075060
vt 0.883130 0.648901
vt 0.883130 0.212371
vt 0.883130 0.205618
vt 0.883130 0.462423
vt 0.883130 0.431134
vt 0.885404 0.431134
vt 0.883130 0.398942
vt 0.883130 0.815781
vt 0.097682 0.984782
vt 0.114389 0.984782
vt 0.114389 0.987056
vt 0.097682 0.987056
vt 0.131095 0.984783
vt 0.114389 0.984783
vt 0.114389 0.965246
vt 0.131095 0.965246
vt 0.097682 0.965246
vt 0.131095 0.987056
vt 0.114389 0.987056
vt 0.904940 0.431134
vt 0.353028 0.491661
vt 0.369840 0.500301
vt 0.000000 0.307100
vt 0.014813 0.295360
vt 0.885404 0.844587
vt 0.883130 0.844587
vt 0.369840 0.914613
vt 0.353029 0.923253
vt 0.904940 0.431134
vt 0.904940 0.844587
vt 0.414852 0.299201
vt 0.414852 0.281902
vt 0.685782 0.281902
vt 0.685782 0.299201
vt 0.683509 0.535416
vt 0.683509 0.503441
vt 0.685782 0.503441
vt 0.685782 0.535416
vt 0.395316 0.217623
vt 0.395316 0.281902
vt 0.393042 0.281902
vt 0.393042 0.217623
vt 0.683509 0.702375
vt 0.683509 0.641314
vt 0.685782 0.641314
vt 0.685782 0.702375
vt 0.395316 0.299201
vt 0.395316 0.316499
vt 0.393042 0.316499
vt 0.393042 0.299201
vt 0.683509 0.735299
vt 0.683509 0.718837
vt 0.685782 0.718837
vt 0.685782 0.735299
vt 0.395316 0.351095
vt 0.393042 0.351095
vt 0.683509 0.551403
vt 0.685782 0.551403
vt 0.683509 0.768224
vt 0.685782 0.768224
vt 0.395316 0.124116
vt 0.395316 0.140750
vt 0.393042 0.140750
vt 0.393042 0.124116
vt 0.395316 0.107482
vt 0.393042 0.107482
vt 0.683509 0.567390
vt 0.685782 0.567390
vt 0.685782 0.911718
vt 0.714400 0.828668
vt 0.729715 0.835556
vt 0.700949 0.919487
vt 0.781602 0.945285
vt 0.796540 0.856085
vt 0.803206 0.857202
vt 0.788269 0.946401
vt 0.774935 0.944168
vt 0.789873 0.854969
vt 0.866259 0.947170
vt 0.866408 0.857802
vt 0.883130 0.856285
vt 0.883130 0.944766
vt 0.719984 0.812464
vt 0.735327 0.819180
vt 0.799194 0.840236
vt 0.805861 0.841352
vt 0.792527 0.839119
vt 0.866436 0.841136
vt 0.883130 0.839785
vt 0.749429 0.727015
vt 0.764924 0.732825
vt 0.754067 0.713555
vt 0.769586 0.719222
vt 0.814834 0.746839
vt 0.821501 0.747956
vt 0.808168 0.745723
vt 0.817465 0.731131
vt 0.824132 0.732247
vt 0.810798 0.730014
vt 0.866587 0.750223
vt 0.866611 0.735285
vt 0.883130 0.734984
vt 0.883130 0.749774
vt 0.788584 0.613388
vt 0.804280 0.617994
vt 0.793823 0.598182
vt 0.809547 0.602627
vt 0.835094 0.625861
vt 0.837724 0.610153
vt 0.844391 0.611269
vt 0.841761 0.626977
vt 0.828427 0.624745
vt 0.831058 0.609036
vt 0.866789 0.628282
vt 0.866815 0.612567
vt 0.883130 0.613484
vt 0.883130 0.629043
vt 0.866618 0.478540
vt 0.883072 0.481295
vt 0.853285 0.476307
vt 0.859952 0.477423
vt 0.837031 0.473585
vt 0.663972 0.641314
vt 0.663972 0.702375
vt 0.393042 0.702375
vt 0.393042 0.641314
vt 0.663972 0.768224
vt 0.663972 0.813604
vt 0.393042 0.813604
vt 0.393042 0.768224
vt 0.414852 0.430696
vt 0.414852 0.398193
vt 0.685782 0.398193
vt 0.685782 0.430696
vt 0.663972 0.627809
vt 0.663972 0.634562
vt 0.393042 0.634562
vt 0.393042 0.627809
vt 0.663972 0.844570
vt 0.393042 0.844570
vt 0.663972 0.503441
vt 0.663972 0.535416
vt 0.393042 0.535416
vt 0.393042 0.503441
vt 0.944013 0.021810
vt 0.960927 0.021810
vt 0.960927 0.292740
vt 0.944013 0.292740
vt 0.663972 0.567390
vt 0.393042 0.567390
vt 0.414852 0.316499
vt 0.685782 0.316499
vt 0.944013 0.314549
vt 0.960927 0.314549
vt 0.960927 0.585479
vt 0.944013 0.585479
vt 0.414852 0.030098
vt 0.414852 0.000000
vt 0.685782 0.000000
vt 0.685782 0.030098
vt 0.414852 0.204132
vt 0.414852 0.140750
vt 0.685782 0.140750
vt 0.685782 0.204132
vt 0.685782 0.035452
vt 0.700949 0.027684
vt 0.729715 0.111614
vt 0.714400 0.118502
vt 0.781602 0.001885
vt 0.788269 0.000769
vt 0.803206 0.089968
vt 0.796540 0.091085
vt 0.774935 0.003002
vt 0.789873 0.092201
vt 0.866259 0.000000
vt 0.883130 0.002404
vt 0.883130 0.090885
vt 0.866408 0.089368
vt 0.735327 0.127990
vt 0.719984 0.134706
vt 0.805861 0.105818
vt 0.799194 0.106935
vt 0.792527 0.108051
vt 0.883130 0.107385
vt 0.866436 0.106034
vt 0.764924 0.214345
vt 0.749429 0.220155
vt 0.769586 0.227948
vt 0.754067 0.233616
vt 0.821501 0.199214
vt 0.814834 0.200331
vt 0.808167 0.201447
vt 0.824131 0.214923
vt 0.817465 0.216039
vt 0.810798 0.217156
vt 0.866587 0.196947
vt 0.883130 0.197397
vt 0.883130 0.212186
vt 0.866611 0.211885
vt 0.804280 0.329176
vt 0.788583 0.333782
vt 0.809547 0.344543
vt 0.793823 0.348988
vt 0.835094 0.321309
vt 0.841760 0.320193
vt 0.844391 0.335901
vt 0.837724 0.337018
vt 0.828427 0.322426
vt 0.831057 0.338134
vt 0.866789 0.318888
vt 0.883130 0.318127
vt 0.883130 0.333686
vt 0.866815 0.334603
vt 0.883072 0.465875
vt 0.866618 0.468630
vt 0.859951 0.469747
vt 0.853285 0.470863
vt 0.837031 0.473585
vt 0.904940 0.207122
vt 0.904940 0.193053
vt 0.924476 0.193053
vt 0.924476 0.207122
vt 0.904940 0.103741
vt 0.904940 0.086804
vt 0.924476 0.086804
vt 0.924476 0.103741
vt 0.334103 0.946671
vt 0.334103 0.953424
vt 0.314566 0.953424
vt 0.314566 0.946671
vt 0.395316 0.030098
vt 0.393042 0.030098
vt 0.393042 0.000000
vt 0.395316 0.000000
vt 0.334103 0.939919
vt 0.314566 0.939919
vt 0.963549 0.585479
vt 0.963549 0.720047
vt 0.944013 0.720047
vt 0.944013 0.585479
vt 0.904940 0.457988
vt 0.904940 0.327710
vt 0.924476 0.327710
vt 0.924476 0.457988
vt 0.904940 0.311816
vt 0.924476 0.311816
vt 0.963549 0.959984
vt 0.963549 0.869549
vt 0.983085 0.959984
vt 0.334103 0.969886
vt 0.314566 0.969886
vt 0.960927 0.516923
vt 0.960927 0.422233
vt 0.980464 0.422233
vt 0.980464 0.516923
vt 0.314566 0.923253
vt 0.963549 0.720047
vt 0.963549 0.854615
vt 0.944013 0.854615
vt 0.944013 0.720047
vt 0.904940 0.915968
vt 0.904940 0.828533
vt 0.924476 0.828533
vt 0.924476 0.915968
vt 0.663972 0.718837
vt 0.414852 0.217623
vt 0.414852 0.107482
vt 0.414852 0.124116
vt 0.395316 0.074214
vt 0.414852 0.074214
vt 0.654025 0.951298
vt 0.654025 0.844569
vt 0.673561 0.844569
vt 0.673561 0.951298
vt 0.902666 0.844587
vt 0.902666 0.951315
vt 0.883130 0.951315
vt 0.883130 0.844587
vt 0.395316 0.210878
vt 0.395316 0.204132
vt 0.414852 0.210878
vt 0.395316 0.398193
vt 0.414852 0.351095
vt 0.642504 0.895163
vt 0.642504 0.983146
vt 0.622968 0.983146
vt 0.904940 0.603979
vt 0.904940 0.588605
vt 0.924476 0.588605
vt 0.924476 0.603979
vt 0.904940 0.723282
vt 0.904940 0.708668
vt 0.924476 0.708668
vt 0.924476 0.723282
vt 0.983085 0.585479
vt 0.983085 0.680169
vt 0.924476 0.000000
vt 0.980464 0.316888
vt 0.980464 0.422233
vt 0.960927 0.422233
vt 0.960927 0.316888
vt 0.904940 0.812228
vt 0.924476 0.812228
vt 0.683509 0.627809
vt 0.591911 0.895163
vt 0.591911 0.984667
vt 0.572374 0.984667
vt 0.572374 0.895163
vt 0.000000 0.989912
vt 0.000000 0.965246
vt 0.019536 0.989912
vt 0.683509 0.813604
vt 0.078146 0.965246
vt 0.078146 0.987442
vt 0.058609 0.987442
vt 0.058609 0.965246
vt 1.000000 0.316888
vt 1.000000 0.361300
vt 0.295030 0.982427
vt 0.275493 0.982427
vt 0.275493 0.923253
vt 0.683509 0.459887
vt 0.663972 0.459887
vt 0.963549 0.985034
vt 0.983085 0.985034
vt 1.000000 0.189572
vt 1.000000 0.231740
vt 0.980464 0.231740
vt 0.980464 0.189572
vt 0.216884 0.984922
vt 0.216884 0.923253
vt 0.236421 0.923253
vt 0.236421 0.984922
vt 0.663972 0.551403
vt 0.058609 0.965246
vt 0.058609 0.987624
vt 0.039073 0.987624
vt 0.039073 0.965246
vt 0.685782 0.992216
vt 0.685782 0.947170
vt 0.705318 0.947170
vt 0.705318 0.992216
vt 0.275493 0.983368
vt 0.255957 0.983368
vt 0.255957 0.923253
vt 0.663972 0.735299
vt 0.432115 0.976102
vt 0.432115 0.844569
vt 0.451652 0.844569
vt 0.451652 0.976102
vt 1.000000 0.231740
vt 1.000000 0.274300
vt 0.980464 0.274300
vt 0.980464 0.231740
vt 0.904940 0.978970
vt 0.904940 0.915968
vt 0.924476 0.915968
vt 0.924476 0.978970
vt 0.471188 0.985598
vt 0.451652 0.985598
vt 0.451652 0.895163
vt 0.412579 0.976445
vt 0.412579 0.844570
vt 0.432115 0.844570
vt 0.432115 0.976445
vt 0.960927 0.316888
vt 0.960927 0.211536
vt 0.980464 0.211536
vt 0.529797 0.985035
vt 0.529797 0.895163
vt 0.549333 0.895163
vt 0.549333 0.985035
vt 0.980464 0.175046
vt 1.000000 0.087697
vt 1.000000 0.175046
vt 0.224943 0.568729
vt 0.244479 0.574925
vt 0.234165 0.607409
vt 0.214628 0.602731
vt 0.224943 0.846185
vt 0.244479 0.839989
vt 0.264318 0.884503
vt 0.248100 0.891887
vt 0.197348 0.714216
vt 0.216884 0.714216
vt 0.223850 0.775021
vt 0.204314 0.778180
vt 0.197348 0.700697
vt 0.216885 0.700697
vt 0.216885 0.707457
vt 0.197348 0.707457
vt 0.209471 0.619732
vt 0.229007 0.623651
vt 0.223850 0.639892
vt 0.204314 0.636734
vt 0.209471 0.795181
vt 0.229007 0.791263
vt 0.234165 0.807505
vt 0.214628 0.812182
vt 0.248100 0.523027
vt 0.264318 0.530411
vt 0.683509 0.634562
vt 0.685782 0.634562
vt 0.393042 0.074214
vt 0.685782 0.627809
vt 0.393042 0.210878
vt 0.393042 0.204132
vt 0.685782 0.813604
vt 0.685782 0.844570
vt 0.683509 0.844570
vt 0.393042 0.398193
vt 0.685782 0.459887
vt 0.960927 0.002273
vt 0.944013 0.002273
vt 0.944013 0.000000
vt 0.944013 0.295013
vt 0.960927 0.295013
vt 0.960927 0.292740
vt 0.395316 0.430696
vt 0.266782 0.491661
vt 0.283594 0.500301
vt 0.393042 0.430696
vt 0.685782 0.351095
vt 0.683509 0.430697
vt 0.685782 0.430697
vt 0.283594 0.914613
vt 0.266783 0.923253
vt 0.663972 0.430697
vt 0.393043 0.459887
vt 0.393042 0.718837
vt 0.393042 0.551403
vt 0.393042 0.430697
vt 0.393042 0.735299
vt 0.685782 0.217623
vt 0.685782 0.107482
vt 0.685782 0.124116
vt 0.685782 0.074214
vt 0.685782 0.210878
s 0
usemtl gate
f 4045/8153/142 4044/8154/142 4059/8155/142 4058/8156/142 4057/8157/142 4056/8158/142 4055/8159/142 4054/8160/142 4053/8161/142 4052/8162/142 4051/8163/142 4050/8164/142 4049/8165/142 4048/8166/142 4047/8167/142 4046/8168/142
f 4061/8169/143 4062/8170/143 4063/8171/143 4064/8172/143 4065/8173/143 4066/8174/143 4067/8175/143 4068/8176/143 4069/8177/143 4070/8178/143 4071/8179/143 4072/8180/143 4073/8181/143 4074/8182/143 4075/8183/143 4060/8184/143
f 4053/8185/144 4054/8186/144 4070/8187/144 4069/8188/144
f 4046/8189/145 4047/8190/145 4063/8191/145 4062/8192/145
f 4054/8193/146 4055/8194/146 4071/8195/146 4070/8196/146
f 4047/8190/147 4048/8197/147 4064/8198/147 4063/8191/147
f 4055/8194/148 4056/8199/148 4072/8200/148 4071/8195/148
f 4048/8197/149 4049/8201/149 4065/8202/149 4064/8198/149
f 4056/8199/150 4057/8203/150 4073/8204/150 4072/8200/150
f 4049/8201/151 4050/8205/151 4066/8206/151 4065/8202/151
f 4057/8203/152 4058/8207/152 4074/8208/152 4073/8204/152
f 4050/8209/153 4051/8210/153 4067/8211/153 4066/8212/153
f 4058/8213/154 4059/8214/154 4075/8215/154 4074/8216/154
f 4051/8210/155 4052/8217/155 4068/8218/155 4067/8211/155
f 4044/8219/156 4045/8220/156 4061/8221/156 4060/8222/156
f 4059/8214/157 4044/8219/157 4060/8222/157 4075/8215/157
f 4052/8217/158 4053/8185/158 4069/8188/158 4068/8218/158
f 4045/8220/159 4046/8223/159 4062/8224/159 4061/8221/159
f 4077/8225/142 4076/8226/142 4091/8227/142 4090/8228/142 4089/8229/142 4088/8230/142 4087/8231/142 4086/8232/142 4085/8233/142 4084/8234/142 4083/8235/142 4082/8236/142 4081/8237/142 4080/8238/142 4079/8239/142 4078/8240/142
f 4093/8241/143 4094/8242/143 4095/8243/143 4096/8244/143 4097/8245/143 4098/8246/143 4099/8247/143 4100/8248/143 4101/8249/143 4102/8250/143 4103/8251/143 4104/8252/143 4105/8253/143 4106/8254/143 4107/8255/143 4092/8256/143
f 4085/8257/159 4086/8258/159 4102/8259/159 4101/8260/159
f 4078/8261/146 4079/8262/146 4095/8263/146 4094/8264/146
f 4086/8265/145 4087/8266/145 4103/8267/145 4102/8268/145
f 4079/8262/148 4080/8269/148 4096/8270/148 4095/8263/148
f 4087/8266/147 4088/8271/147 4104/8272/147 4103/8267/147
f 4080/8269/150 4081/8273/150 4097/8274/150 4096/8270/150
f 4088/8271/149 4089/8275/149 4105/8276/149 4104/8272/149
f 4081/8273/152 4082/8277/152 4098/8278/152 4097/8274/152
f 4089/8275/151 4090/8279/151 4106/8280/151 4105/8276/151
f 4082/8281/154 4083/8282/154 4099/8283/154 4098/8284/154
f 4090/8285/153 4091/8286/153 4107/8287/153 4106/8288/153
f 4083/8282/157 4084/8289/157 4100/8290/157 4099/8283/157
f 4076/8291/158 4077/8292/158 4093/8293/158 4092/8294/158
f 4091/8286/155 4076/8291/155 4092/8294/155 4107/8287/155
f 4084/8289/156 4085/8257/156 4101/8260/156 4100/8290/156
f 4077/8292/144 4078/8295/144 4094/8296/144 4093/8293/144
f 4184/8297/142 4475/8298/142 4284/8299/142 4283/8300/142
f 4126/8301/160 4125/8302/160 4266/8303/160 4267/8304/160
f 4132/8305/161 4114/8306/161 4254/8307/161 4253/8308/161
f 4123/8309/162 4135/8310/162 4278/8311/162 4277/8312/162
f 4128/8313/163 4118/8314/163 4264/8315/163 4265/8316/163
f 4127/8317/164 4129/8318/164 4276/8319/164 4275/8320/164
f 4118/8314/163 4115/8321/163 4259/8322/163 4264/8315/163
f 4131/8323/160 4126/8301/160 4267/8304/160 4273/8324/160
f 4124/8325/164 4127/8317/164 4275/8320/164 4270/8326/164
f 4130/8327/165 4113/8328/165 4263/8329/165 4262/8330/165
f 4117/8331/165 4130/8327/165 4262/8330/165 4256/8332/165
f 4122/8333/160 4131/8323/160 4273/8324/160 4274/8334/160
f 4127/8335/143 4137/8336/143 4136/8337/143 4129/8338/143
f 4119/8339/143 4138/8340/143 4139/8341/143 4134/8342/143
f 4135/8343/143 4140/8344/143 4138/8340/143 4119/8339/143
f 4131/8345/143 4142/8346/143 4141/8347/143 4126/8348/143
f 4137/8336/143 4144/8349/143 4143/8350/143 4136/8337/143
f 4138/8340/143 4145/8351/143 4146/8352/143 4139/8341/143
f 4140/8344/143 4147/8353/143 4145/8351/143 4138/8340/143
f 4142/8346/143 4149/8354/143 4148/8355/143 4141/8347/143
f 4149/8354/143 4142/8346/143 4139/8341/143 4146/8352/143
f 4147/8353/143 4140/8344/143 4136/8337/143 4143/8350/143
f 4144/8349/143 4151/8356/143 4150/8357/143 4143/8350/143
f 4151/8356/143 4153/8358/143 4152/8359/143 4150/8357/143
f 4145/8351/143 4154/8360/143 4155/8361/143 4146/8352/143
f 4147/8353/143 4156/8362/143 4154/8360/143 4145/8351/143
f 4154/8360/143 4157/8363/143 4158/8364/143 4155/8361/143
f 4156/8362/143 4159/8365/143 4157/8363/143 4154/8360/143
f 4162/8366/143 4161/8367/143 4160/8368/143 4163/8369/143
f 4149/8354/143 4162/8366/143 4163/8369/143 4148/8355/143
f 4155/8361/143 4158/8364/143 4161/8367/143 4162/8366/143
f 4150/8357/143 4152/8359/143 4159/8365/143 4156/8362/143
f 4153/8358/143 4165/8370/143 4164/8371/143 4152/8359/143
f 4165/8370/143 4167/8372/143 4166/8373/143 4164/8371/143
f 4172/8374/143 4168/8375/143 4169/8376/143 4173/8377/143
f 4171/8378/143 4170/8379/143 4168/8375/143 4172/8374/143
f 4159/8365/143 4171/8378/143 4172/8374/143 4157/8363/143
f 4157/8363/143 4172/8374/143 4173/8377/143 4158/8364/143
f 4176/8380/143 4175/8381/143 4174/8382/143 4177/8383/143
f 4161/8367/143 4176/8380/143 4177/8383/143 4160/8368/143
f 4173/8377/143 4169/8376/143 4175/8381/143 4176/8380/143
f 4164/8371/143 4166/8373/143 4170/8379/143 4171/8378/143
f 4175/8381/143 4181/8384/143 4178/8385/143 4174/8382/143
f 4170/8379/143 4180/8386/143 4182/8387/143 4168/8375/143
f 4167/8372/143 4179/8388/143 4180/8386/143 4166/8373/143
f 4168/8375/143 4182/8387/143 4181/8384/143 4169/8376/143
f 4474/8389/142 4190/8390/142 4197/8391/142 4194/8392/142
f 4188/8393/142 4185/8394/142 4476/8395/142 4195/8396/142
f 4203/8397/142 4186/8398/142 4192/8399/142 4204/8400/142
f 4202/8401/142 4183/8402/142 4191/8403/142 4205/8404/142
f 4198/8405/142 4187/8406/142 4193/8407/142 4199/8408/142
f 4200/8409/142 4189/8410/142 4196/8411/142 4201/8412/142
f 4184/8297/142 4474/8389/142 4194/8392/142 4475/8298/142
f 4189/8410/142 4188/8393/142 4195/8396/142 4196/8411/142
f 4190/8390/142 4198/8405/142 4199/8408/142 4197/8391/142
f 4186/8398/142 4200/8409/142 4201/8412/142 4192/8399/142
f 4187/8406/142 4202/8401/142 4205/8404/142 4193/8407/142
f 4183/8402/142 4203/8397/142 4204/8400/142 4191/8403/142
f 4197/8391/142 4199/8408/142 4206/8413/142 4207/8414/142
f 4191/8403/142 4204/8400/142 4209/8415/142 4208/8416/142
f 4205/8404/142 4191/8403/142 4208/8416/142 4210/8417/142
f 4201/8412/142 4196/8411/142 4211/8418/142 4212/8419/142
f 4207/8414/142 4206/8413/142 4213/8420/142 4214/8421/142
f 4208/8416/142 4209/8415/142 4216/8422/142 4215/8423/142
f 4210/8417/142 4208/8416/142 4215/8423/142 4217/8424/142
f 4212/8419/142 4211/8418/142 4218/8425/142 4219/8426/142
f 4219/8426/142 4216/8422/142 4209/8415/142 4212/8419/142
f 4217/8424/142 4213/8420/142 4206/8413/142 4210/8417/142
f 4214/8421/142 4213/8420/142 4220/8427/142 4221/8428/142
f 4221/8428/142 4220/8427/142 4222/8429/142 4223/8430/142
f 4215/8423/142 4216/8422/142 4225/8431/142 4224/8432/142
f 4217/8424/142 4215/8423/142 4224/8432/142 4226/8433/142
f 4224/8432/142 4225/8431/142 4228/8434/142 4227/8435/142
f 4226/8433/142 4224/8432/142 4227/8435/142 4229/8436/142
f 4232/8437/142 4233/8438/142 4230/8439/142 4231/8440/142
f 4219/8426/142 4218/8425/142 4233/8438/142 4232/8437/142
f 4225/8431/142 4232/8437/142 4231/8440/142 4228/8434/142
f 4220/8427/142 4226/8433/142 4229/8436/142 4222/8429/142
f 4223/8430/142 4222/8429/142 4234/8441/142 4235/8442/142
f 4235/8442/142 4234/8441/142 4236/8443/142 4237/8444/142
f 4242/8445/142 4243/8446/142 4239/8447/142 4238/8448/142
f 4241/8449/142 4242/8445/142 4238/8448/142 4240/8450/142
f 4229/8436/142 4227/8435/142 4242/8445/142 4241/8449/142
f 4227/8435/142 4228/8434/142 4243/8446/142 4242/8445/142
f 4246/8451/142 4247/8452/142 4244/8453/142 4245/8454/142
f 4231/8440/142 4230/8439/142 4247/8452/142 4246/8451/142
f 4243/8446/142 4246/8451/142 4245/8454/142 4239/8447/142
f 4234/8441/142 4241/8449/142 4240/8450/142 4236/8443/142
f 4245/8454/142 4244/8453/142 4248/8455/142 4251/8456/142
f 4240/8450/142 4238/8448/142 4252/8457/142 4250/8458/142
f 4237/8444/142 4236/8443/142 4250/8458/142 4249/8459/142
f 4238/8448/142 4239/8447/142 4251/8456/142 4252/8457/142
f 4153/8460/166 4151/8461/166 4221/8462/166 4223/8463/166
f 4144/8464/166 4137/8465/166 4207/8466/166 4214/8467/166
f 4182/8468/167 4180/8469/167 4250/8470/167 4252/8471/167
f 4112/8472/168 4261/8473/168 4287/8474/168 4280/8475/168
f 4181/8476/167 4182/8468/167 4252/8471/167 4251/8477/167
f 4169/8478/169 4181/8479/169 4251/8480/169 4239/8481/169
f 4179/8482/170 4167/8483/170 4237/8484/170 4249/8485/170
f 4165/8486/166 4153/8460/166 4223/8463/166 4235/8487/166
f 4134/8488/169 4139/8489/169 4209/8490/169 4204/8491/169
f 4180/8469/167 4179/8492/167 4249/8493/167 4250/8470/167
f 4182/8468/167 4179/8492/167 4249/8493/167 4252/8471/167
f 4146/8494/169 4155/8495/169 4225/8496/169 4216/8497/169
f 4178/8498/167 4182/8468/167 4252/8471/167 4248/8499/167
f 4180/8500/171 4170/8501/171 4240/8502/171 4250/8503/171
f 4126/8504/172 4141/8505/172 4211/8506/172 4196/8507/172
f 4185/8508/168 4112/8472/168 4280/8475/168 4477/8509/168
f 4128/8313/163 4114/8306/163 4187/8510/163 4198/8511/163
f 4123/8309/164 4129/8318/164 4199/8512/164 4193/8513/164
f 4114/8306/161 4132/8305/161 4202/8514/161 4187/8510/161
f 4151/8461/166 4144/8464/166 4214/8467/166 4221/8462/166
f 4130/8327/165 4117/8331/165 4189/8515/165 4200/8516/165
f 4117/8331/165 4116/8517/165 4188/8518/165 4189/8515/165
f 4158/8519/169 4173/8520/169 4243/8521/169 4228/8522/169
f 4171/8523/171 4159/8524/171 4229/8525/171 4241/8526/171
f 4110/8527/173 4133/8528/173 4203/8529/173 4183/8530/173
f 4111/8531/174 4115/8321/174 4474/8532/174 4184/8533/174
f 4142/8534/175 4131/8535/175 4201/8536/175 4212/8537/175
f 4116/8517/176 4112/8472/176 4185/8508/176 4188/8518/176
f 4177/8538/172 4174/8539/172 4244/8540/172 4247/8541/172
f 4163/8542/172 4160/8543/172 4230/8544/172 4233/8545/172
f 4156/8546/171 4147/8547/171 4217/8548/171 4226/8549/171
f 4137/8465/166 4127/8500/166 4197/8503/166 4207/8466/166
f 4113/8328/165 4130/8327/165 4200/8516/165 4186/8550/165
f 4176/8551/175 4161/8552/175 4231/8553/175 4246/8554/175
f 4132/8305/177 4110/8527/177 4183/8530/177 4202/8514/177
f 4115/8321/163 4118/8314/163 4190/8555/163 4474/8532/163
f 4133/8528/178 4113/8328/178 4186/8550/178 4203/8529/178
f 4118/8314/163 4128/8313/163 4198/8511/163 4190/8555/163
f 4160/8543/172 4177/8538/172 4247/8541/172 4230/8544/172
f 4141/8505/172 4148/8556/172 4218/8557/172 4211/8506/172
f 4122/8333/179 4134/8558/179 4204/8559/179 4192/8560/179
f 4125/8302/160 4126/8301/160 4196/8561/160 4195/8562/160
f 4148/8556/172 4163/8542/172 4233/8545/172 4218/8557/172
f 4162/8563/175 4149/8564/175 4219/8565/175 4232/8566/175
f 4173/8567/180 4176/8568/180 4246/8569/180 4243/8570/180
f 4178/8498/167 4181/8476/167 4251/8477/167 4248/8499/167
f 4124/8325/181 4120/8571/181 4475/8572/181 4194/8573/181
f 4175/8574/182 4169/8575/182 4239/8576/182 4245/8577/182
f 4155/8578/183 4162/8579/183 4232/8580/183 4225/8581/183
f 4149/8582/184 4146/8583/184 4216/8584/184 4219/8585/184
f 4135/8310/162 4123/8309/162 4193/8513/162 4205/8586/162
f 4121/8587/185 4125/8302/185 4195/8562/185 4476/8588/185
f 4164/8589/186 4171/8519/186 4241/8522/186 4234/8590/186
f 4161/8591/187 4158/8592/187 4228/8593/187 4231/8594/187
f 4139/8595/188 4142/8596/188 4212/8597/188 4209/8598/188
f 4131/8323/160 4122/8333/160 4192/8560/160 4201/8599/160
f 4170/8600/189 4166/8601/189 4236/8602/189 4240/8603/189
f 4150/8604/190 4156/8605/190 4226/8606/190 4220/8607/190
f 4147/8608/191 4143/8609/191 4213/8610/191 4217/8611/191
f 4127/8317/164 4124/8325/164 4194/8573/164 4197/8612/164
f 4166/8613/192 4180/8614/192 4250/8615/192 4236/8616/192
f 4159/8617/193 4152/8618/193 4222/8619/193 4229/8620/193
f 4136/8621/194 4140/8622/194 4210/8623/194 4206/8624/194
f 4140/8625/171 4135/8626/171 4205/8627/171 4210/8628/171
f 4181/8629/195 4175/8523/195 4245/8526/195 4251/8630/195
f 4152/8631/196 4164/8632/196 4234/8633/196 4222/8634/196
f 4143/8635/196 4150/8490/196 4220/8636/196 4213/8637/196
f 4129/8638/196 4136/8633/196 4206/8639/196 4199/8640/196
f 4174/8539/197 4178/8641/197 4248/8642/197 4244/8540/197
f 4167/8483/166 4165/8486/166 4235/8487/166 4237/8484/166
f 4259/8643/143 4270/8644/143 4275/8645/143 4264/8646/143
f 4255/8647/143 4266/8648/143 4272/8649/143 4261/8650/143
f 4257/8651/143 4268/8652/143 4274/8653/143 4263/8654/143
f 4253/8655/143 4278/8656/143 4269/8657/143 4258/8658/143
f 4265/8659/143 4276/8660/143 4277/8661/143 4254/8662/143
f 4262/8663/143 4273/8664/143 4267/8665/143 4256/8666/143
f 4260/8667/143 4271/8668/143 4270/8644/143 4259/8643/143
f 4256/8666/143 4267/8665/143 4266/8648/143 4255/8647/143
f 4264/8646/143 4275/8645/143 4276/8660/143 4265/8659/143
f 4263/8654/143 4274/8653/143 4273/8664/143 4262/8663/143
f 4254/8662/143 4277/8661/143 4278/8656/143 4253/8655/143
f 4258/8658/143 4269/8657/143 4268/8652/143 4257/8651/143
f 4135/8310/167 4119/8669/167 4269/8670/167 4278/8311/167
f 4116/8517/165 4117/8331/165 4256/8332/165 4255/8671/165
f 4119/8669/167 4134/8558/167 4268/8672/167 4269/8670/167
f 4114/8306/163 4128/8313/163 4265/8316/163 4254/8307/163
f 4133/8528/173 4110/8527/173 4258/8673/173 4257/8674/173
f 4120/8571/198 4271/8675/198 4288/8676/198 4281/8677/198
f 4110/8527/177 4132/8305/177 4253/8308/177 4258/8673/177
f 4120/8571/181 4124/8325/181 4270/8326/181 4271/8675/181
f 4129/8318/164 4123/8309/164 4277/8312/164 4276/8319/164
f 4115/8321/174 4111/8531/174 4260/8678/174 4259/8322/174
f 4113/8328/178 4133/8528/178 4257/8674/178 4263/8329/178
f 4125/8302/185 4121/8587/185 4272/8679/185 4266/8303/185
f 4112/8472/176 4116/8517/176 4255/8671/176 4261/8473/176
f 4134/8558/179 4122/8333/179 4274/8334/179 4268/8672/179
f 4279/8680/199 4281/8681/199 4288/8682/199 4286/8683/199
f 4280/8684/200 4282/8685/200 4285/8686/200 4477/8687/200
f 4281/8681/199 4279/8680/199 4283/8688/199 4284/8686/199
f 4282/8685/200 4280/8684/200 4287/8689/200 4289/8690/200
f 4111/8531/201 4184/8533/201 4283/8691/201 4279/8677/201
f 4271/8668/143 4260/8667/143 4286/8692/143 4288/8693/143
f 4260/8678/201 4111/8531/201 4279/8677/201 4286/8676/201
f 4476/8395/142 4185/8394/142 4477/8694/142 4285/8695/142
f 4272/8679/202 4121/8587/202 4282/8696/202 4289/8697/202
f 4261/8650/143 4272/8649/143 4289/8698/143 4287/8699/143
f 4475/8572/198 4120/8571/198 4281/8677/198 4284/8700/198
f 4121/8587/202 4476/8588/202 4285/8701/202 4282/8696/202
f 4381/8702/203 4367/8703/203 4187/8704/203 4198/8705/203
f 4306/8706/204 4305/8707/204 4449/8708/204 4450/8709/204
f 4312/8710/205 4294/8711/205 4437/8712/205 4436/8713/205
f 4303/8714/206 4315/8715/206 4461/8716/206 4460/8717/206
f 4308/8718/203 4298/8719/203 4447/8720/203 4448/8721/203
f 4307/8722/207 4309/8723/207 4459/8724/207 4458/8725/207
f 4298/8719/203 4295/8726/203 4442/8727/203 4447/8720/203
f 4311/8728/204 4306/8706/204 4450/8709/204 4456/8729/204
f 4304/8730/207 4307/8722/207 4458/8725/207 4453/8731/207
f 4310/8732/208 4293/8733/208 4446/8734/208 4445/8735/208
f 4297/8736/208 4310/8732/208 4445/8735/208 4439/8737/208
f 4302/8738/204 4311/8728/204 4456/8729/204 4457/8739/204
f 4307/8740/143 4317/8741/143 4316/8742/143 4309/8743/143
f 4299/8744/143 4318/8745/143 4319/8746/143 4314/8747/143
f 4315/8748/143 4320/8749/143 4318/8745/143 4299/8744/143
f 4311/8750/143 4322/8751/143 4321/8752/143 4306/8753/143
f 4317/8741/143 4324/8754/143 4323/8755/143 4316/8742/143
f 4318/8745/143 4325/8756/143 4326/8757/143 4319/8746/143
f 4320/8749/143 4327/8758/143 4325/8756/143 4318/8745/143
f 4322/8751/143 4329/8759/143 4328/8760/143 4321/8752/143
f 4329/8759/143 4322/8751/143 4319/8746/143 4326/8757/143
f 4327/8758/143 4320/8749/143 4316/8742/143 4323/8755/143
f 4324/8754/143 4331/8761/143 4330/8762/143 4323/8755/143
f 4331/8761/143 4333/8763/143 4332/8764/143 4330/8762/143
f 4325/8756/143 4334/8765/143 4335/8766/143 4326/8757/143
f 4327/8758/143 4336/8767/143 4334/8765/143 4325/8756/143
f 4334/8765/143 4337/8768/143 4338/8769/143 4335/8766/143
f 4336/8767/143 4339/8770/143 4337/8768/143 4334/8765/143
f 4342/8771/143 4341/8772/143 4340/8773/143 4343/8774/143
f 4329/8759/143 4342/8771/143 4343/8774/143 4328/8760/143
f 4335/8766/143 4338/8769/143 4341/8772/143 4342/8771/143
f 4330/8762/143 4332/8764/143 4339/8770/143 4336/8767/143
f 4333/8763/143 4345/8775/143 4344/8776/143 4332/8764/143
f 4345/8775/143 4347/8777/143 4346/8778/143 4344/8776/143
f 4352/8779/143 4348/8780/143 4349/8781/143 4353/8782/143
f 4351/8783/143 4350/8784/143 4348/8780/143 4352/8779/143
f 4339/8770/143 4351/8783/143 4352/8779/143 4337/8768/143
f 4337/8768/143 4352/8779/143 4353/8782/143 4338/8769/143
f 4356/8785/143 4355/8786/143 4354/8787/143 4357/8788/143
f 4341/8772/143 4356/8785/143 4357/8788/143 4340/8773/143
f 4353/8782/143 4349/8781/143 4355/8786/143 4356/8785/143
f 4344/8776/143 4346/8778/143 4350/8784/143 4351/8783/143
f 4355/8786/143 4361/8789/143 4358/8790/143 4354/8787/143
f 4350/8784/143 4360/8791/143 4362/8792/143 4348/8780/143
f 4347/8777/143 4359/8793/143 4360/8791/143 4346/8778/143
f 4348/8780/143 4362/8792/143 4361/8789/143 4349/8781/143
f 4388/8794/206 4376/8795/206 4193/8796/206 4205/8797/206
f 4377/8798/209 4373/8799/209 4475/8800/209 4194/8801/209
f 4466/8802/210 4364/8803/210 4184/8804/210 4283/8805/210
f 4387/8806/173 4372/8807/173 4191/8808/173 4204/8809/173
f 4373/8799/211 4468/8810/211 4284/8811/211 4475/8800/211
f 4378/8812/204 4379/8813/204 4196/8814/204 4195/8815/204
f 4468/8816/212 4466/8817/212 4283/8818/212 4284/8819/212
f 4375/8820/213 4387/8806/213 4204/8809/213 4192/8821/213
f 4371/8822/203 4381/8702/203 4198/8705/203 4190/8823/203
f 4467/8824/214 4469/8825/214 4285/8826/214 4477/8827/214
f 4365/8828/215 4467/8829/215 4477/8830/215 4185/8831/215
f 4386/8832/216 4366/8833/216 4186/8834/216 4203/8835/216
f 4380/8836/142 4382/8837/142 4389/8838/142 4390/8839/142
f 4372/8840/142 4387/8841/142 4392/8842/142 4391/8843/142
f 4388/8844/142 4372/8840/142 4391/8843/142 4393/8845/142
f 4384/8846/142 4379/8847/142 4394/8848/142 4395/8849/142
f 4390/8839/142 4389/8838/142 4396/8850/142 4397/8851/142
f 4391/8843/142 4392/8842/142 4399/8852/142 4398/8853/142
f 4393/8845/142 4391/8843/142 4398/8853/142 4400/8854/142
f 4395/8849/142 4394/8848/142 4401/8855/142 4402/8856/142
f 4402/8856/142 4399/8852/142 4392/8842/142 4395/8849/142
f 4400/8854/142 4396/8850/142 4389/8838/142 4393/8845/142
f 4397/8851/142 4396/8850/142 4403/8857/142 4404/8858/142
f 4404/8858/142 4403/8857/142 4405/8859/142 4406/8860/142
f 4398/8853/142 4399/8852/142 4408/8861/142 4407/8862/142
f 4400/8854/142 4398/8853/142 4407/8862/142 4409/8863/142
f 4407/8862/142 4408/8861/142 4411/8864/142 4410/8865/142
f 4409/8863/142 4407/8862/142 4410/8865/142 4412/8866/142
f 4415/8867/142 4416/8868/142 4413/8869/142 4414/8870/142
f 4402/8856/142 4401/8855/142 4416/8868/142 4415/8867/142
f 4408/8861/142 4415/8867/142 4414/8870/142 4411/8864/142
f 4403/8857/142 4409/8863/142 4412/8866/142 4405/8859/142
f 4406/8860/142 4405/8859/142 4417/8871/142 4418/8872/142
f 4418/8872/142 4417/8871/142 4419/8873/142 4420/8874/142
f 4425/8875/142 4426/8876/142 4422/8877/142 4421/8878/142
f 4424/8879/142 4425/8875/142 4421/8878/142 4423/8880/142
f 4412/8866/142 4410/8865/142 4425/8875/142 4424/8879/142
f 4410/8865/142 4411/8864/142 4426/8876/142 4425/8875/142
f 4429/8881/142 4430/8882/142 4427/8883/142 4428/8884/142
f 4414/8870/142 4413/8869/142 4430/8882/142 4429/8881/142
f 4426/8876/142 4429/8881/142 4428/8884/142 4422/8877/142
f 4417/8871/142 4424/8879/142 4423/8880/142 4419/8873/142
f 4428/8884/142 4427/8883/142 4431/8885/142 4434/8886/142
f 4423/8880/142 4421/8878/142 4435/8887/142 4433/8888/142
f 4420/8874/142 4419/8873/142 4433/8888/142 4432/8889/142
f 4421/8878/142 4422/8877/142 4434/8886/142 4435/8887/142
f 4333/8890/217 4331/8891/217 4404/8892/217 4406/8893/217
f 4324/8894/218 4317/8895/218 4390/8896/218 4397/8897/218
f 4362/8898/173 4360/8899/173 4433/8900/173 4435/8901/173
f 4292/8902/215 4444/8903/215 4471/8904/215 4463/8905/215
f 4361/8906/173 4362/8898/173 4435/8901/173 4434/8907/173
f 4349/8908/171 4361/8909/171 4434/8910/171 4422/8911/171
f 4359/8912/219 4347/8913/219 4420/8914/219 4432/8915/219
f 4345/8916/217 4333/8890/217 4406/8893/217 4418/8917/217
f 4314/8918/171 4319/8919/171 4392/8497/171 4387/8920/171
f 4360/8899/173 4359/8921/173 4432/8922/173 4433/8900/173
f 4362/8898/173 4359/8921/173 4432/8922/173 4435/8901/173
f 4326/8923/171 4335/8924/171 4408/8925/171 4399/8926/171
f 4358/8499/173 4362/8898/173 4435/8901/173 4431/8927/173
f 4360/8928/169 4350/8929/169 4423/8930/169 4433/8931/169
f 4306/8932/220 4321/8933/220 4394/8934/220 4379/8935/220
f 4365/8828/215 4292/8902/215 4463/8905/215 4467/8829/215
f 4308/8718/203 4294/8711/203 4367/8703/203 4381/8702/203
f 4303/8714/207 4309/8723/207 4382/8936/207 4376/8795/207
f 4294/8711/205 4312/8710/205 4385/8937/205 4367/8703/205
f 4331/8891/217 4324/8894/217 4397/8897/217 4404/8892/217
f 4310/8732/208 4297/8736/208 4370/8938/208 4383/8939/208
f 4297/8736/208 4296/8940/208 4369/8941/208 4370/8938/208
f 4338/8942/171 4353/8943/171 4426/8944/171 4411/8945/171
f 4351/8946/169 4339/8947/169 4412/8948/169 4424/8949/169
f 4290/8950/167 4313/8951/167 4386/8832/167 4363/8952/167
f 4291/8953/221 4295/8726/221 4368/8954/221 4364/8803/221
f 4322/8955/222 4311/8956/222 4384/8957/222 4395/8534/222
f 4296/8940/223 4292/8902/223 4365/8828/223 4369/8941/223
f 4357/8958/220 4354/8959/220 4427/8960/220 4430/8961/220
f 4343/8962/220 4340/8963/220 4413/8964/220 4416/8965/220
f 4336/8966/169 4327/8967/169 4400/8549/169 4409/8908/169
f 4317/8895/217 4307/8509/217 4380/8968/217 4390/8896/217
f 4293/8733/208 4310/8732/208 4383/8939/208 4366/8833/208
f 4356/8969/222 4341/8970/222 4414/8971/222 4429/8972/222
f 4312/8710/224 4290/8950/224 4363/8952/224 4385/8937/224
f 4295/8726/203 4298/8719/203 4371/8822/203 4368/8954/203
f 4313/8951/216 4293/8733/216 4366/8833/216 4386/8832/216
f 4298/8719/203 4308/8718/203 4381/8702/203 4371/8822/203
f 4340/8963/220 4357/8958/220 4430/8961/220 4413/8964/220
f 4321/8933/220 4328/8973/220 4401/8974/220 4394/8934/220
f 4302/8738/213 4314/8975/213 4387/8806/213 4375/8820/213
f 4305/8707/204 4306/8706/204 4379/8813/204 4378/8812/204
f 4328/8973/220 4343/8962/220 4416/8965/220 4401/8974/220
f 4342/8976/222 4329/8977/222 4402/8978/222 4415/8979/222
f 4353/8980/225 4356/8981/225 4429/8603/225 4426/8982/225
f 4358/8499/173 4361/8906/173 4434/8907/173 4431/8927/173
f 4304/8730/209 4300/8983/209 4373/8799/209 4377/8798/209
f 4355/8984/226 4349/8985/226 4422/8986/226 4428/8987/226
f 4335/8594/227 4342/8619/227 4415/8988/227 4408/8989/227
f 4329/8585/228 4326/8990/228 4399/8991/228 4402/8992/228
f 4315/8715/206 4303/8714/206 4376/8795/206 4388/8794/206
f 4301/8993/229 4305/8707/229 4378/8812/229 4374/8994/229
f 4344/8995/230 4351/8918/230 4424/8920/230 4417/8996/230
f 4341/8997/231 4338/8998/231 4411/8999/231 4414/9000/231
f 4319/9001/232 4322/9002/232 4395/9003/232 4392/9004/232
f 4311/8728/204 4302/8738/204 4375/8820/204 4384/9005/204
f 4350/9006/233 4346/9007/233 4419/9008/233 4423/9009/233
f 4330/9010/234 4336/9011/234 4409/9012/234 4403/9013/234
f 4327/8992/235 4323/9014/235 4396/9015/235 4400/9016/235
f 4307/8722/207 4304/8730/207 4377/8798/207 4380/9017/207
f 4346/9018/236 4360/9019/236 4433/9020/236 4419/9021/236
f 4339/9022/237 4332/9023/237 4405/9024/237 4412/9025/237
f 4316/9026/238 4320/9027/238 4393/9028/238 4389/9029/238
f 4320/8628/169 4315/9030/169 4388/9031/169 4393/9032/169
f 4361/9033/239 4355/9034/239 4428/9035/239 4434/9036/239
f 4332/9037/240 4344/9038/240 4417/9039/240 4405/8619/240
f 4323/9040/240 4330/9041/240 4403/9042/240 4396/9043/240
f 4309/9044/240 4316/8638/240 4389/9045/240 4382/9046/240
f 4354/8959/241 4358/8912/241 4431/8915/241 4427/8960/241
f 4347/8913/217 4345/8916/217 4418/8917/217 4420/8914/217
f 4442/9047/143 4453/9048/143 4458/9049/143 4447/9050/143
f 4438/9051/143 4449/9052/143 4455/9053/143 4444/9054/143
f 4440/9055/143 4451/9056/143 4457/9057/143 4446/9058/143
f 4436/9059/143 4461/9060/143 4452/9061/143 4441/9062/143
f 4448/9063/143 4459/9064/143 4460/9065/143 4437/9066/143
f 4445/9067/143 4456/9068/143 4450/9069/143 4439/9070/143
f 4443/9071/143 4454/9072/143 4453/9048/143 4442/9047/143
f 4439/9070/143 4450/9069/143 4449/9052/143 4438/9051/143
f 4447/9050/143 4458/9049/143 4459/9064/143 4448/9063/143
f 4446/9058/143 4457/9057/143 4456/9068/143 4445/9067/143
f 4437/9066/143 4460/9065/143 4461/9060/143 4436/9059/143
f 4441/9062/143 4452/9061/143 4451/9056/143 4440/9055/143
f 4315/8715/173 4299/9073/173 4452/9074/173 4461/8716/173
f 4296/8940/208 4297/8736/208 4439/8737/208 4438/9075/208
f 4299/9073/177 4314/8975/177 4451/9076/177 4452/9074/177
f 4294/8711/203 4308/8718/203 4448/8721/203 4437/8712/203
f 4313/8951/167 4290/8950/167 4441/9077/167 4440/9078/167
f 4300/8983/211 4454/9079/211 4472/9080/211 4464/9081/211
f 4290/8950/224 4312/8710/224 4436/8713/224 4441/9077/224
f 4300/8983/209 4304/8730/209 4453/8731/209 4454/9079/209
f 4309/8723/207 4303/8714/207 4460/8717/207 4459/8724/207
f 4295/8726/221 4291/8953/221 4443/9082/221 4442/8727/221
f 4293/8733/216 4313/8951/216 4440/9078/216 4446/8734/216
f 4305/8707/229 4301/8993/229 4455/9083/229 4449/8708/229
f 4292/8902/223 4296/8940/223 4438/9075/223 4444/8903/223
f 4314/8975/213 4302/8738/213 4457/8739/213 4451/9076/213
f 4462/9084/212 4464/9085/212 4472/9086/212 4470/8632/212
f 4463/9087/214 4465/9088/214 4469/8825/214 4467/8824/214
f 4464/9085/212 4462/9084/212 4466/8817/212 4468/8816/212
f 4465/9088/214 4463/9087/214 4471/8819/214 4473/9089/214
f 4291/8953/210 4364/8803/210 4466/8802/210 4462/9090/210
f 4454/9072/143 4443/9071/143 4470/9091/143 4472/9092/143
f 4443/9082/210 4291/8953/210 4462/9090/210 4470/9093/210
f 4368/8954/203 4371/8822/203 4190/8823/203 4474/9094/203
f 4455/9083/242 4301/8993/242 4465/9095/242 4473/9096/242
f 4444/9054/143 4455/9053/143 4473/9097/143 4471/9098/143
f 4373/8799/211 4300/8983/211 4464/9081/211 4468/8810/211
f 4301/8993/242 4374/8994/242 4469/9099/242 4465/9095/242
f 4374/8994/229 4378/8812/229 4195/8815/229 4476/9100/229
f 4372/8807/173 4388/8794/173 4205/8797/173 4191/8808/173
f 4376/8795/207 4382/8936/207 4199/9101/207 4193/8796/207
f 4384/9005/204 4375/8820/204 4192/8821/204 4201/9102/204
f 4469/9099/242 4374/8994/242 4476/9100/242 4285/9103/242
f 4380/9017/207 4377/8798/207 4194/8801/207 4197/9104/207
f 4367/8703/205 4385/8937/205 4202/9105/205 4187/8704/205
f 4383/8939/208 4370/8938/208 4189/9106/208 4200/9107/208
f 4382/8936/207 4380/9017/207 4197/9104/207 4199/9101/207
f 4370/8938/208 4369/8941/208 4188/9108/208 4189/9106/208
f 4379/8813/204 4384/9005/204 4201/9102/204 4196/8814/204
f 4363/8952/167 4386/8832/167 4203/8835/167 4183/9109/167
f 4364/8803/221 4368/8954/221 4474/9094/221 4184/8804/221
f 4369/8941/223 4365/8828/223 4185/8831/223 4188/9108/223
f 4366/8833/208 4383/8939/208 4200/9107/208 4186/8834/208
f 4385/8937/224 4363/8952/224 4183/9109/224 4202/9105/224
o gate-3
v -0.199912 14.322561 1.386904
v -0.199912 14.260234 1.449217
v -0.199912 14.178804 1.482936
v -0.199912 14.090671 1.482926
v -0.199912 14.009249 1.449190
v -0.199912 13.946935 1.386863
v -0.199912 13.913217 1.305434
v -0.199912 13.913226 1.217299
v -0.199912 13.946962 1.135877
v -0.199912 14.009290 1.073564
v -0.199912 14.090719 1.039845
v -0.199912 14.178853 1.039855
v -0.199912 14.260275 1.073591
v -0.199912 14.322589 1.135919
v -0.199912 14.356307 1.217348
v -0.199912 14.356297 1.305482
v -0.410826 14.322561 1.386904
v -0.410826 14.260234 1.449217
v -0.410826 14.178804 1.482936
v -0.410826 14.090671 1.482926
v -0.410826 14.009249 1.449190
v -0.410826 13.946935 1.386863
v -0.410826 13.913217 1.305434
v -0.410826 13.913226 1.217299
v -0.410826 13.946962 1.135877
v -0.410826 14.009290 1.073564
v -0.410826 14.090719 1.039845
v -0.410826 14.178853 1.039855
v -0.410826 14.260275 1.073591
v -0.410826 14.322589 1.135919
v -0.410826 14.356307 1.217348
v -0.410826 14.356297 1.305482
v -2.954644 14.322561 1.386904
v -2.954644 14.260234 1.449217
v -2.954644 14.178804 1.482936
v -2.954644 14.090671 1.482926
v -2.954644 14.009249 1.449190
v -2.954644 13.946935 1.386863
v -2.954644 13.913217 1.305434
v -2.954644 13.913226 1.217299
v -2.954644 13.946962 1.135878
v -2.954644 14.009290 1.073564
v -2.954644 14.090719 1.039845
v -2.954644 14.178853 1.039855
v -2.954644 14.260275 1.073591
v -2.954644 14.322589 1.135919
v -2.954644 14.356307 1.217348
v -2.954644 14.356297 1.305482
v -2.743730 14.322561 1.386904
v -2.743730 14.260234 1.449217
v -2.743730 14.178804 1.482936
v -2.743731 14.090671 1.482926
v -2.743731 14.009249 1.449190
v -2.743731 13.946935 1.386863
v -2.743731 13.913217 1.305434
v -2.743731 13.913226 1.217299
v -2.743731 13.946962 1.135878
v -2.743731 14.009290 1.073564
v -2.743731 14.090719 1.039845
v -2.743731 14.178853 1.039855
v -2.743731 14.260275 1.073591
v -2.743731 14.322589 1.135919
v -2.743730 14.356307 1.217348
v -2.743730 14.356297 1.305482
v -0.410826 14.134762 1.261391
v -1.577278 14.134762 1.261391
v -0.219822 16.581610 -2.399673
v -0.219822 17.677515 -1.132644
v -0.219822 14.991754 -2.927636
v -0.219822 16.032763 -2.693116
v -0.219822 17.062664 -2.004794
v -0.219822 17.457438 -1.523653
v -0.219822 15.437213 -2.873844
v -0.219822 15.734988 -2.783480
v -0.219822 17.260050 -1.764223
v -0.219822 16.486542 -2.257425
v -0.219822 17.544825 -1.050488
v -0.219822 14.966596 -2.773613
v -0.219822 15.960693 -2.535496
v -0.219822 16.944593 -1.877917
v -0.219822 17.317251 -1.411558
v -0.219822 15.387259 -2.701443
v -0.219822 15.673976 -2.618469
v -0.219822 17.130922 -1.644737
v -0.219822 17.161356 -1.884508
v -0.219822 17.037758 -1.761328
v -0.219822 15.883875 -2.738298
v -0.219822 15.817334 -2.576983
v -0.219822 16.630829 -2.366779
v -0.219822 16.532393 -2.432568
v -0.219822 16.437323 -2.290320
v -0.219822 16.535759 -2.224531
v -0.219822 16.506178 -1.194613
v -0.219822 16.603687 -1.084524
v -0.219822 16.046423 -1.598898
v -0.219822 15.997205 -1.631792
v -0.219822 16.095640 -1.566004
v -0.219822 15.355719 -1.911948
v -0.219822 15.494700 -1.863912
v -0.219822 16.402458 -1.084038
v -0.219822 16.500814 -0.975218
v -0.219822 15.968220 -1.481887
v -0.219822 15.919002 -1.514781
v -0.219822 16.017437 -1.448992
v -0.219822 15.296370 -1.780195
v -0.219822 15.434536 -1.730939
v -0.219822 15.855520 -0.500952
v -0.219822 15.958347 -0.398820
v -0.219822 15.769365 -0.409103
v -0.219822 15.872897 -0.308024
v -0.219822 15.507395 -0.792377
v -0.219822 15.458178 -0.825271
v -0.219822 15.556613 -0.759483
v -0.219822 15.429888 -0.676407
v -0.219822 15.380671 -0.709301
v -0.219822 15.479106 -0.643512
v -0.219822 14.919415 -0.943366
v -0.219822 15.052396 -0.886353
v -0.219822 15.106323 -1.005541
v -0.219822 14.972610 -1.061457
v -0.219822 15.128227 0.274410
v -0.219822 15.236998 0.367649
v -0.219822 15.030895 0.378175
v -0.219822 15.140463 0.470222
v -0.219822 14.832972 0.216731
v -0.219822 14.783753 0.183837
v -0.219822 14.882190 0.249625
v -0.219822 14.959696 0.133657
v -0.219822 14.910478 0.100762
v -0.219822 14.861259 0.067868
v -0.219822 14.482391 0.026809
v -0.219822 14.609365 0.092813
v -0.219822 14.666096 -0.032572
v -0.219822 14.538354 -0.097425
v -0.219822 14.007381 1.082541
v -0.219822 14.347288 1.309713
v -0.219822 14.227292 1.229516
v -0.219822 14.128857 1.163728
v -0.219822 14.178075 1.196622
v -0.390916 16.581610 -2.399673
v -0.390916 17.677515 -1.132644
v -0.390916 14.991754 -2.927636
v -0.390916 16.032763 -2.693116
v -0.390916 17.062664 -2.004794
v -0.390916 15.437213 -2.873844
v -0.390916 15.734988 -2.783480
v -0.390916 17.260050 -1.764223
v -0.390916 16.486542 -2.257425
v -0.390916 15.960693 -2.535496
v -0.390916 16.944593 -1.877917
v -0.390916 17.317251 -1.411558
v -0.390916 15.387259 -2.701443
v -0.390916 15.673976 -2.618469
v -0.390916 17.130922 -1.644737
v -0.390916 17.161356 -1.884508
v -0.390916 17.037758 -1.761328
v -0.390916 15.883875 -2.738298
v -0.390916 15.817334 -2.576983
v -0.390916 16.630829 -2.366779
v -0.390916 16.532393 -2.432568
v -0.390916 16.437323 -2.290320
v -0.390916 16.535759 -2.224531
v -0.390916 16.506178 -1.194613
v -0.390916 16.603687 -1.084524
v -0.390916 16.046423 -1.598898
v -0.390916 15.997205 -1.631792
v -0.390916 16.095640 -1.566004
v -0.390916 15.355719 -1.911948
v -0.390916 15.494700 -1.863912
v -0.390916 16.402458 -1.084038
v -0.390916 16.500814 -0.975218
v -0.390916 15.968220 -1.481887
v -0.390916 15.919002 -1.514781
v -0.390916 16.017437 -1.448992
v -0.390916 15.296370 -1.780195
v -0.390916 15.434536 -1.730939
v -0.390916 15.855520 -0.500952
v -0.390916 15.958347 -0.398820
v -0.390916 15.769365 -0.409103
v -0.390916 15.872897 -0.308024
v -0.390916 15.507395 -0.792377
v -0.390916 15.458178 -0.825271
v -0.390916 15.556613 -0.759483
v -0.390916 15.429888 -0.676407
v -0.390916 15.380671 -0.709301
v -0.390916 15.479106 -0.643512
v -0.390916 14.919415 -0.943366
v -0.390916 15.052396 -0.886353
v -0.390916 15.106323 -1.005541
v -0.390916 14.972610 -1.061457
v -0.390916 15.128227 0.274410
v -0.390916 15.236998 0.367649
v -0.390916 15.030895 0.378175
v -0.390916 15.140463 0.470222
v -0.390916 14.832972 0.216731
v -0.390916 14.783753 0.183837
v -0.390916 14.882190 0.249625
v -0.390916 14.959696 0.133657
v -0.390916 14.910478 0.100762
v -0.390916 14.861259 0.067868
v -0.390916 14.482391 0.026809
v -0.390916 14.609365 0.092813
v -0.390916 14.666096 -0.032572
v -0.390916 14.538354 -0.097425
v -0.390916 14.007381 1.082541
v -0.390916 14.347288 1.309713
v -0.390916 14.227292 1.229516
v -0.390916 14.128857 1.163728
v -0.390916 14.178075 1.196622
v -0.199912 16.630829 -2.366779
v -0.199912 17.062664 -2.004794
v -0.199912 15.437213 -2.873844
v -0.199912 15.734988 -2.783480
v -0.199912 16.532393 -2.432568
v -0.199912 16.581610 -2.399673
v -0.199912 17.457438 -1.523653
v -0.199912 17.677515 -1.132644
v -0.199912 14.991754 -2.927636
v -0.199912 15.883875 -2.738298
v -0.199912 16.032763 -2.693116
v -0.199912 17.260050 -1.764223
v -0.199912 17.161356 -1.884508
v -0.199912 15.387259 -2.701443
v -0.199912 15.673976 -2.618469
v -0.199912 16.437323 -2.290320
v -0.199912 16.486542 -2.257425
v -0.199912 17.317251 -1.411558
v -0.199912 17.544825 -1.050488
v -0.199912 14.966596 -2.773613
v -0.199912 15.817334 -2.576983
v -0.199912 15.960693 -2.535496
v -0.199912 17.130922 -1.644737
v -0.199912 17.037758 -1.761328
v -0.199912 16.944593 -1.877917
v -0.199912 16.535759 -2.224531
v -0.219822 17.814980 -0.843975
v -0.219822 14.672456 -2.944239
v -0.219822 17.670259 -0.763608
v -0.219822 14.653554 -2.779784
v -0.390916 17.814980 -0.843975
v -0.390916 17.670259 -0.763608
v -0.390916 14.653554 -2.779784
v -0.199912 17.814980 -0.843975
v -0.199912 14.672456 -2.944239
v -0.199912 17.670259 -0.763608
v -0.199912 14.653554 -2.779784
v -2.934734 16.581610 -2.399673
v -2.934734 17.677515 -1.132644
v -2.934734 14.991754 -2.927636
v -2.934734 16.032763 -2.693116
v -2.934734 17.062664 -2.004794
v -2.934734 17.457438 -1.523653
v -2.934734 15.437213 -2.873844
v -2.934734 15.734988 -2.783480
v -2.934734 17.260050 -1.764223
v -2.934734 16.486542 -2.257425
v -2.934734 17.544825 -1.050488
v -2.934734 14.966596 -2.773613
v -2.934734 15.960693 -2.535496
v -2.934734 16.944593 -1.877917
v -2.934734 17.317251 -1.411558
v -2.934734 15.387259 -2.701443
v -2.934734 15.673976 -2.618469
v -2.934734 17.130922 -1.644737
v -2.934734 17.161356 -1.884508
v -2.934734 17.037758 -1.761328
v -2.934734 15.883875 -2.738298
v -2.934734 15.817334 -2.576983
v -2.934734 16.630829 -2.366779
v -2.934734 16.532393 -2.432568
v -2.934734 16.437323 -2.290320
v -2.934734 16.535759 -2.224531
v -2.934734 16.506178 -1.194613
v -2.934734 16.603687 -1.084524
v -2.934734 16.046423 -1.598898
v -2.934734 15.997205 -1.631792
v -2.934734 16.095640 -1.566004
v -2.934734 15.355719 -1.911948
v -2.934734 15.494700 -1.863912
v -2.934734 16.402458 -1.084038
v -2.934734 16.500814 -0.975218
v -2.934734 15.968220 -1.481887
v -2.934734 15.919002 -1.514781
v -2.934734 16.017437 -1.448992
v -2.934734 15.296370 -1.780195
v -2.934734 15.434536 -1.730939
v -2.934734 15.855520 -0.500952
v -2.934734 15.958347 -0.398820
v -2.934734 15.769365 -0.409103
v -2.934734 15.872897 -0.308024
v -2.934734 15.507395 -0.792377
v -2.934734 15.458178 -0.825271
v -2.934734 15.556613 -0.759483
v -2.934734 15.429888 -0.676407
v -2.934734 15.380671 -0.709301
v -2.934734 15.479106 -0.643512
v -2.934734 14.919415 -0.943366
v -2.934734 15.052396 -0.886353
v -2.934734 15.106323 -1.005541
v -2.934734 14.972610 -1.061457
v -2.934734 15.128227 0.274410
v -2.934734 15.236998 0.367649
v -2.934734 15.030895 0.378175
v -2.934734 15.140463 0.470222
v -2.934734 14.832972 0.216731
v -2.934734 14.783753 0.183837
v -2.934734 14.882190 0.249625
v -2.934734 14.959696 0.133657
v -2.934734 14.910478 0.100762
v -2.934734 14.861259 0.067868
v -2.934734 14.482391 0.026810
v -2.934734 14.609365 0.092813
v -2.934734 14.666096 -0.032572
v -2.934734 14.538354 -0.097424
v -2.934734 14.007381 1.082542
v -2.934734 14.347288 1.309713
v -2.934734 14.227292 1.229516
v -2.934734 14.128857 1.163728
v -2.934734 14.178075 1.196622
v -2.763640 16.581610 -2.399673
v -2.763640 17.677515 -1.132644
v -2.763640 14.991754 -2.927636
v -2.763640 16.032763 -2.693116
v -2.763640 17.062664 -2.004794
v -2.763640 17.457438 -1.523653
v -2.763640 15.437213 -2.873844
v -2.763640 15.734988 -2.783480
v -2.763640 17.260050 -1.764223
v -2.763640 16.486542 -2.257425
v -2.763640 17.544825 -1.050488
v -2.763640 14.966596 -2.773613
v -2.763640 15.960693 -2.535496
v -2.763640 16.944593 -1.877917
v -2.763640 17.317251 -1.411558
v -2.763640 15.387259 -2.701443
v -2.763640 15.673976 -2.618469
v -2.763640 17.130922 -1.644737
v -2.763640 17.161356 -1.884508
v -2.763640 17.037758 -1.761328
v -2.763640 15.883875 -2.738298
v -2.763640 15.817334 -2.576983
v -2.763640 16.630829 -2.366779
v -2.763640 16.532393 -2.432568
v -2.763640 16.437323 -2.290320
v -2.763640 16.535759 -2.224531
v -2.763640 16.506178 -1.194613
v -2.763640 16.603687 -1.084524
v -2.763640 16.046423 -1.598898
v -2.763640 15.997205 -1.631792
v -2.763640 16.095640 -1.566004
v -2.763640 15.355719 -1.911948
v -2.763640 15.494700 -1.863912
v -2.763640 16.402458 -1.084038
v -2.763640 16.500814 -0.975218
v -2.763640 15.968220 -1.481887
v -2.763640 15.919002 -1.514781
v -2.763640 16.017437 -1.448992
v -2.763640 15.296370 -1.780195
v -2.763640 15.434536 -1.730939
v -2.763640 15.855520 -0.500952
v -2.763640 15.958347 -0.398820
v -2.763640 15.769365 -0.409103
v -2.763640 15.872897 -0.308024
v -2.763640 15.507395 -0.792377
v -2.763640 15.458178 -0.825271
v -2.763640 15.556613 -0.759483
v -2.763640 15.429888 -0.676407
v -2.763640 15.380671 -0.709301
v -2.763640 15.479106 -0.643512
v -2.763640 14.919415 -0.943366
v -2.763640 15.052396 -0.886353
v -2.763640 15.106323 -1.005541
v -2.763640 14.972610 -1.061457
v -2.763640 15.128227 0.274410
v -2.763640 15.236998 0.367649
v -2.763640 15.030895 0.378175
v -2.763640 15.140463 0.470222
v -2.763640 14.832972 0.216731
v -2.763640 14.783753 0.183837
v -2.763640 14.882190 0.249625
v -2.763640 14.959696 0.133657
v -2.763640 14.910478 0.100762
v -2.763640 14.861259 0.067868
v -2.763640 14.482391 0.026810
v -2.763640 14.609365 0.092813
v -2.763640 14.666096 -0.032572
v -2.763640 14.538354 -0.097424
v -2.763640 14.007381 1.082542
v -2.763640 14.347288 1.309713
v -2.763640 14.227292 1.229516
v -2.763640 14.128857 1.163728
v -2.763640 14.178075 1.196622
v -2.954644 16.630829 -2.366779
v -2.954644 17.062664 -2.004794
v -2.954644 15.437213 -2.873844
v -2.954644 15.734988 -2.783480
v -2.954644 16.532393 -2.432568
v -2.954644 16.581610 -2.399673
v -2.954644 17.457438 -1.523653
v -2.954644 17.677515 -1.132644
v -2.954644 14.991754 -2.927636
v -2.954644 15.883875 -2.738298
v -2.954644 16.032763 -2.693116
v -2.954644 17.260050 -1.764223
v -2.954644 17.161356 -1.884508
v -2.954644 15.387259 -2.701443
v -2.954644 15.673976 -2.618469
v -2.954644 16.437323 -2.290320
v -2.954644 16.486542 -2.257425
v -2.954644 17.317251 -1.411558
v -2.954644 17.544825 -1.050488
v -2.954644 14.966596 -2.773613
v -2.954644 15.817334 -2.576983
v -2.954644 15.960693 -2.535496
v -2.954644 17.130922 -1.644737
v -2.954644 17.037758 -1.761328
v -2.954644 16.944593 -1.877917
v -2.954644 16.535759 -2.224531
v -2.934734 17.814980 -0.843975
v -2.934734 14.672456 -2.944239
v -2.934734 17.670259 -0.763608
v -2.934734 14.653554 -2.779784
v -2.763640 17.814980 -0.843975
v -2.763640 14.672456 -2.944239
v -2.763640 17.670259 -0.763608
v -2.763640 14.653554 -2.779784
v -2.954644 17.814980 -0.843975
v -2.954644 14.672456 -2.944239
v -2.954644 17.670259 -0.763608
v -2.954644 14.653554 -2.779784
v -0.390916 17.457438 -1.523653
v -0.390916 17.544825 -1.050488
v -0.390916 14.966596 -2.773613
v -0.390916 14.672456 -2.944239
vn -1.0000 -0.0000 -0.0000
vn 1.0000 -0.0000 -0.0000
vn -0.0000 0.3826 0.9239
vn -0.0000 0.0001 -1.0000
vn -0.0000 -0.0001 1.0000
vn -0.0000 0.3828 -0.9238
vn -0.0000 -0.3828 0.9238
vn -0.0000 0.7072 -0.7070
vn -0.0000 -0.7072 0.7070
vn -0.0000 0.9239 -0.3826
vn -0.0000 -0.9239 0.3826
vn -0.0000 1.0000 0.0001
vn -0.0000 -1.0000 -0.0001
vn -0.0000 0.9238 0.3828
vn -0.0000 -0.7070 -0.7072
vn -0.0000 -0.9238 -0.3828
vn -0.0000 0.7070 0.7072
vn -0.0000 -0.3826 -0.9239
vn -0.0000 -0.2780 0.9606
vn -0.0000 0.6424 -0.7664
vn -0.0000 -0.6467 0.7628
vn -0.0000 0.7731 -0.6343
vn -0.0000 -0.7812 0.6243
vn -0.0000 0.2904 -0.9569
vn -0.0000 0.7282 0.6853
vn -0.0000 -0.5557 0.8314
vn -0.0000 0.0519 -0.9987
vn -0.0000 -0.8314 -0.5557
vn -0.0000 0.7269 0.6868
vn -0.0000 0.8314 0.5557
vn -0.0000 -0.9118 -0.4107
vn -0.0000 0.5557 -0.8314
vn -0.0000 0.8714 -0.4905
vn -0.0000 0.9111 0.4122
vn -0.0000 0.1199 -0.9928
vn -0.0000 0.5556 -0.8314
vn -0.0000 0.4624 -0.8867
vn -0.0000 -0.4574 0.8892
vn -0.0000 0.4576 -0.8892
vn -0.0000 -0.8460 0.5332
vn -0.0000 -0.4627 0.8865
vn -0.0000 0.4560 -0.8900
vn -0.0000 -0.4075 0.9132
vn -0.0000 -0.1691 0.9856
vn -0.0000 0.6410 -0.7675
vn -0.0000 -0.4747 0.8801
vn -0.0000 0.4193 -0.9078
vn -0.0000 -0.6540 0.7565
vn -0.0000 0.6542 -0.7563
vn -0.0000 -0.6879 0.7258
vn -0.0000 -0.7272 -0.6864
vn -0.0000 -0.6283 0.7780
vn -0.0000 0.6709 -0.7416
vn -0.0000 0.9124 0.4094
vn -0.0000 -0.7294 -0.6841
vn -0.0000 -0.9119 -0.4103
vn -0.0000 -0.9162 0.4006
vn -0.0000 0.4855 0.8742
vn -0.0000 -0.9935 -0.1142
vn -0.0000 0.9029 -0.4299
vn -0.0000 -0.0197 0.9998
vn -0.0000 -0.7731 0.6343
vn -0.0000 0.2780 -0.9606
vn -0.0000 -0.6424 0.7664
vn -0.0000 0.6467 -0.7628
vn -0.0000 0.7812 -0.6243
vn -0.0000 -0.2904 0.9569
vn -0.0000 0.8460 -0.5332
vn -0.0000 -0.9029 0.4299
vn -0.0000 0.9162 -0.4006
vn -0.0000 -0.4855 -0.8742
vn -0.0000 0.4574 -0.8892
vn -0.0000 0.9935 0.1142
vn -0.0000 -0.0519 0.9987
vn -0.0000 -0.4624 0.8867
vn -0.0000 -0.7282 -0.6853
vn -0.0000 -0.7282 -0.6854
vn -0.0000 -0.7269 -0.6868
vn -0.0000 0.9118 0.4107
vn -0.0000 -0.8714 0.4905
vn -0.0000 -0.9111 -0.4122
vn -0.0000 -0.1199 0.9928
vn -0.0000 -0.5556 0.8314
vn -0.0000 -0.4576 0.8892
vn -0.0000 0.4627 -0.8865
vn -0.0000 -0.4560 0.8900
vn -0.0000 0.4075 -0.9132
vn -0.0000 0.1691 -0.9856
vn -0.0000 -0.6410 0.7675
vn -0.0000 0.4747 -0.8801
vn -0.0000 -0.4193 0.9078
vn -0.0000 0.6540 -0.7565
vn -0.0000 -0.6542 0.7563
vn -0.0000 0.6879 -0.7258
vn -0.0000 0.7272 0.6864
vn -0.0000 0.6283 -0.7780
vn -0.0000 -0.6709 0.7416
vn -0.0000 -0.9124 -0.4094
vn -0.0000 0.7294 0.6841
vn -0.0000 0.9119 0.4103
vn -0.0000 0.0197 -0.9998
vt 0.481980 0.844569
vt 0.491278 0.848421
vt 0.498394 0.855537
vt 0.502245 0.864834
vt 0.502245 0.874898
vt 0.498394 0.884195
vt 0.491278 0.891311
vt 0.481980 0.895163
vt 0.471916 0.895163
vt 0.462619 0.891311
vt 0.455503 0.884195
vt 0.451652 0.874898
vt 0.451652 0.864834
vt 0.455503 0.855537
vt 0.462619 0.848421
vt 0.471916 0.844569
vt 0.513212 0.891312
vt 0.506096 0.884196
vt 0.502245 0.874898
vt 0.502245 0.864834
vt 0.506096 0.855537
vt 0.513212 0.848421
vt 0.522510 0.844569
vt 0.532573 0.844569
vt 0.541871 0.848421
vt 0.548987 0.855537
vt 0.552838 0.864834
vt 0.552838 0.874898
vt 0.548987 0.884196
vt 0.541871 0.891312
vt 0.532573 0.895163
vt 0.522510 0.895163
vt 0.773021 0.975343
vt 0.773021 0.983643
vt 0.748938 0.983643
vt 0.748938 0.975343
vt 0.845271 0.983607
vt 0.845271 0.975506
vt 0.869354 0.975506
vt 0.869354 0.983607
vt 0.678108 0.951298
vt 0.678108 0.959288
vt 0.654024 0.959288
vt 0.654024 0.951298
vt 0.845271 0.965737
vt 0.869354 0.965737
vt 0.678108 0.969011
vt 0.654024 0.969011
vt 0.845271 0.955786
vt 0.869354 0.955786
vt 0.678108 0.978987
vt 0.654024 0.978987
vt 0.845271 0.947170
vt 0.869354 0.947170
vt 0.678108 0.987698
vt 0.654024 0.987698
vt 0.773021 0.947170
vt 0.773021 0.955604
vt 0.748938 0.955604
vt 0.748938 0.947170
vt 0.773021 0.983643
vt 0.773021 0.975344
vt 0.797104 0.975344
vt 0.797104 0.983643
vt 0.773021 0.965497
vt 0.748938 0.965497
vt 0.773021 0.965498
vt 0.773021 0.955604
vt 0.797104 0.955604
vt 0.797104 0.965498
vt 0.773021 0.947170
vt 0.797104 0.947170
vt 0.607282 0.855537
vt 0.614398 0.848421
vt 0.623696 0.844570
vt 0.633760 0.844570
vt 0.643057 0.848421
vt 0.650173 0.855537
vt 0.654024 0.864834
vt 0.654024 0.874898
vt 0.650173 0.884196
vt 0.643057 0.891312
vt 0.633760 0.895163
vt 0.623696 0.895163
vt 0.614398 0.891312
vt 0.607282 0.884196
vt 0.603431 0.874898
vt 0.603431 0.864834
vt 0.592464 0.891311
vt 0.583166 0.895163
vt 0.573103 0.895163
vt 0.563805 0.891311
vt 0.556689 0.884195
vt 0.552838 0.874898
vt 0.552838 0.864834
vt 0.556689 0.855537
vt 0.563805 0.848421
vt 0.573103 0.844569
vt 0.583166 0.844569
vt 0.592464 0.848421
vt 0.599580 0.855537
vt 0.603431 0.864834
vt 0.603431 0.874898
vt 0.599580 0.884195
vt 0.821188 0.975209
vt 0.821188 0.983643
vt 0.797104 0.983643
vt 0.797104 0.975209
vt 0.389377 0.947801
vt 0.389377 0.955791
vt 0.365294 0.955791
vt 0.365294 0.947801
vt 0.845271 0.947170
vt 0.845271 0.955271
vt 0.821188 0.955271
vt 0.821188 0.947170
vt 0.389377 0.965515
vt 0.365294 0.965515
vt 0.845271 0.965041
vt 0.821188 0.965041
vt 0.389377 0.975491
vt 0.365294 0.975491
vt 0.845271 0.974991
vt 0.821188 0.974991
vt 0.389377 0.984201
vt 0.365294 0.984201
vt 0.845271 0.983607
vt 0.821188 0.983607
vt 0.821188 0.947170
vt 0.821188 0.955470
vt 0.797104 0.955470
vt 0.797104 0.947170
vt 0.724855 0.983643
vt 0.724855 0.975209
vt 0.748938 0.975209
vt 0.748938 0.983643
vt 0.821188 0.965316
vt 0.797104 0.965316
vt 0.724855 0.965316
vt 0.724855 0.955470
vt 0.748938 0.955470
vt 0.748938 0.965316
vt 0.724855 0.947170
vt 0.748938 0.947170
vt 0.356760 0.489453
vt 0.356735 0.471632
vt 0.392119 0.466517
vt 0.393042 0.485396
vt 0.885404 0.740884
vt 0.885404 0.772636
vt 0.883130 0.772636
vt 0.883130 0.740884
vt 0.885404 0.219123
vt 0.885404 0.283339
vt 0.883130 0.283339
vt 0.883130 0.219123
vt 0.885404 0.574283
vt 0.885404 0.635410
vt 0.883130 0.635410
vt 0.883130 0.574283
vt 0.885404 0.300560
vt 0.885404 0.317781
vt 0.883130 0.317781
vt 0.883130 0.300560
vt 0.885404 0.541203
vt 0.885404 0.557743
vt 0.883130 0.557743
vt 0.883130 0.541203
vt 0.885404 0.352222
vt 0.883130 0.352222
vt 0.885404 0.725008
vt 0.883130 0.725008
vt 0.885404 0.508122
vt 0.883130 0.508122
vt 0.885404 0.125297
vt 0.885404 0.142043
vt 0.883130 0.142043
vt 0.883130 0.125297
vt 0.885404 0.108552
vt 0.883130 0.108552
vt 0.885404 0.709131
vt 0.883130 0.709131
vt 0.000000 0.929793
vt 0.028618 0.846744
vt 0.043933 0.853632
vt 0.015167 0.937563
vt 0.095820 0.963361
vt 0.110758 0.874161
vt 0.117424 0.875278
vt 0.102487 0.964477
vt 0.089153 0.962244
vt 0.104091 0.873045
vt 0.180477 0.965246
vt 0.180626 0.875878
vt 0.197348 0.874361
vt 0.197348 0.962842
vt 0.034202 0.830540
vt 0.049545 0.837256
vt 0.113412 0.858312
vt 0.120079 0.859428
vt 0.106745 0.857195
vt 0.180653 0.859212
vt 0.197348 0.857861
vt 0.063647 0.745091
vt 0.079142 0.750901
vt 0.068285 0.731630
vt 0.083804 0.737298
vt 0.129052 0.764915
vt 0.135719 0.766032
vt 0.122386 0.763799
vt 0.131683 0.749207
vt 0.138350 0.750323
vt 0.125016 0.748090
vt 0.180805 0.768299
vt 0.180829 0.753361
vt 0.197348 0.753060
vt 0.197348 0.767850
vt 0.102801 0.631464
vt 0.118498 0.636070
vt 0.108041 0.616258
vt 0.123765 0.620703
vt 0.149312 0.643937
vt 0.151942 0.628229
vt 0.158609 0.629345
vt 0.155978 0.645053
vt 0.142645 0.642821
vt 0.145275 0.627112
vt 0.181007 0.646358
vt 0.181033 0.630643
vt 0.197348 0.631560
vt 0.197348 0.647119
vt 0.180836 0.496616
vt 0.197290 0.499371
vt 0.167503 0.494383
vt 0.174170 0.495499
vt 0.151249 0.491661
vt 0.305574 0.491661
vt 0.270348 0.487008
vt 0.274158 0.467284
vt 0.308002 0.471310
vt 0.052900 0.377041
vt 0.020846 0.337072
vt 0.034271 0.325353
vt 0.066613 0.361809
vt 0.161682 0.456689
vt 0.106309 0.423921
vt 0.117256 0.407435
vt 0.169752 0.438897
vt 0.173993 0.462274
vt 0.167837 0.459481
vt 0.175908 0.441690
vt 0.182064 0.444482
vt 0.252734 0.484681
vt 0.235121 0.482354
vt 0.240315 0.463258
vt 0.257237 0.465271
vt 0.092957 0.412201
vt 0.079605 0.400481
vt 0.091935 0.384622
vt 0.104595 0.396028
vt 0.280183 0.379567
vt 0.296736 0.382393
vt 0.207115 0.356534
vt 0.213271 0.359326
vt 0.219426 0.362119
vt 0.141294 0.311188
vt 0.154326 0.321775
vt 0.284661 0.362844
vt 0.301142 0.365829
vt 0.213753 0.341899
vt 0.219909 0.344691
vt 0.226065 0.347484
vt 0.150499 0.297493
vt 0.163600 0.307928
vt 0.308270 0.274664
vt 0.324372 0.278486
vt 0.311989 0.260774
vt 0.328031 0.264727
vt 0.252874 0.255661
vt 0.259030 0.258453
vt 0.265186 0.261245
vt 0.259454 0.241156
vt 0.265610 0.243948
vt 0.271765 0.246741
vt 0.214191 0.232391
vt 0.200711 0.222789
vt 0.208962 0.210515
vt 0.222503 0.219980
vt 0.339665 0.157406
vt 0.355262 0.162340
vt 0.343867 0.141714
vt 0.359396 0.146797
vt 0.309703 0.146746
vt 0.303548 0.143954
vt 0.310127 0.129449
vt 0.316283 0.132242
vt 0.315859 0.149539
vt 0.322439 0.135034
vt 0.282048 0.131074
vt 0.268061 0.122590
vt 0.276740 0.109677
vt 0.290792 0.118017
vt 0.350529 0.000000
vt 0.365723 0.006892
vt 0.371878 0.009685
vt 0.378034 0.012477
vt 0.393042 0.019285
vt 0.944013 0.249854
vt 0.944013 0.263866
vt 0.924476 0.263866
vt 0.924476 0.249854
vt 0.944013 0.352819
vt 0.944013 0.369688
vt 0.924476 0.369688
vt 0.924476 0.352819
vt 0.353639 0.946647
vt 0.353639 0.953393
vt 0.334103 0.953393
vt 0.334103 0.946647
vt 0.885404 0.030472
vt 0.883130 0.030472
vt 0.883130 0.000000
vt 0.885404 0.000000
vt 0.353639 0.939902
vt 0.334103 0.939902
vt 0.924476 0.725280
vt 0.924476 0.590712
vt 0.944013 0.590712
vt 0.944013 0.725280
vt 0.944012 0.000000
vt 0.944013 0.129749
vt 0.924476 0.129749
vt 0.924476 0.000000
vt 0.944013 0.145579
vt 0.924476 0.145579
vt 0.490724 0.985598
vt 0.490724 0.895163
vt 0.510260 0.895163
vt 0.510260 0.985598
vt 0.353639 0.969839
vt 0.334103 0.969839
vt 0.963549 0.869549
vt 0.963549 0.774859
vt 0.983085 0.774859
vt 0.983085 0.869549
vt 0.353639 0.923253
vt 0.334103 0.923253
vt 0.944013 0.456144
vt 0.944012 0.590712
vt 0.924476 0.590712
vt 0.924476 0.456144
vt 0.389377 0.491661
vt 0.389377 0.578745
vt 0.369840 0.578745
vt 0.369840 0.491661
vt 0.904940 0.030472
vt 0.904940 0.000000
vt 0.904940 0.283339
vt 0.904940 0.300560
vt 0.904940 0.557743
vt 0.904940 0.574283
vt 0.904940 0.219123
vt 0.904940 0.108552
vt 0.904940 0.125297
vt 0.885404 0.075060
vt 0.904940 0.075060
vt 0.944013 0.961343
vt 0.944013 0.854615
vt 0.963549 0.854615
vt 0.963549 0.961343
vt 0.944013 0.857692
vt 0.944013 0.964420
vt 0.924476 0.964420
vt 0.924476 0.857692
vt 0.885404 0.212371
vt 0.885404 0.205618
vt 0.904940 0.205618
vt 0.904940 0.212371
vt 0.885404 0.398942
vt 0.904940 0.352222
vt 0.904940 0.398942
vt 0.622968 0.895163
vt 0.622967 0.983497
vt 0.603431 0.983497
vt 0.603431 0.895163
vt 0.389377 0.802398
vt 0.389377 0.817710
vt 0.369840 0.817710
vt 0.369840 0.802398
vt 0.389377 0.683574
vt 0.389377 0.698129
vt 0.369840 0.698129
vt 0.369840 0.683574
vt 0.983085 0.680169
vt 0.983085 0.774859
vt 0.963549 0.774859
vt 0.963549 0.680169
vt 0.904940 0.142043
vt 0.980463 0.105771
vt 0.980463 0.211536
vt 0.960927 0.211536
vt 0.960927 0.105771
vt 0.904940 0.317781
vt 0.389377 0.594984
vt 0.369840 0.594984
vt 0.885404 0.648901
vt 0.904940 0.648901
vt 0.904940 0.709131
vt 0.904940 0.740884
vt 0.904940 0.772636
vt 0.572374 0.895163
vt 0.572374 0.985024
vt 0.552838 0.985024
vt 0.552838 0.895163
vt 0.924476 0.989163
vt 0.924476 0.964420
vt 0.944013 0.964420
vt 0.944013 0.989163
vt 0.885404 0.462423
vt 0.904940 0.462423
vt 0.904940 0.508122
vt 0.097682 0.965246
vt 0.097682 0.987375
vt 0.078146 0.987375
vt 0.078146 0.965246
vt 0.883130 0.995868
vt 0.883130 0.951315
vt 0.902666 0.951315
vt 0.902666 0.995868
vt 0.314566 0.923253
vt 0.314566 0.982179
vt 0.295030 0.982179
vt 0.295030 0.923253
vt 0.904940 0.635410
vt 0.885404 0.815781
vt 0.904940 0.815781
vt 0.944013 0.986370
vt 0.963549 0.986370
vt 1.000000 0.361300
vt 1.000000 0.403351
vt 0.980464 0.403351
vt 0.980464 0.361300
vt 0.197348 0.985166
vt 0.197348 0.923253
vt 0.216884 0.923253
vt 0.216884 0.985166
vt 0.904940 0.725008
vt 0.039073 0.965246
vt 0.039073 0.987652
vt 0.019536 0.987652
vt 0.019536 0.965246
vt 0.705318 0.992159
vt 0.705318 0.947170
vt 0.724855 0.947170
vt 0.724855 0.992159
vt 0.255957 0.923253
vt 0.255957 0.983495
vt 0.236421 0.983495
vt 0.236421 0.923253
vt 0.904940 0.541203
vt 0.393042 0.976637
vt 0.393042 0.844569
vt 0.412579 0.844569
vt 0.412579 0.976637
vt 1.000000 0.274300
vt 1.000000 0.316888
vt 0.980464 0.316888
vt 0.980464 0.274300
vt 0.960926 0.585479
vt 0.960926 0.522583
vt 0.980463 0.522583
vt 0.980463 0.585479
vt 0.490724 0.895163
vt 0.490724 0.985598
vt 0.471188 0.985598
vt 0.471188 0.895163
vt 0.944013 0.725280
vt 0.924476 0.725280
vt 0.960927 0.105771
vt 0.960927 0.000000
vt 0.980464 0.000000
vt 0.980464 0.105771
vt 0.510260 0.985393
vt 0.529797 0.895163
vt 0.529797 0.985393
vt 0.980464 0.087697
vt 1.000000 0.000000
vt 1.000000 0.087697
vt 0.389377 0.947801
vt 0.369840 0.947801
vt 0.311189 0.568729
vt 0.330725 0.574925
vt 0.320411 0.607409
vt 0.300874 0.602731
vt 0.311189 0.846185
vt 0.330725 0.839989
vt 0.350564 0.884503
vt 0.334346 0.891887
vt 0.283594 0.714216
vt 0.303130 0.714216
vt 0.310096 0.775021
vt 0.290560 0.778180
vt 0.283594 0.700697
vt 0.303131 0.700697
vt 0.303131 0.707457
vt 0.283594 0.707457
vt 0.295717 0.619732
vt 0.315253 0.623651
vt 0.310096 0.639892
vt 0.290560 0.636734
vt 0.295717 0.795181
vt 0.315253 0.791263
vt 0.320411 0.807505
vt 0.300874 0.812182
vt 0.334346 0.523027
vt 0.350564 0.530411
vt 0.885404 0.642156
vt 0.883130 0.642156
vt 0.883130 0.075060
vt 0.883130 0.648901
vt 0.883130 0.212371
vt 0.883130 0.205618
vt 0.883130 0.462423
vt 0.883130 0.431134
vt 0.885404 0.431134
vt 0.883130 0.398942
vt 0.883130 0.815781
vt 0.097682 0.984782
vt 0.114389 0.984782
vt 0.114389 0.987056
vt 0.097682 0.987056
vt 0.131095 0.984783
vt 0.114389 0.984783
vt 0.114389 0.965246
vt 0.131095 0.965246
vt 0.097682 0.965246
vt 0.131095 0.987056
vt 0.114389 0.987056
vt 0.904940 0.431134
vt 0.353028 0.491661
vt 0.369840 0.500301
vt 0.000000 0.307100
vt 0.014813 0.295360
vt 0.885404 0.844587
vt 0.883130 0.844587
vt 0.369840 0.914613
vt 0.353029 0.923253
vt 0.904940 0.431134
vt 0.904940 0.844587
vt 0.414852 0.299201
vt 0.414852 0.281902
vt 0.685782 0.281902
vt 0.685782 0.299201
vt 0.683509 0.535416
vt 0.683509 0.503441
vt 0.685782 0.503441
vt 0.685782 0.535416
vt 0.395316 0.217623
vt 0.395316 0.281902
vt 0.393042 0.281902
vt 0.393042 0.217623
vt 0.683509 0.702375
vt 0.683509 0.641314
vt 0.685782 0.641314
vt 0.685782 0.702375
vt 0.395316 0.299201
vt 0.395316 0.316499
vt 0.393042 0.316499
vt 0.393042 0.299201
vt 0.683509 0.735299
vt 0.683509 0.718837
vt 0.685782 0.718837
vt 0.685782 0.735299
vt 0.395316 0.351095
vt 0.393042 0.351095
vt 0.683509 0.551403
vt 0.685782 0.551403
vt 0.683509 0.768224
vt 0.685782 0.768224
vt 0.395316 0.124116
vt 0.395316 0.140750
vt 0.393042 0.140750
vt 0.393042 0.124116
vt 0.395316 0.107482
vt 0.393042 0.107482
vt 0.683509 0.567390
vt 0.685782 0.567390
vt 0.685782 0.911718
vt 0.714400 0.828668
vt 0.729715 0.835556
vt 0.700949 0.919487
vt 0.781602 0.945285
vt 0.796540 0.856085
vt 0.803206 0.857202
vt 0.788269 0.946401
vt 0.774935 0.944168
vt 0.789873 0.854969
vt 0.866259 0.947170
vt 0.866408 0.857802
vt 0.883130 0.856285
vt 0.883130 0.944766
vt 0.719984 0.812464
vt 0.735327 0.819180
vt 0.799194 0.840236
vt 0.805861 0.841352
vt 0.792527 0.839119
vt 0.866436 0.841136
vt 0.883130 0.839785
vt 0.749429 0.727015
vt 0.764924 0.732825
vt 0.754067 0.713555
vt 0.769586 0.719222
vt 0.814834 0.746839
vt 0.821501 0.747956
vt 0.808168 0.745723
vt 0.817465 0.731131
vt 0.824132 0.732247
vt 0.810798 0.730014
vt 0.866587 0.750223
vt 0.866611 0.735285
vt 0.883130 0.734984
vt 0.883130 0.749774
vt 0.788584 0.613388
vt 0.804280 0.617994
vt 0.793823 0.598182
vt 0.809547 0.602627
vt 0.835094 0.625861
vt 0.837724 0.610153
vt 0.844391 0.611269
vt 0.841761 0.626977
vt 0.828427 0.624745
vt 0.831058 0.609036
vt 0.866789 0.628282
vt 0.866815 0.612567
vt 0.883130 0.613484
vt 0.883130 0.629043
vt 0.866618 0.478540
vt 0.883072 0.481295
vt 0.853285 0.476307
vt 0.859952 0.477423
vt 0.837031 0.473585
vt 0.663972 0.641314
vt 0.663972 0.702375
vt 0.393042 0.702375
vt 0.393042 0.641314
vt 0.663972 0.768224
vt 0.663972 0.813604
vt 0.393042 0.813604
vt 0.393042 0.768224
vt 0.414852 0.430696
vt 0.414852 0.398193
vt 0.685782 0.398193
vt 0.685782 0.430696
vt 0.663972 0.627809
vt 0.663972 0.634562
vt 0.393042 0.634562
vt 0.393042 0.627809
vt 0.663972 0.844570
vt 0.393042 0.844570
vt 0.663972 0.503441
vt 0.663972 0.535416
vt 0.393042 0.535416
vt 0.393042 0.503441
vt 0.944013 0.021810
vt 0.960927 0.021810
vt 0.960927 0.292740
vt 0.944013 0.292740
vt 0.663972 0.567390
vt 0.393042 0.567390
vt 0.414852 0.316499
vt 0.685782 0.316499
vt 0.944013 0.314549
vt 0.960927 0.314549
vt 0.960927 0.585479
vt 0.944013 0.585479
vt 0.414852 0.030098
vt 0.414852 0.000000
vt 0.685782 0.000000
vt 0.685782 0.030098
vt 0.414852 0.204132
vt 0.414852 0.140750
vt 0.685782 0.140750
vt 0.685782 0.204132
vt 0.685782 0.035452
vt 0.700949 0.027684
vt 0.729715 0.111614
vt 0.714400 0.118502
vt 0.781602 0.001885
vt 0.788269 0.000769
vt 0.803206 0.089968
vt 0.796540 0.091085
vt 0.774935 0.003002
vt 0.789873 0.092201
vt 0.866259 0.000000
vt 0.883130 0.002404
vt 0.883130 0.090885
vt 0.866408 0.089368
vt 0.735327 0.127990
vt 0.719984 0.134706
vt 0.805861 0.105818
vt 0.799194 0.106935
vt 0.792527 0.108051
vt 0.883130 0.107385
vt 0.866436 0.106034
vt 0.764924 0.214345
vt 0.749429 0.220155
vt 0.769586 0.227948
vt 0.754067 0.233616
vt 0.821501 0.199214
vt 0.814834 0.200331
vt 0.808167 0.201447
vt 0.824131 0.214923
vt 0.817465 0.216039
vt 0.810798 0.217156
vt 0.866587 0.196947
vt 0.883130 0.197397
vt 0.883130 0.212186
vt 0.866611 0.211885
vt 0.804280 0.329176
vt 0.788583 0.333782
vt 0.809547 0.344543
vt 0.793823 0.348988
vt 0.835094 0.321309
vt 0.841760 0.320193
vt 0.844391 0.335901
vt 0.837724 0.337018
vt 0.828427 0.322426
vt 0.831057 0.338134
vt 0.866789 0.318888
vt 0.883130 0.318127
vt 0.883130 0.333686
vt 0.866815 0.334603
vt 0.883072 0.465875
vt 0.866618 0.468630
vt 0.859951 0.469747
vt 0.853285 0.470863
vt 0.837031 0.473585
vt 0.904940 0.207122
vt 0.904940 0.193053
vt 0.924476 0.193053
vt 0.924476 0.207122
vt 0.904940 0.103741
vt 0.904940 0.086804
vt 0.924476 0.086804
vt 0.924476 0.103741
vt 0.334103 0.946671
vt 0.334103 0.953424
vt 0.314566 0.953424
vt 0.314566 0.946671
vt 0.395316 0.030098
vt 0.393042 0.030098
vt 0.393042 0.000000
vt 0.395316 0.000000
vt 0.334103 0.939919
vt 0.314566 0.939919
vt 0.963549 0.585479
vt 0.963549 0.720047
vt 0.944013 0.720047
vt 0.944013 0.585479
vt 0.904940 0.457988
vt 0.904940 0.327710
vt 0.924476 0.327710
vt 0.924476 0.457988
vt 0.904940 0.311816
vt 0.924476 0.311816
vt 0.963549 0.959984
vt 0.963549 0.869549
vt 0.983085 0.959984
vt 0.334103 0.969886
vt 0.314566 0.969886
vt 0.960927 0.516923
vt 0.960927 0.422233
vt 0.980464 0.422233
vt 0.980464 0.516923
vt 0.314566 0.923253
vt 0.963549 0.720047
vt 0.963549 0.854615
vt 0.944013 0.854615
vt 0.944013 0.720047
vt 0.904940 0.915968
vt 0.904940 0.828533
vt 0.924476 0.828533
vt 0.924476 0.915968
vt 0.663972 0.718837
vt 0.414852 0.217623
vt 0.414852 0.107482
vt 0.414852 0.124116
vt 0.395316 0.074214
vt 0.414852 0.074214
vt 0.654025 0.951298
vt 0.654025 0.844569
vt 0.673561 0.844569
vt 0.673561 0.951298
vt 0.902666 0.844587
vt 0.902666 0.951315
vt 0.883130 0.951315
vt 0.883130 0.844587
vt 0.395316 0.210878
vt 0.395316 0.204132
vt 0.414852 0.210878
vt 0.395316 0.398193
vt 0.414852 0.351095
vt 0.642504 0.895163
vt 0.642504 0.983146
vt 0.622968 0.983146
vt 0.904940 0.603979
vt 0.904940 0.588605
vt 0.924476 0.588605
vt 0.924476 0.603979
vt 0.904940 0.723282
vt 0.904940 0.708668
vt 0.924476 0.708668
vt 0.924476 0.723282
vt 0.983085 0.585479
vt 0.983085 0.680169
vt 0.924476 0.000000
vt 0.980464 0.316888
vt 0.980464 0.422233
vt 0.960927 0.422233
vt 0.960927 0.316888
vt 0.904940 0.812228
vt 0.924476 0.812228
vt 0.683509 0.627809
vt 0.591911 0.895163
vt 0.591911 0.984667
vt 0.572374 0.984667
vt 0.572374 0.895163
vt 0.000000 0.989912
vt 0.000000 0.965246
vt 0.019536 0.989912
vt 0.683509 0.813604
vt 0.078146 0.965246
vt 0.078146 0.987442
vt 0.058609 0.987442
vt 0.058609 0.965246
vt 1.000000 0.316888
vt 1.000000 0.361300
vt 0.295030 0.982427
vt 0.275493 0.982427
vt 0.275493 0.923253
vt 0.683509 0.459887
vt 0.663972 0.459887
vt 0.963549 0.985034
vt 0.983085 0.985034
vt 1.000000 0.189572
vt 1.000000 0.231740
vt 0.980464 0.231740
vt 0.980464 0.189572
vt 0.216884 0.984922
vt 0.216884 0.923253
vt 0.236421 0.923253
vt 0.236421 0.984922
vt 0.663972 0.551403
vt 0.058609 0.965246
vt 0.058609 0.987624
vt 0.039073 0.987624
vt 0.039073 0.965246
vt 0.685782 0.992216
vt 0.685782 0.947170
vt 0.705318 0.947170
vt 0.705318 0.992216
vt 0.275493 0.983368
vt 0.255957 0.983368
vt 0.255957 0.923253
vt 0.663972 0.735299
vt 0.432115 0.976102
vt 0.432115 0.844569
vt 0.451652 0.844569
vt 0.451652 0.976102
vt 1.000000 0.231740
vt 1.000000 0.274300
vt 0.980464 0.274300
vt 0.980464 0.231740
vt 0.904940 0.978970
vt 0.904940 0.915968
vt 0.924476 0.915968
vt 0.924476 0.978970
vt 0.471188 0.985598
vt 0.451652 0.985598
vt 0.451652 0.895163
vt 0.412579 0.976445
vt 0.412579 0.844570
vt 0.432115 0.844570
vt 0.432115 0.976445
vt 0.960927 0.316888
vt 0.960927 0.211536
vt 0.980464 0.211536
vt 0.529797 0.985035
vt 0.529797 0.895163
vt 0.549333 0.895163
vt 0.549333 0.985035
vt 0.980464 0.175046
vt 1.000000 0.087697
vt 1.000000 0.175046
vt 0.224943 0.568729
vt 0.244479 0.574925
vt 0.234165 0.607409
vt 0.214628 0.602731
vt 0.224943 0.846185
vt 0.244479 0.839989
vt 0.264318 0.884503
vt 0.248100 0.891887
vt 0.197348 0.714216
vt 0.216884 0.714216
vt 0.223850 0.775021
vt 0.204314 0.778180
vt 0.197348 0.700697
vt 0.216885 0.700697
vt 0.216885 0.707457
vt 0.197348 0.707457
vt 0.209471 0.619732
vt 0.229007 0.623651
vt 0.223850 0.639892
vt 0.204314 0.636734
vt 0.209471 0.795181
vt 0.229007 0.791263
vt 0.234165 0.807505
vt 0.214628 0.812182
vt 0.248100 0.523027
vt 0.264318 0.530411
vt 0.683509 0.634562
vt 0.685782 0.634562
vt 0.393042 0.074214
vt 0.685782 0.627809
vt 0.393042 0.210878
vt 0.393042 0.204132
vt 0.685782 0.813604
vt 0.685782 0.844570
vt 0.683509 0.844570
vt 0.393042 0.398193
vt 0.685782 0.459887
vt 0.960927 0.002273
vt 0.944013 0.002273
vt 0.944013 0.000000
vt 0.944013 0.295013
vt 0.960927 0.295013
vt 0.960927 0.292740
vt 0.395316 0.430696
vt 0.266782 0.491661
vt 0.283594 0.500301
vt 0.393042 0.430696
vt 0.685782 0.351095
vt 0.683509 0.430697
vt 0.685782 0.430697
vt 0.283594 0.914613
vt 0.266783 0.923253
vt 0.663972 0.430697
vt 0.393043 0.459887
vt 0.393042 0.718837
vt 0.393042 0.551403
vt 0.393042 0.430697
vt 0.393042 0.735299
vt 0.685782 0.217623
vt 0.685782 0.107482
vt 0.685782 0.124116
vt 0.685782 0.074214
vt 0.685782 0.210878
s 0
usemtl gate
f 4479/9110/243 4478/9111/243 4493/9112/243 4492/9113/243 4491/9114/243 4490/9115/243 4489/9116/243 4488/9117/243 4487/9118/243 4486/9119/243 4485/9120/243 4484/9121/243 4483/9122/243 4482/9123/243 4481/9124/243 4480/9125/243
f 4495/9126/244 4496/9127/244 4497/9128/244 4498/9129/244 4499/9130/244 4500/9131/244 4501/9132/244 4502/9133/244 4503/9134/244 4504/9135/244 4505/9136/244 4506/9137/244 4507/9138/244 4508/9139/244 4509/9140/244 4494/9141/244
f 4487/9142/245 4488/9143/245 4504/9144/245 4503/9145/245
f 4480/9146/246 4481/9147/246 4497/9148/246 4496/9149/246
f 4488/9150/247 4489/9151/247 4505/9152/247 4504/9153/247
f 4481/9147/248 4482/9154/248 4498/9155/248 4497/9148/248
f 4489/9151/249 4490/9156/249 4506/9157/249 4505/9152/249
f 4482/9154/250 4483/9158/250 4499/9159/250 4498/9155/250
f 4490/9156/251 4491/9160/251 4507/9161/251 4506/9157/251
f 4483/9158/252 4484/9162/252 4500/9163/252 4499/9159/252
f 4491/9160/253 4492/9164/253 4508/9165/253 4507/9161/253
f 4484/9166/254 4485/9167/254 4501/9168/254 4500/9169/254
f 4492/9170/255 4493/9171/255 4509/9172/255 4508/9173/255
f 4485/9167/256 4486/9174/256 4502/9175/256 4501/9168/256
f 4478/9176/257 4479/9177/257 4495/9178/257 4494/9179/257
f 4493/9171/258 4478/9176/258 4494/9179/258 4509/9172/258
f 4486/9174/259 4487/9142/259 4503/9145/259 4502/9175/259
f 4479/9177/260 4480/9180/260 4496/9181/260 4495/9178/260
f 4511/9182/243 4510/9183/243 4525/9184/243 4524/9185/243 4523/9186/243 4522/9187/243 4521/9188/243 4520/9189/243 4519/9190/243 4518/9191/243 4517/9192/243 4516/9193/243 4515/9194/243 4514/9195/243 4513/9196/243 4512/9197/243
f 4527/9198/244 4528/9199/244 4529/9200/244 4530/9201/244 4531/9202/244 4532/9203/244 4533/9204/244 4534/9205/244 4535/9206/244 4536/9207/244 4537/9208/244 4538/9209/244 4539/9210/244 4540/9211/244 4541/9212/244 4526/9213/244
f 4519/9214/260 4520/9215/260 4536/9216/260 4535/9217/260
f 4512/9218/247 4513/9219/247 4529/9220/247 4528/9221/247
f 4520/9222/246 4521/9223/246 4537/9224/246 4536/9225/246
f 4513/9219/249 4514/9226/249 4530/9227/249 4529/9220/249
f 4521/9223/248 4522/9228/248 4538/9229/248 4537/9224/248
f 4514/9226/251 4515/9230/251 4531/9231/251 4530/9227/251
f 4522/9228/250 4523/9232/250 4539/9233/250 4538/9229/250
f 4515/9230/253 4516/9234/253 4532/9235/253 4531/9231/253
f 4523/9232/252 4524/9236/252 4540/9237/252 4539/9233/252
f 4516/9238/255 4517/9239/255 4533/9240/255 4532/9241/255
f 4524/9242/254 4525/9243/254 4541/9244/254 4540/9245/254
f 4517/9239/258 4518/9246/258 4534/9247/258 4533/9240/258
f 4510/9248/259 4511/9249/259 4527/9250/259 4526/9251/259
f 4525/9243/256 4510/9248/256 4526/9251/256 4541/9244/256
f 4518/9246/257 4519/9214/257 4535/9217/257 4534/9247/257
f 4511/9249/245 4512/9252/245 4528/9253/245 4527/9250/245
f 4618/9254/243 4909/9255/243 4718/9256/243 4717/9257/243
f 4560/9258/261 4559/9259/261 4700/9260/261 4701/9261/261
f 4566/9262/262 4548/9263/262 4688/9264/262 4687/9265/262
f 4557/9266/263 4569/9267/263 4712/9268/263 4711/9269/263
f 4562/9270/264 4552/9271/264 4698/9272/264 4699/9273/264
f 4561/9274/265 4563/9275/265 4710/9276/265 4709/9277/265
f 4552/9271/264 4549/9278/264 4693/9279/264 4698/9272/264
f 4565/9280/261 4560/9258/261 4701/9261/261 4707/9281/261
f 4558/9282/265 4561/9274/265 4709/9277/265 4704/9283/265
f 4564/9284/266 4547/9285/266 4697/9286/266 4696/9287/266
f 4551/9288/266 4564/9284/266 4696/9287/266 4690/9289/266
f 4556/9290/261 4565/9280/261 4707/9281/261 4708/9291/261
f 4561/9292/244 4571/9293/244 4570/9294/244 4563/9295/244
f 4553/9296/244 4572/9297/244 4573/9298/244 4568/9299/244
f 4569/9300/244 4574/9301/244 4572/9297/244 4553/9296/244
f 4565/9302/244 4576/9303/244 4575/9304/244 4560/9305/244
f 4571/9293/244 4578/9306/244 4577/9307/244 4570/9294/244
f 4572/9297/244 4579/9308/244 4580/9309/244 4573/9298/244
f 4574/9301/244 4581/9310/244 4579/9308/244 4572/9297/244
f 4576/9303/244 4583/9311/244 4582/9312/244 4575/9304/244
f 4583/9311/244 4576/9303/244 4573/9298/244 4580/9309/244
f 4581/9310/244 4574/9301/244 4570/9294/244 4577/9307/244
f 4578/9306/244 4585/9313/244 4584/9314/244 4577/9307/244
f 4585/9313/244 4587/9315/244 4586/9316/244 4584/9314/244
f 4579/9308/244 4588/9317/244 4589/9318/244 4580/9309/244
f 4581/9310/244 4590/9319/244 4588/9317/244 4579/9308/244
f 4588/9317/244 4591/9320/244 4592/9321/244 4589/9318/244
f 4590/9319/244 4593/9322/244 4591/9320/244 4588/9317/244
f 4596/9323/244 4595/9324/244 4594/9325/244 4597/9326/244
f 4583/9311/244 4596/9323/244 4597/9326/244 4582/9312/244
f 4589/9318/244 4592/9321/244 4595/9324/244 4596/9323/244
f 4584/9314/244 4586/9316/244 4593/9322/244 4590/9319/244
f 4587/9315/244 4599/9327/244 4598/9328/244 4586/9316/244
f 4599/9327/244 4601/9329/244 4600/9330/244 4598/9328/244
f 4606/9331/244 4602/9332/244 4603/9333/244 4607/9334/244
f 4605/9335/244 4604/9336/244 4602/9332/244 4606/9331/244
f 4593/9322/244 4605/9335/244 4606/9331/244 4591/9320/244
f 4591/9320/244 4606/9331/244 4607/9334/244 4592/9321/244
f 4610/9337/244 4609/9338/244 4608/9339/244 4611/9340/244
f 4595/9324/244 4610/9337/244 4611/9340/244 4594/9325/244
f 4607/9334/244 4603/9333/244 4609/9338/244 4610/9337/244
f 4598/9328/244 4600/9330/244 4604/9336/244 4605/9335/244
f 4609/9338/244 4615/9341/244 4612/9342/244 4608/9339/244
f 4604/9336/244 4614/9343/244 4616/9344/244 4602/9332/244
f 4601/9329/244 4613/9345/244 4614/9343/244 4600/9330/244
f 4602/9332/244 4616/9344/244 4615/9341/244 4603/9333/244
f 4908/9346/243 4624/9347/243 4631/9348/243 4628/9349/243
f 4622/9350/243 4619/9351/243 4910/9352/243 4629/9353/243
f 4637/9354/243 4620/9355/243 4626/9356/243 4638/9357/243
f 4636/9358/243 4617/9359/243 4625/9360/243 4639/9361/243
f 4632/9362/243 4621/9363/243 4627/9364/243 4633/9365/243
f 4634/9366/243 4623/9367/243 4630/9368/243 4635/9369/243
f 4618/9254/243 4908/9346/243 4628/9349/243 4909/9255/243
f 4623/9367/243 4622/9350/243 4629/9353/243 4630/9368/243
f 4624/9347/243 4632/9362/243 4633/9365/243 4631/9348/243
f 4620/9355/243 4634/9366/243 4635/9369/243 4626/9356/243
f 4621/9363/243 4636/9358/243 4639/9361/243 4627/9364/243
f 4617/9359/243 4637/9354/243 4638/9357/243 4625/9360/243
f 4631/9348/243 4633/9365/243 4640/9370/243 4641/9371/243
f 4625/9360/243 4638/9357/243 4643/9372/243 4642/9373/243
f 4639/9361/243 4625/9360/243 4642/9373/243 4644/9374/243
f 4635/9369/243 4630/9368/243 4645/9375/243 4646/9376/243
f 4641/9371/243 4640/9370/243 4647/9377/243 4648/9378/243
f 4642/9373/243 4643/9372/243 4650/9379/243 4649/9380/243
f 4644/9374/243 4642/9373/243 4649/9380/243 4651/9381/243
f 4646/9376/243 4645/9375/243 4652/9382/243 4653/9383/243
f 4653/9383/243 4650/9379/243 4643/9372/243 4646/9376/243
f 4651/9381/243 4647/9377/243 4640/9370/243 4644/9374/243
f 4648/9378/243 4647/9377/243 4654/9384/243 4655/9385/243
f 4655/9385/243 4654/9384/243 4656/9386/243 4657/9387/243
f 4649/9380/243 4650/9379/243 4659/9388/243 4658/9389/243
f 4651/9381/243 4649/9380/243 4658/9389/243 4660/9390/243
f 4658/9389/243 4659/9388/243 4662/9391/243 4661/9392/243
f 4660/9390/243 4658/9389/243 4661/9392/243 4663/9393/243
f 4666/9394/243 4667/9395/243 4664/9396/243 4665/9397/243
f 4653/9383/243 4652/9382/243 4667/9395/243 4666/9394/243
f 4659/9388/243 4666/9394/243 4665/9397/243 4662/9391/243
f 4654/9384/243 4660/9390/243 4663/9393/243 4656/9386/243
f 4657/9387/243 4656/9386/243 4668/9398/243 4669/9399/243
f 4669/9399/243 4668/9398/243 4670/9400/243 4671/9401/243
f 4676/9402/243 4677/9403/243 4673/9404/243 4672/9405/243
f 4675/9406/243 4676/9402/243 4672/9405/243 4674/9407/243
f 4663/9393/243 4661/9392/243 4676/9402/243 4675/9406/243
f 4661/9392/243 4662/9391/243 4677/9403/243 4676/9402/243
f 4680/9408/243 4681/9409/243 4678/9410/243 4679/9411/243
f 4665/9397/243 4664/9396/243 4681/9409/243 4680/9408/243
f 4677/9403/243 4680/9408/243 4679/9411/243 4673/9404/243
f 4668/9398/243 4675/9406/243 4674/9407/243 4670/9400/243
f 4679/9411/243 4678/9410/243 4682/9412/243 4685/9413/243
f 4674/9407/243 4672/9405/243 4686/9414/243 4684/9415/243
f 4671/9401/243 4670/9400/243 4684/9415/243 4683/9416/243
f 4672/9405/243 4673/9404/243 4685/9413/243 4686/9414/243
f 4587/9417/267 4585/9418/267 4655/9419/267 4657/9420/267
f 4578/9421/267 4571/9422/267 4641/9423/267 4648/9424/267
f 4616/9425/268 4614/9426/268 4684/9427/268 4686/9428/268
f 4546/9429/269 4695/9430/269 4721/9431/269 4714/9432/269
f 4615/9433/268 4616/9425/268 4686/9428/268 4685/9434/268
f 4603/9435/270 4615/9436/270 4685/9437/270 4673/9438/270
f 4613/9439/271 4601/9440/271 4671/9441/271 4683/9442/271
f 4599/9443/267 4587/9417/267 4657/9420/267 4669/9444/267
f 4568/9445/270 4573/9446/270 4643/9447/270 4638/9448/270
f 4614/9426/268 4613/9449/268 4683/9450/268 4684/9427/268
f 4616/9425/268 4613/9449/268 4683/9450/268 4686/9428/268
f 4580/9451/270 4589/9452/270 4659/9453/270 4650/9454/270
f 4612/9455/268 4616/9425/268 4686/9428/268 4682/9456/268
f 4614/9457/272 4604/9458/272 4674/9459/272 4684/9460/272
f 4560/9461/273 4575/9462/273 4645/9463/273 4630/9464/273
f 4619/9465/269 4546/9429/269 4714/9432/269 4911/9466/269
f 4562/9270/264 4548/9263/264 4621/9467/264 4632/9468/264
f 4557/9266/265 4563/9275/265 4633/9469/265 4627/9470/265
f 4548/9263/262 4566/9262/262 4636/9471/262 4621/9467/262
f 4585/9418/267 4578/9421/267 4648/9424/267 4655/9419/267
f 4564/9284/266 4551/9288/266 4623/9472/266 4634/9473/266
f 4551/9288/266 4550/9474/266 4622/9475/266 4623/9472/266
f 4592/9476/270 4607/9477/270 4677/9478/270 4662/9479/270
f 4605/9480/272 4593/9481/272 4663/9482/272 4675/9483/272
f 4544/9484/274 4567/9485/274 4637/9486/274 4617/9487/274
f 4545/9488/275 4549/9278/275 4908/9489/275 4618/9490/275
f 4576/9491/276 4565/9492/276 4635/9493/276 4646/9494/276
f 4550/9474/277 4546/9429/277 4619/9465/277 4622/9475/277
f 4611/9495/273 4608/9496/273 4678/9497/273 4681/9498/273
f 4597/9499/273 4594/9500/273 4664/9501/273 4667/9502/273
f 4590/9503/272 4581/9504/272 4651/9505/272 4660/9506/272
f 4571/9422/267 4561/9457/267 4631/9460/267 4641/9423/267
f 4547/9285/266 4564/9284/266 4634/9473/266 4620/9507/266
f 4610/9508/276 4595/9509/276 4665/9510/276 4680/9511/276
f 4566/9262/278 4544/9484/278 4617/9487/278 4636/9471/278
f 4549/9278/264 4552/9271/264 4624/9512/264 4908/9489/264
f 4567/9485/279 4547/9285/279 4620/9507/279 4637/9486/279
f 4552/9271/264 4562/9270/264 4632/9468/264 4624/9512/264
f 4594/9500/273 4611/9495/273 4681/9498/273 4664/9501/273
f 4575/9462/273 4582/9513/273 4652/9514/273 4645/9463/273
f 4556/9290/280 4568/9515/280 4638/9516/280 4626/9517/280
f 4559/9259/261 4560/9258/261 4630/9518/261 4629/9519/261
f 4582/9513/273 4597/9499/273 4667/9502/273 4652/9514/273
f 4596/9520/276 4583/9521/276 4653/9522/276 4666/9523/276
f 4607/9524/281 4610/9525/281 4680/9526/281 4677/9527/281
f 4612/9455/268 4615/9433/268 4685/9434/268 4682/9456/268
f 4558/9282/282 4554/9528/282 4909/9529/282 4628/9530/282
f 4609/9531/283 4603/9532/283 4673/9533/283 4679/9534/283
f 4589/9535/284 4596/9536/284 4666/9537/284 4659/9538/284
f 4583/9539/285 4580/9540/285 4650/9541/285 4653/9542/285
f 4569/9267/263 4557/9266/263 4627/9470/263 4639/9543/263
f 4555/9544/286 4559/9259/286 4629/9519/286 4910/9545/286
f 4598/9546/287 4605/9476/287 4675/9479/287 4668/9547/287
f 4595/9548/288 4592/9549/288 4662/9550/288 4665/9551/288
f 4573/9552/289 4576/9553/289 4646/9554/289 4643/9555/289
f 4565/9280/261 4556/9290/261 4626/9517/261 4635/9556/261
f 4604/9557/290 4600/9558/290 4670/9559/290 4674/9560/290
f 4584/9561/291 4590/9562/291 4660/9563/291 4654/9564/291
f 4581/9565/292 4577/9566/292 4647/9567/292 4651/9568/292
f 4561/9274/265 4558/9282/265 4628/9530/265 4631/9569/265
f 4600/9570/293 4614/9571/293 4684/9572/293 4670/9573/293
f 4593/9574/294 4586/9575/294 4656/9576/294 4663/9577/294
f 4570/9578/295 4574/9579/295 4644/9580/295 4640/9581/295
f 4574/9582/272 4569/9583/272 4639/9584/272 4644/9585/272
f 4615/9586/296 4609/9480/296 4679/9483/296 4685/9587/296
f 4586/9588/297 4598/9589/297 4668/9590/297 4656/9591/297
f 4577/9592/297 4584/9447/297 4654/9593/297 4647/9594/297
f 4563/9595/297 4570/9590/297 4640/9596/297 4633/9597/297
f 4608/9496/298 4612/9598/298 4682/9599/298 4678/9497/298
f 4601/9440/267 4599/9443/267 4669/9444/267 4671/9441/267
f 4693/9600/244 4704/9601/244 4709/9602/244 4698/9603/244
f 4689/9604/244 4700/9605/244 4706/9606/244 4695/9607/244
f 4691/9608/244 4702/9609/244 4708/9610/244 4697/9611/244
f 4687/9612/244 4712/9613/244 4703/9614/244 4692/9615/244
f 4699/9616/244 4710/9617/244 4711/9618/244 4688/9619/244
f 4696/9620/244 4707/9621/244 4701/9622/244 4690/9623/244
f 4694/9624/244 4705/9625/244 4704/9601/244 4693/9600/244
f 4690/9623/244 4701/9622/244 4700/9605/244 4689/9604/244
f 4698/9603/244 4709/9602/244 4710/9617/244 4699/9616/244
f 4697/9611/244 4708/9610/244 4707/9621/244 4696/9620/244
f 4688/9619/244 4711/9618/244 4712/9613/244 4687/9612/244
f 4692/9615/244 4703/9614/244 4702/9609/244 4691/9608/244
f 4569/9267/268 4553/9626/268 4703/9627/268 4712/9268/268
f 4550/9474/266 4551/9288/266 4690/9289/266 4689/9628/266
f 4553/9626/268 4568/9515/268 4702/9629/268 4703/9627/268
f 4548/9263/264 4562/9270/264 4699/9273/264 4688/9264/264
f 4567/9485/274 4544/9484/274 4692/9630/274 4691/9631/274
f 4554/9528/299 4705/9632/299 4722/9633/299 4715/9634/299
f 4544/9484/278 4566/9262/278 4687/9265/278 4692/9630/278
f 4554/9528/282 4558/9282/282 4704/9283/282 4705/9632/282
f 4563/9275/265 4557/9266/265 4711/9269/265 4710/9276/265
f 4549/9278/275 4545/9488/275 4694/9635/275 4693/9279/275
f 4547/9285/279 4567/9485/279 4691/9631/279 4697/9286/279
f 4559/9259/286 4555/9544/286 4706/9636/286 4700/9260/286
f 4546/9429/277 4550/9474/277 4689/9628/277 4695/9430/277
f 4568/9515/280 4556/9290/280 4708/9291/280 4702/9629/280
f 4713/9637/300 4715/9638/300 4722/9639/300 4720/9640/300
f 4714/9641/301 4716/9642/301 4719/9643/301 4911/9644/301
f 4715/9638/300 4713/9637/300 4717/9645/300 4718/9643/300
f 4716/9642/301 4714/9641/301 4721/9646/301 4723/9647/301
f 4545/9488/302 4618/9490/302 4717/9648/302 4713/9634/302
f 4705/9625/244 4694/9624/244 4720/9649/244 4722/9650/244
f 4694/9635/302 4545/9488/302 4713/9634/302 4720/9633/302
f 4910/9352/243 4619/9351/243 4911/9651/243 4719/9652/243
f 4706/9636/303 4555/9544/303 4716/9653/303 4723/9654/303
f 4695/9607/244 4706/9606/244 4723/9655/244 4721/9656/244
f 4909/9529/299 4554/9528/299 4715/9634/299 4718/9657/299
f 4555/9544/303 4910/9545/303 4719/9658/303 4716/9653/303
f 4815/9659/304 4801/9660/304 4621/9661/304 4632/9662/304
f 4740/9663/305 4739/9664/305 4883/9665/305 4884/9666/305
f 4746/9667/306 4728/9668/306 4871/9669/306 4870/9670/306
f 4737/9671/307 4749/9672/307 4895/9673/307 4894/9674/307
f 4742/9675/304 4732/9676/304 4881/9677/304 4882/9678/304
f 4741/9679/308 4743/9680/308 4893/9681/308 4892/9682/308
f 4732/9676/304 4729/9683/304 4876/9684/304 4881/9677/304
f 4745/9685/305 4740/9663/305 4884/9666/305 4890/9686/305
f 4738/9687/308 4741/9679/308 4892/9682/308 4887/9688/308
f 4744/9689/309 4727/9690/309 4880/9691/309 4879/9692/309
f 4731/9693/309 4744/9689/309 4879/9692/309 4873/9694/309
f 4736/9695/305 4745/9685/305 4890/9686/305 4891/9696/305
f 4741/9697/244 4751/9698/244 4750/9699/244 4743/9700/244
f 4733/9701/244 4752/9702/244 4753/9703/244 4748/9704/244
f 4749/9705/244 4754/9706/244 4752/9702/244 4733/9701/244
f 4745/9707/244 4756/9708/244 4755/9709/244 4740/9710/244
f 4751/9698/244 4758/9711/244 4757/9712/244 4750/9699/244
f 4752/9702/244 4759/9713/244 4760/9714/244 4753/9703/244
f 4754/9706/244 4761/9715/244 4759/9713/244 4752/9702/244
f 4756/9708/244 4763/9716/244 4762/9717/244 4755/9709/244
f 4763/9716/244 4756/9708/244 4753/9703/244 4760/9714/244
f 4761/9715/244 4754/9706/244 4750/9699/244 4757/9712/244
f 4758/9711/244 4765/9718/244 4764/9719/244 4757/9712/244
f 4765/9718/244 4767/9720/244 4766/9721/244 4764/9719/244
f 4759/9713/244 4768/9722/244 4769/9723/244 4760/9714/244
f 4761/9715/244 4770/9724/244 4768/9722/244 4759/9713/244
f 4768/9722/244 4771/9725/244 4772/9726/244 4769/9723/244
f 4770/9724/244 4773/9727/244 4771/9725/244 4768/9722/244
f 4776/9728/244 4775/9729/244 4774/9730/244 4777/9731/244
f 4763/9716/244 4776/9728/244 4777/9731/244 4762/9717/244
f 4769/9723/244 4772/9726/244 4775/9729/244 4776/9728/244
f 4764/9719/244 4766/9721/244 4773/9727/244 4770/9724/244
f 4767/9720/244 4779/9732/244 4778/9733/244 4766/9721/244
f 4779/9732/244 4781/9734/244 4780/9735/244 4778/9733/244
f 4786/9736/244 4782/9737/244 4783/9738/244 4787/9739/244
f 4785/9740/244 4784/9741/244 4782/9737/244 4786/9736/244
f 4773/9727/244 4785/9740/244 4786/9736/244 4771/9725/244
f 4771/9725/244 4786/9736/244 4787/9739/244 4772/9726/244
f 4790/9742/244 4789/9743/244 4788/9744/244 4791/9745/244
f 4775/9729/244 4790/9742/244 4791/9745/244 4774/9730/244
f 4787/9739/244 4783/9738/244 4789/9743/244 4790/9742/244
f 4778/9733/244 4780/9735/244 4784/9741/244 4785/9740/244
f 4789/9743/244 4795/9746/244 4792/9747/244 4788/9744/244
f 4784/9741/244 4794/9748/244 4796/9749/244 4782/9737/244
f 4781/9734/244 4793/9750/244 4794/9748/244 4780/9735/244
f 4782/9737/244 4796/9749/244 4795/9746/244 4783/9738/244
f 4822/9751/307 4810/9752/307 4627/9753/307 4639/9754/307
f 4811/9755/310 4807/9756/310 4909/9757/310 4628/9758/310
f 4900/9759/311 4798/9760/311 4618/9761/311 4717/9762/311
f 4821/9763/274 4806/9764/274 4625/9765/274 4638/9766/274
f 4807/9756/312 4902/9767/312 4718/9768/312 4909/9757/312
f 4812/9769/305 4813/9770/305 4630/9771/305 4629/9772/305
f 4902/9773/313 4900/9774/313 4717/9775/313 4718/9776/313
f 4809/9777/314 4821/9763/314 4638/9766/314 4626/9778/314
f 4805/9779/304 4815/9659/304 4632/9662/304 4624/9780/304
f 4901/9781/315 4903/9782/315 4719/9783/315 4911/9784/315
f 4799/9785/316 4901/9786/316 4911/9787/316 4619/9788/316
f 4820/9789/317 4800/9790/317 4620/9791/317 4637/9792/317
f 4814/9793/243 4816/9794/243 4823/9795/243 4824/9796/243
f 4806/9797/243 4821/9798/243 4826/9799/243 4825/9800/243
f 4822/9801/243 4806/9797/243 4825/9800/243 4827/9802/243
f 4818/9803/243 4813/9804/243 4828/9805/243 4829/9806/243
f 4824/9796/243 4823/9795/243 4830/9807/243 4831/9808/243
f 4825/9800/243 4826/9799/243 4833/9809/243 4832/9810/243
f 4827/9802/243 4825/9800/243 4832/9810/243 4834/9811/243
f 4829/9806/243 4828/9805/243 4835/9812/243 4836/9813/243
f 4836/9813/243 4833/9809/243 4826/9799/243 4829/9806/243
f 4834/9811/243 4830/9807/243 4823/9795/243 4827/9802/243
f 4831/9808/243 4830/9807/243 4837/9814/243 4838/9815/243
f 4838/9815/243 4837/9814/243 4839/9816/243 4840/9817/243
f 4832/9810/243 4833/9809/243 4842/9818/243 4841/9819/243
f 4834/9811/243 4832/9810/243 4841/9819/243 4843/9820/243
f 4841/9819/243 4842/9818/243 4845/9821/243 4844/9822/243
f 4843/9820/243 4841/9819/243 4844/9822/243 4846/9823/243
f 4849/9824/243 4850/9825/243 4847/9826/243 4848/9827/243
f 4836/9813/243 4835/9812/243 4850/9825/243 4849/9824/243
f 4842/9818/243 4849/9824/243 4848/9827/243 4845/9821/243
f 4837/9814/243 4843/9820/243 4846/9823/243 4839/9816/243
f 4840/9817/243 4839/9816/243 4851/9828/243 4852/9829/243
f 4852/9829/243 4851/9828/243 4853/9830/243 4854/9831/243
f 4859/9832/243 4860/9833/243 4856/9834/243 4855/9835/243
f 4858/9836/243 4859/9832/243 4855/9835/243 4857/9837/243
f 4846/9823/243 4844/9822/243 4859/9832/243 4858/9836/243
f 4844/9822/243 4845/9821/243 4860/9833/243 4859/9832/243
f 4863/9838/243 4864/9839/243 4861/9840/243 4862/9841/243
f 4848/9827/243 4847/9826/243 4864/9839/243 4863/9838/243
f 4860/9833/243 4863/9838/243 4862/9841/243 4856/9834/243
f 4851/9828/243 4858/9836/243 4857/9837/243 4853/9830/243
f 4862/9841/243 4861/9840/243 4865/9842/243 4868/9843/243
f 4857/9837/243 4855/9835/243 4869/9844/243 4867/9845/243
f 4854/9831/243 4853/9830/243 4867/9845/243 4866/9846/243
f 4855/9835/243 4856/9834/243 4868/9843/243 4869/9844/243
f 4767/9847/318 4765/9848/318 4838/9849/318 4840/9850/318
f 4758/9851/319 4751/9852/319 4824/9853/319 4831/9854/319
f 4796/9855/274 4794/9856/274 4867/9857/274 4869/9858/274
f 4726/9859/316 4878/9860/316 4905/9861/316 4897/9862/316
f 4795/9863/274 4796/9855/274 4869/9858/274 4868/9864/274
f 4783/9865/272 4795/9866/272 4868/9867/272 4856/9868/272
f 4793/9869/320 4781/9870/320 4854/9871/320 4866/9872/320
f 4779/9873/318 4767/9847/318 4840/9850/318 4852/9874/318
f 4748/9875/272 4753/9876/272 4826/9454/272 4821/9877/272
f 4794/9856/274 4793/9878/274 4866/9879/274 4867/9857/274
f 4796/9855/274 4793/9878/274 4866/9879/274 4869/9858/274
f 4760/9880/272 4769/9881/272 4842/9882/272 4833/9883/272
f 4792/9456/274 4796/9855/274 4869/9858/274 4865/9884/274
f 4794/9885/270 4784/9886/270 4857/9887/270 4867/9888/270
f 4740/9889/321 4755/9890/321 4828/9891/321 4813/9892/321
f 4799/9785/316 4726/9859/316 4897/9862/316 4901/9786/316
f 4742/9675/304 4728/9668/304 4801/9660/304 4815/9659/304
f 4737/9671/308 4743/9680/308 4816/9893/308 4810/9752/308
f 4728/9668/306 4746/9667/306 4819/9894/306 4801/9660/306
f 4765/9848/318 4758/9851/318 4831/9854/318 4838/9849/318
f 4744/9689/309 4731/9693/309 4804/9895/309 4817/9896/309
f 4731/9693/309 4730/9897/309 4803/9898/309 4804/9895/309
f 4772/9899/272 4787/9900/272 4860/9901/272 4845/9902/272
f 4785/9903/270 4773/9904/270 4846/9905/270 4858/9906/270
f 4724/9907/268 4747/9908/268 4820/9789/268 4797/9909/268
f 4725/9910/322 4729/9683/322 4802/9911/322 4798/9760/322
f 4756/9912/323 4745/9913/323 4818/9914/323 4829/9491/323
f 4730/9897/324 4726/9859/324 4799/9785/324 4803/9898/324
f 4791/9915/321 4788/9916/321 4861/9917/321 4864/9918/321
f 4777/9919/321 4774/9920/321 4847/9921/321 4850/9922/321
f 4770/9923/270 4761/9924/270 4834/9506/270 4843/9865/270
f 4751/9852/318 4741/9466/318 4814/9925/318 4824/9853/318
f 4727/9690/309 4744/9689/309 4817/9896/309 4800/9790/309
f 4790/9926/323 4775/9927/323 4848/9928/323 4863/9929/323
f 4746/9667/325 4724/9907/325 4797/9909/325 4819/9894/325
f 4729/9683/304 4732/9676/304 4805/9779/304 4802/9911/304
f 4747/9908/317 4727/9690/317 4800/9790/317 4820/9789/317
f 4732/9676/304 4742/9675/304 4815/9659/304 4805/9779/304
f 4774/9920/321 4791/9915/321 4864/9918/321 4847/9921/321
f 4755/9890/321 4762/9930/321 4835/9931/321 4828/9891/321
f 4736/9695/314 4748/9932/314 4821/9763/314 4809/9777/314
f 4739/9664/305 4740/9663/305 4813/9770/305 4812/9769/305
f 4762/9930/321 4777/9919/321 4850/9922/321 4835/9931/321
f 4776/9933/323 4763/9934/323 4836/9935/323 4849/9936/323
f 4787/9937/326 4790/9938/326 4863/9560/326 4860/9939/326
f 4792/9456/274 4795/9863/274 4868/9864/274 4865/9884/274
f 4738/9687/310 4734/9940/310 4807/9756/310 4811/9755/310
f 4789/9941/327 4783/9942/327 4856/9943/327 4862/9944/327
f 4769/9551/328 4776/9576/328 4849/9945/328 4842/9946/328
f 4763/9542/329 4760/9947/329 4833/9948/329 4836/9949/329
f 4749/9672/307 4737/9671/307 4810/9752/307 4822/9751/307
f 4735/9950/330 4739/9664/330 4812/9769/330 4808/9951/330
f 4778/9952/331 4785/9875/331 4858/9877/331 4851/9953/331
f 4775/9954/332 4772/9955/332 4845/9956/332 4848/9957/332
f 4753/9958/333 4756/9959/333 4829/9960/333 4826/9961/333
f 4745/9685/305 4736/9695/305 4809/9777/305 4818/9962/305
f 4784/9963/334 4780/9964/334 4853/9965/334 4857/9966/334
f 4764/9967/335 4770/9968/335 4843/9969/335 4837/9970/335
f 4761/9949/336 4757/9971/336 4830/9972/336 4834/9973/336
f 4741/9679/308 4738/9687/308 4811/9755/308 4814/9974/308
f 4780/9975/337 4794/9976/337 4867/9977/337 4853/9978/337
f 4773/9979/338 4766/9980/338 4839/9981/338 4846/9982/338
f 4750/9983/339 4754/9984/339 4827/9985/339 4823/9986/339
f 4754/9585/270 4749/9987/270 4822/9988/270 4827/9989/270
f 4795/9990/340 4789/9991/340 4862/9992/340 4868/9993/340
f 4766/9994/341 4778/9995/341 4851/9996/341 4839/9576/341
f 4757/9997/341 4764/9998/341 4837/9999/341 4830/10000/341
f 4743/10001/341 4750/9595/341 4823/10002/341 4816/10003/341
f 4788/9916/342 4792/9869/342 4865/9872/342 4861/9917/342
f 4781/9870/318 4779/9873/318 4852/9874/318 4854/9871/318
f 4876/10004/244 4887/10005/244 4892/10006/244 4881/10007/244
f 4872/10008/244 4883/10009/244 4889/10010/244 4878/10011/244
f 4874/10012/244 4885/10013/244 4891/10014/244 4880/10015/244
f 4870/10016/244 4895/10017/244 4886/10018/244 4875/10019/244
f 4882/10020/244 4893/10021/244 4894/10022/244 4871/10023/244
f 4879/10024/244 4890/10025/244 4884/10026/244 4873/10027/244
f 4877/10028/244 4888/10029/244 4887/10005/244 4876/10004/244
f 4873/10027/244 4884/10026/244 4883/10009/244 4872/10008/244
f 4881/10007/244 4892/10006/244 4893/10021/244 4882/10020/244
f 4880/10015/244 4891/10014/244 4890/10025/244 4879/10024/244
f 4871/10023/244 4894/10022/244 4895/10017/244 4870/10016/244
f 4875/10019/244 4886/10018/244 4885/10013/244 4874/10012/244
f 4749/9672/274 4733/10030/274 4886/10031/274 4895/9673/274
f 4730/9897/309 4731/9693/309 4873/9694/309 4872/10032/309
f 4733/10030/274 4748/9932/274 4885/10033/274 4886/10031/274
f 4728/9668/304 4742/9675/304 4882/9678/304 4871/9669/304
f 4747/9908/268 4724/9907/268 4875/10034/268 4874/10035/268
f 4734/9940/312 4888/10036/312 4906/10037/312 4898/10038/312
f 4724/9907/325 4746/9667/325 4870/9670/325 4875/10034/325
f 4734/9940/310 4738/9687/310 4887/9688/310 4888/10036/310
f 4743/9680/308 4737/9671/308 4894/9674/308 4893/9681/308
f 4729/9683/322 4725/9910/322 4877/10039/322 4876/9684/322
f 4727/9690/317 4747/9908/317 4874/10035/317 4880/9691/317
f 4739/9664/330 4735/9950/330 4889/10040/330 4883/9665/330
f 4726/9859/324 4730/9897/324 4872/10032/324 4878/9860/324
f 4748/9932/314 4736/9695/314 4891/9696/314 4885/10033/314
f 4896/10041/313 4898/10042/313 4906/10043/313 4904/9589/313
f 4897/10044/315 4899/10045/315 4903/9782/315 4901/9781/315
f 4898/10042/313 4896/10041/313 4900/9774/313 4902/9773/313
f 4899/10045/315 4897/10044/315 4905/9776/315 4907/10046/315
f 4725/9910/311 4798/9760/311 4900/9759/311 4896/10047/311
f 4888/10029/244 4877/10028/244 4904/10048/244 4906/10049/244
f 4877/10039/311 4725/9910/311 4896/10047/311 4904/10050/311
f 4802/9911/304 4805/9779/304 4624/9780/304 4908/10051/304
f 4889/10040/343 4735/9950/343 4899/10052/343 4907/10053/343
f 4878/10011/244 4889/10010/244 4907/10054/244 4905/10055/244
f 4807/9756/312 4734/9940/312 4898/10038/312 4902/9767/312
f 4735/9950/343 4808/9951/343 4903/10056/343 4899/10052/343
f 4808/9951/330 4812/9769/330 4629/9772/330 4910/10057/330
f 4806/9764/274 4822/9751/274 4639/9754/274 4625/9765/274
f 4810/9752/308 4816/9893/308 4633/10058/308 4627/9753/308
f 4818/9962/305 4809/9777/305 4626/9778/305 4635/10059/305
f 4903/10056/343 4808/9951/343 4910/10057/343 4719/10060/343
f 4814/9974/308 4811/9755/308 4628/9758/308 4631/10061/308
f 4801/9660/306 4819/9894/306 4636/10062/306 4621/9661/306
f 4817/9896/309 4804/9895/309 4623/10063/309 4634/10064/309
f 4816/9893/308 4814/9974/308 4631/10061/308 4633/10058/308
f 4804/9895/309 4803/9898/309 4622/10065/309 4623/10063/309
f 4813/9770/305 4818/9962/305 4635/10059/305 4630/9771/305
f 4797/9909/268 4820/9789/268 4637/9792/268 4617/10066/268
f 4798/9760/322 4802/9911/322 4908/10051/322 4618/9761/322
f 4803/9898/324 4799/9785/324 4619/9788/324 4622/10065/324
f 4800/9790/309 4817/9896/309 4634/10064/309 4620/9791/309
f 4819/9894/325 4797/9909/325 4617/10066/325 4636/10062/325
o gate-4
v 3.134490 14.322561 1.386904
v 3.134490 14.260234 1.449217
v 3.134490 14.178804 1.482936
v 3.134490 14.090671 1.482926
v 3.134490 14.009249 1.449190
v 3.134490 13.946935 1.386863
v 3.134490 13.913217 1.305434
v 3.134490 13.913226 1.217299
v 3.134490 13.946962 1.135877
v 3.134490 14.009290 1.073564
v 3.134490 14.090719 1.039845
v 3.134490 14.178853 1.039855
v 3.134490 14.260275 1.073591
v 3.134490 14.322589 1.135919
v 3.134490 14.356307 1.217348
v 3.134490 14.356297 1.305482
v 2.923576 14.322561 1.386904
v 2.923576 14.260234 1.449217
v 2.923576 14.178804 1.482936
v 2.923576 14.090671 1.482926
v 2.923576 14.009249 1.449190
v 2.923576 13.946935 1.386863
v 2.923576 13.913217 1.305434
v 2.923576 13.913226 1.217299
v 2.923576 13.946962 1.135877
v 2.923576 14.009290 1.073564
v 2.923576 14.090719 1.039845
v 2.923576 14.178853 1.039855
v 2.923576 14.260275 1.073591
v 2.923576 14.322589 1.135919
v 2.923576 14.356307 1.217348
v 2.923576 14.356297 1.305482
v 0.379758 14.322561 1.386904
v 0.379758 14.260234 1.449217
v 0.379758 14.178804 1.482936
v 0.379758 14.090671 1.482926
v 0.379758 14.009249 1.449190
v 0.379758 13.946935 1.386863
v 0.379758 13.913217 1.305434
v 0.379758 13.913226 1.217299
v 0.379758 13.946962 1.135878
v 0.379758 14.009290 1.073564
v 0.379758 14.090719 1.039845
v 0.379758 14.178853 1.039855
v 0.379758 14.260275 1.073591
v 0.379758 14.322589 1.135919
v 0.379758 14.356307 1.217348
v 0.379758 14.356297 1.305482
v 0.590672 14.322561 1.386904
v 0.590672 14.260234 1.449217
v 0.590672 14.178804 1.482936
v 0.590672 14.090671 1.482926
v 0.590672 14.009249 1.449190
v 0.590672 13.946935 1.386863
v 0.590672 13.913217 1.305434
v 0.590672 13.913226 1.217299
v 0.590672 13.946962 1.135878
v 0.590672 14.009290 1.073564
v 0.590672 14.090719 1.039845
v 0.590672 14.178853 1.039855
v 0.590672 14.260275 1.073591
v 0.590672 14.322589 1.135919
v 0.590672 14.356307 1.217348
v 0.590672 14.356297 1.305482
v 2.923576 14.134762 1.261391
v 1.757124 14.134762 1.261391
v 3.114580 16.581610 -2.399673
v 3.114580 17.677515 -1.132644
v 3.114580 14.991754 -2.927636
v 3.114580 16.032763 -2.693116
v 3.114580 17.062664 -2.004794
v 3.114580 17.457438 -1.523653
v 3.114580 15.437213 -2.873844
v 3.114580 15.734988 -2.783480
v 3.114580 17.260050 -1.764223
v 3.114580 16.486542 -2.257425
v 3.114580 17.544825 -1.050488
v 3.114580 14.966596 -2.773613
v 3.114580 15.960693 -2.535496
v 3.114580 16.944593 -1.877917
v 3.114580 17.317251 -1.411558
v 3.114580 15.387259 -2.701443
v 3.114580 15.673976 -2.618469
v 3.114580 17.130922 -1.644737
v 3.114580 17.161356 -1.884508
v 3.114580 17.037758 -1.761328
v 3.114580 15.883875 -2.738298
v 3.114580 15.817334 -2.576983
v 3.114580 16.630829 -2.366779
v 3.114580 16.532393 -2.432568
v 3.114580 16.437323 -2.290320
v 3.114580 16.535759 -2.224531
v 3.114580 16.506178 -1.194613
v 3.114580 16.603687 -1.084524
v 3.114580 16.046423 -1.598898
v 3.114580 15.997205 -1.631792
v 3.114580 16.095640 -1.566004
v 3.114580 15.355719 -1.911948
v 3.114580 15.494700 -1.863912
v 3.114580 16.402458 -1.084038
v 3.114580 16.500814 -0.975218
v 3.114580 15.968220 -1.481887
v 3.114580 15.919002 -1.514781
v 3.114580 16.017437 -1.448992
v 3.114580 15.296370 -1.780195
v 3.114580 15.434536 -1.730939
v 3.114580 15.855520 -0.500952
v 3.114580 15.958347 -0.398820
v 3.114580 15.769365 -0.409103
v 3.114580 15.872897 -0.308024
v 3.114580 15.507395 -0.792377
v 3.114580 15.458178 -0.825271
v 3.114580 15.556613 -0.759483
v 3.114580 15.429888 -0.676407
v 3.114580 15.380671 -0.709301
v 3.114580 15.479106 -0.643512
v 3.114580 14.919415 -0.943366
v 3.114580 15.052396 -0.886353
v 3.114580 15.106323 -1.005541
v 3.114580 14.972610 -1.061457
v 3.114580 15.128227 0.274410
v 3.114580 15.236998 0.367649
v 3.114580 15.030895 0.378175
v 3.114580 15.140463 0.470222
v 3.114580 14.832972 0.216731
v 3.114580 14.783753 0.183837
v 3.114580 14.882190 0.249625
v 3.114580 14.959696 0.133657
v 3.114580 14.910478 0.100762
v 3.114580 14.861259 0.067868
v 3.114580 14.482391 0.026809
v 3.114580 14.609365 0.092813
v 3.114580 14.666096 -0.032572
v 3.114580 14.538354 -0.097425
v 3.114580 14.007381 1.082541
v 3.114580 14.347288 1.309713
v 3.114580 14.227292 1.229516
v 3.114580 14.128857 1.163728
v 3.114580 14.178075 1.196622
v 2.943486 16.581610 -2.399673
v 2.943486 17.677515 -1.132644
v 2.943486 14.991754 -2.927636
v 2.943486 16.032763 -2.693116
v 2.943486 17.062664 -2.004794
v 2.943486 15.437213 -2.873844
v 2.943486 15.734988 -2.783480
v 2.943486 17.260050 -1.764223
v 2.943486 16.486542 -2.257425
v 2.943486 15.960693 -2.535496
v 2.943486 16.944593 -1.877917
v 2.943486 17.317251 -1.411558
v 2.943486 15.387259 -2.701443
v 2.943486 15.673976 -2.618469
v 2.943486 17.130922 -1.644737
v 2.943486 17.161356 -1.884508
v 2.943486 17.037758 -1.761328
v 2.943486 15.883875 -2.738298
v 2.943486 15.817334 -2.576983
v 2.943486 16.630829 -2.366779
v 2.943486 16.532393 -2.432568
v 2.943486 16.437323 -2.290320
v 2.943486 16.535759 -2.224531
v 2.943486 16.506178 -1.194613
v 2.943486 16.603687 -1.084524
v 2.943486 16.046423 -1.598898
v 2.943486 15.997205 -1.631792
v 2.943486 16.095640 -1.566004
v 2.943486 15.355719 -1.911948
v 2.943486 15.494700 -1.863912
v 2.943486 16.402458 -1.084038
v 2.943486 16.500814 -0.975218
v 2.943486 15.968220 -1.481887
v 2.943486 15.919002 -1.514781
v 2.943486 16.017437 -1.448992
v 2.943486 15.296370 -1.780195
v 2.943486 15.434536 -1.730939
v 2.943486 15.855520 -0.500952
v 2.943486 15.958347 -0.398820
v 2.943486 15.769365 -0.409103
v 2.943486 15.872897 -0.308024
v 2.943486 15.507395 -0.792377
v 2.943486 15.458178 -0.825271
v 2.943486 15.556613 -0.759483
v 2.943486 15.429888 -0.676407
v 2.943486 15.380671 -0.709301
v 2.943486 15.479106 -0.643512
v 2.943486 14.919415 -0.943366
v 2.943486 15.052396 -0.886353
v 2.943486 15.106323 -1.005541
v 2.943486 14.972610 -1.061457
v 2.943487 15.128227 0.274410
v 2.943487 15.236998 0.367649
v 2.943487 15.030895 0.378175
v 2.943487 15.140463 0.470222
v 2.943487 14.832972 0.216731
v 2.943487 14.783753 0.183837
v 2.943487 14.882190 0.249625
v 2.943487 14.959696 0.133657
v 2.943487 14.910478 0.100762
v 2.943487 14.861259 0.067868
v 2.943487 14.482391 0.026809
v 2.943487 14.609365 0.092813
v 2.943487 14.666096 -0.032572
v 2.943487 14.538354 -0.097425
v 2.943487 14.007381 1.082541
v 2.943487 14.347288 1.309713
v 2.943487 14.227292 1.229516
v 2.943487 14.128857 1.163728
v 2.943487 14.178075 1.196622
v 3.134490 16.630829 -2.366779
v 3.134490 17.062664 -2.004794
v 3.134490 15.437213 -2.873844
v 3.134490 15.734988 -2.783480
v 3.134490 16.532393 -2.432568
v 3.134490 16.581610 -2.399673
v 3.134490 17.457438 -1.523653
v 3.134490 17.677515 -1.132644
v 3.134490 14.991754 -2.927636
v 3.134490 15.883875 -2.738298
v 3.134490 16.032763 -2.693116
v 3.134490 17.260050 -1.764223
v 3.134490 17.161356 -1.884508
v 3.134490 15.387259 -2.701443
v 3.134490 15.673976 -2.618469
v 3.134490 16.437323 -2.290320
v 3.134490 16.486542 -2.257425
v 3.134490 17.317251 -1.411558
v 3.134490 17.544825 -1.050488
v 3.134490 14.966596 -2.773613
v 3.134490 15.817334 -2.576983
v 3.134490 15.960693 -2.535496
v 3.134490 17.130922 -1.644737
v 3.134490 17.037758 -1.761328
v 3.134490 16.944593 -1.877917
v 3.134490 16.535759 -2.224531
v 3.114580 17.814980 -0.843975
v 3.114580 14.672456 -2.944239
v 3.114580 17.670259 -0.763608
v 3.114580 14.653554 -2.779784
v 2.943486 17.814980 -0.843975
v 2.943486 17.670259 -0.763608
v 2.943486 14.653554 -2.779784
v 3.134490 17.814980 -0.843975
v 3.134490 14.672456 -2.944239
v 3.134490 17.670259 -0.763608
v 3.134490 14.653554 -2.779784
v 0.399668 16.581610 -2.399673
v 0.399668 17.677515 -1.132644
v 0.399668 14.991754 -2.927636
v 0.399668 16.032763 -2.693116
v 0.399668 17.062664 -2.004794
v 0.399668 17.457438 -1.523653
v 0.399668 15.437213 -2.873844
v 0.399668 15.734988 -2.783480
v 0.399668 17.260050 -1.764223
v 0.399668 16.486542 -2.257425
v 0.399668 17.544825 -1.050488
v 0.399668 14.966596 -2.773613
v 0.399668 15.960693 -2.535496
v 0.399668 16.944593 -1.877917
v 0.399668 17.317251 -1.411558
v 0.399668 15.387259 -2.701443
v 0.399668 15.673976 -2.618469
v 0.399668 17.130922 -1.644737
v 0.399668 17.161356 -1.884508
v 0.399668 17.037758 -1.761328
v 0.399668 15.883875 -2.738298
v 0.399668 15.817334 -2.576983
v 0.399668 16.630829 -2.366779
v 0.399668 16.532393 -2.432568
v 0.399668 16.437323 -2.290320
v 0.399668 16.535759 -2.224531
v 0.399668 16.506178 -1.194613
v 0.399668 16.603687 -1.084524
v 0.399668 16.046423 -1.598898
v 0.399668 15.997205 -1.631792
v 0.399668 16.095640 -1.566004
v 0.399668 15.355719 -1.911948
v 0.399668 15.494700 -1.863912
v 0.399668 16.402458 -1.084038
v 0.399668 16.500814 -0.975218
v 0.399668 15.968220 -1.481887
v 0.399668 15.919002 -1.514781
v 0.399668 16.017437 -1.448992
v 0.399668 15.296370 -1.780195
v 0.399668 15.434536 -1.730939
v 0.399668 15.855520 -0.500952
v 0.399668 15.958347 -0.398820
v 0.399668 15.769365 -0.409103
v 0.399668 15.872897 -0.308024
v 0.399668 15.507395 -0.792377
v 0.399668 15.458178 -0.825271
v 0.399668 15.556613 -0.759483
v 0.399668 15.429888 -0.676407
v 0.399668 15.380671 -0.709301
v 0.399668 15.479106 -0.643512
v 0.399668 14.919415 -0.943366
v 0.399668 15.052396 -0.886353
v 0.399668 15.106323 -1.005541
v 0.399668 14.972610 -1.061457
v 0.399668 15.128227 0.274410
v 0.399668 15.236998 0.367649
v 0.399668 15.030895 0.378175
v 0.399668 15.140463 0.470222
v 0.399668 14.832972 0.216731
v 0.399668 14.783753 0.183837
v 0.399668 14.882190 0.249625
v 0.399668 14.959696 0.133657
v 0.399668 14.910478 0.100762
v 0.399668 14.861259 0.067868
v 0.399668 14.482391 0.026810
v 0.399668 14.609365 0.092813
v 0.399668 14.666096 -0.032572
v 0.399668 14.538354 -0.097424
v 0.399668 14.007381 1.082542
v 0.399668 14.347288 1.309713
v 0.399668 14.227292 1.229516
v 0.399668 14.128857 1.163728
v 0.399668 14.178075 1.196622
v 0.570762 16.581610 -2.399673
v 0.570762 17.677515 -1.132644
v 0.570762 14.991754 -2.927636
v 0.570762 16.032763 -2.693116
v 0.570762 17.062664 -2.004794
v 0.570762 17.457438 -1.523653
v 0.570762 15.437213 -2.873844
v 0.570762 15.734988 -2.783480
v 0.570762 17.260050 -1.764223
v 0.570762 16.486542 -2.257425
v 0.570762 17.544825 -1.050488
v 0.570762 14.966596 -2.773613
v 0.570762 15.960693 -2.535496
v 0.570762 16.944593 -1.877917
v 0.570762 17.317251 -1.411558
v 0.570762 15.387259 -2.701443
v 0.570762 15.673976 -2.618469
v 0.570762 17.130922 -1.644737
v 0.570762 17.161356 -1.884508
v 0.570762 17.037758 -1.761328
v 0.570762 15.883875 -2.738298
v 0.570762 15.817334 -2.576983
v 0.570762 16.630829 -2.366779
v 0.570762 16.532393 -2.432568
v 0.570762 16.437323 -2.290320
v 0.570762 16.535759 -2.224531
v 0.570762 16.506178 -1.194613
v 0.570762 16.603687 -1.084524
v 0.570762 16.046423 -1.598898
v 0.570762 15.997205 -1.631792
v 0.570762 16.095640 -1.566004
v 0.570762 15.355719 -1.911948
v 0.570762 15.494700 -1.863912
v 0.570762 16.402458 -1.084038
v 0.570762 16.500814 -0.975218
v 0.570762 15.968220 -1.481887
v 0.570762 15.919002 -1.514781
v 0.570762 16.017437 -1.448992
v 0.570762 15.296370 -1.780195
v 0.570762 15.434536 -1.730939
v 0.570762 15.855520 -0.500952
v 0.570762 15.958347 -0.398820
v 0.570762 15.769365 -0.409103
v 0.570762 15.872897 -0.308024
v 0.570762 15.507395 -0.792377
v 0.570762 15.458178 -0.825271
v 0.570762 15.556613 -0.759483
v 0.570762 15.429888 -0.676407
v 0.570762 15.380671 -0.709301
v 0.570762 15.479106 -0.643512
v 0.570762 14.919415 -0.943366
v 0.570762 15.052396 -0.886353
v 0.570762 15.106323 -1.005541
v 0.570762 14.972610 -1.061457
v 0.570762 15.128227 0.274410
v 0.570762 15.236998 0.367649
v 0.570762 15.030895 0.378175
v 0.570762 15.140463 0.470222
v 0.570762 14.832972 0.216731
v 0.570762 14.783753 0.183837
v 0.570762 14.882190 0.249625
v 0.570762 14.959696 0.133657
v 0.570762 14.910478 0.100762
v 0.570762 14.861259 0.067868
v 0.570762 14.482391 0.026810
v 0.570762 14.609365 0.092813
v 0.570762 14.666096 -0.032572
v 0.570762 14.538354 -0.097424
v 0.570762 14.007381 1.082542
v 0.570762 14.347288 1.309713
v 0.570762 14.227292 1.229516
v 0.570762 14.128857 1.163728
v 0.570762 14.178075 1.196622
v 0.379758 16.630829 -2.366779
v 0.379758 17.062664 -2.004794
v 0.379758 15.437213 -2.873844
v 0.379758 15.734988 -2.783480
v 0.379758 16.532393 -2.432568
v 0.379758 16.581610 -2.399673
v 0.379758 17.457438 -1.523653
v 0.379758 17.677515 -1.132644
v 0.379758 14.991754 -2.927636
v 0.379758 15.883875 -2.738298
v 0.379758 16.032763 -2.693116
v 0.379758 17.260050 -1.764223
v 0.379758 17.161356 -1.884508
v 0.379758 15.387259 -2.701443
v 0.379758 15.673976 -2.618469
v 0.379758 16.437323 -2.290320
v 0.379758 16.486542 -2.257425
v 0.379758 17.317251 -1.411558
v 0.379758 17.544825 -1.050488
v 0.379758 14.966596 -2.773613
v 0.379758 15.817334 -2.576983
v 0.379758 15.960693 -2.535496
v 0.379758 17.130922 -1.644737
v 0.379758 17.037758 -1.761328
v 0.379758 16.944593 -1.877917
v 0.379758 16.535759 -2.224531
v 0.399668 17.814980 -0.843975
v 0.399668 14.672456 -2.944239
v 0.399668 17.670259 -0.763608
v 0.399668 14.653554 -2.779784
v 0.570762 17.814980 -0.843975
v 0.570762 14.672456 -2.944239
v 0.570762 17.670259 -0.763608
v 0.570762 14.653554 -2.779784
v 0.379758 17.814980 -0.843975
v 0.379758 14.672456 -2.944239
v 0.379758 17.670259 -0.763608
v 0.379758 14.653554 -2.779784
v 2.943486 17.457438 -1.523653
v 2.943486 17.544825 -1.050488
v 2.943486 14.966596 -2.773613
v 2.943486 14.672456 -2.944239
vn -1.0000 -0.0000 -0.0000
vn 1.0000 -0.0000 -0.0000
vn -0.0000 0.3826 0.9239
vn -0.0000 0.0001 -1.0000
vn -0.0000 -0.0001 1.0000
vn -0.0000 0.3828 -0.9238
vn -0.0000 -0.3828 0.9238
vn -0.0000 0.7072 -0.7070
vn -0.0000 -0.7072 0.7070
vn -0.0000 0.9239 -0.3826
vn -0.0000 -0.9239 0.3826
vn -0.0000 1.0000 0.0001
vn -0.0000 -1.0000 -0.0001
vn -0.0000 0.9238 0.3828
vn -0.0000 -0.7070 -0.7072
vn -0.0000 -0.9238 -0.3828
vn -0.0000 0.7070 0.7072
vn -0.0000 -0.3826 -0.9239
vn -0.0000 -0.2780 0.9606
vn -0.0000 0.6424 -0.7664
vn -0.0000 -0.6467 0.7628
vn -0.0000 0.7731 -0.6343
vn -0.0000 -0.7812 0.6243
vn -0.0000 0.2904 -0.9569
vn -0.0000 0.7282 0.6853
vn -0.0000 0.7282 0.6854
vn -0.0000 -0.5557 0.8314
vn -0.0000 0.0519 -0.9987
vn -0.0000 -0.8314 -0.5557
vn -0.0000 0.7269 0.6868
vn -0.0000 0.8314 0.5557
vn -0.0000 -0.9118 -0.4107
vn -0.0000 0.5557 -0.8314
vn -0.0000 0.8714 -0.4905
vn -0.0000 0.9111 0.4122
vn -0.0000 0.1199 -0.9928
vn -0.0000 0.5556 -0.8314
vn -0.0000 0.4624 -0.8867
vn -0.0000 -0.4574 0.8892
vn -0.0000 0.4576 -0.8892
vn -0.0000 -0.8460 0.5332
vn -0.0000 -0.4627 0.8865
vn -0.0000 0.4560 -0.8900
vn -0.0000 -0.4075 0.9132
vn -0.0000 -0.1691 0.9856
vn -0.0000 0.6410 -0.7675
vn -0.0000 -0.4747 0.8801
vn -0.0000 0.4193 -0.9078
vn -0.0000 -0.6540 0.7565
vn -0.0000 0.6542 -0.7563
vn -0.0000 -0.6879 0.7258
vn -0.0000 -0.7272 -0.6864
vn -0.0000 -0.6283 0.7780
vn -0.0000 0.6709 -0.7416
vn -0.0000 0.9124 0.4094
vn -0.0000 -0.7294 -0.6841
vn -0.0000 -0.9119 -0.4103
vn -0.0000 -0.9162 0.4006
vn -0.0000 0.4855 0.8742
vn -0.0000 -0.9935 -0.1142
vn -0.0000 0.9029 -0.4299
vn -0.0000 -0.0197 0.9998
vn -0.0000 -0.7731 0.6343
vn -0.0000 0.2780 -0.9606
vn -0.0000 -0.6424 0.7664
vn -0.0000 0.6467 -0.7628
vn -0.0000 0.7812 -0.6243
vn -0.0000 -0.2904 0.9569
vn -0.0000 0.8460 -0.5332
vn -0.0000 -0.9029 0.4299
vn -0.0000 0.9162 -0.4006
vn -0.0000 -0.4855 -0.8742
vn -0.0000 0.4574 -0.8892
vn -0.0000 0.9935 0.1142
vn -0.0000 -0.0519 0.9987
vn -0.0000 -0.4624 0.8867
vn -0.0000 -0.7282 -0.6853
vn -0.0000 -0.7282 -0.6854
vn -0.0000 -0.7269 -0.6868
vn -0.0000 0.9118 0.4107
vn -0.0000 -0.8714 0.4905
vn -0.0000 -0.9111 -0.4122
vn -0.0000 -0.1199 0.9928
vn -0.0000 -0.5556 0.8314
vn -0.0000 -0.4576 0.8892
vn -0.0000 0.4627 -0.8865
vn -0.0000 -0.4560 0.8900
vn -0.0000 0.4075 -0.9132
vn -0.0000 0.1691 -0.9856
vn -0.0000 -0.6410 0.7675
vn -0.0000 0.4747 -0.8801
vn -0.0000 -0.4193 0.9078
vn -0.0000 0.6540 -0.7565
vn -0.0000 -0.6542 0.7563
vn -0.0000 0.6879 -0.7258
vn -0.0000 0.7272 0.6864
vn -0.0000 0.6283 -0.7780
vn -0.0000 -0.6709 0.7416
vn -0.0000 -0.9124 -0.4094
vn -0.0000 0.7294 0.6841
vn -0.0000 0.9119 0.4103
vn -0.0000 0.0197 -0.9998
vt 0.481980 0.844569
vt 0.491278 0.848421
vt 0.498394 0.855537
vt 0.502245 0.864834
vt 0.502245 0.874898
vt 0.498394 0.884195
vt 0.491278 0.891311
vt 0.481980 0.895163
vt 0.471916 0.895163
vt 0.462619 0.891311
vt 0.455503 0.884195
vt 0.451652 0.874898
vt 0.451652 0.864834
vt 0.455503 0.855537
vt 0.462619 0.848421
vt 0.471916 0.844569
vt 0.513212 0.891312
vt 0.506096 0.884196
vt 0.502245 0.874898
vt 0.502245 0.864834
vt 0.506096 0.855537
vt 0.513212 0.848421
vt 0.522510 0.844569
vt 0.532573 0.844569
vt 0.541871 0.848421
vt 0.548987 0.855537
vt 0.552838 0.864834
vt 0.552838 0.874898
vt 0.548987 0.884196
vt 0.541871 0.891312
vt 0.532573 0.895163
vt 0.522510 0.895163
vt 0.773021 0.975343
vt 0.773021 0.983643
vt 0.748938 0.983643
vt 0.748938 0.975343
vt 0.845271 0.983607
vt 0.845271 0.975506
vt 0.869354 0.975506
vt 0.869354 0.983607
vt 0.678108 0.951298
vt 0.678108 0.959288
vt 0.654024 0.959288
vt 0.654024 0.951298
vt 0.845271 0.965737
vt 0.869354 0.965737
vt 0.678108 0.969011
vt 0.654024 0.969011
vt 0.845271 0.955786
vt 0.869354 0.955786
vt 0.678108 0.978987
vt 0.654024 0.978987
vt 0.845271 0.947170
vt 0.869354 0.947170
vt 0.678108 0.987698
vt 0.654024 0.987698
vt 0.773021 0.947170
vt 0.773021 0.955604
vt 0.748938 0.955604
vt 0.748938 0.947170
vt 0.773021 0.983643
vt 0.773021 0.975344
vt 0.797104 0.975344
vt 0.797104 0.983643
vt 0.773021 0.965497
vt 0.748938 0.965497
vt 0.773021 0.965498
vt 0.773021 0.955604
vt 0.797104 0.955604
vt 0.797104 0.965498
vt 0.773021 0.947170
vt 0.797104 0.947170
vt 0.607282 0.855537
vt 0.614398 0.848421
vt 0.623696 0.844570
vt 0.633760 0.844570
vt 0.643057 0.848421
vt 0.650173 0.855537
vt 0.654024 0.864834
vt 0.654024 0.874898
vt 0.650173 0.884196
vt 0.643057 0.891312
vt 0.633760 0.895163
vt 0.623696 0.895163
vt 0.614398 0.891312
vt 0.607282 0.884196
vt 0.603431 0.874898
vt 0.603431 0.864834
vt 0.592464 0.891311
vt 0.583166 0.895163
vt 0.573103 0.895163
vt 0.563805 0.891311
vt 0.556689 0.884195
vt 0.552838 0.874898
vt 0.552838 0.864834
vt 0.556689 0.855537
vt 0.563805 0.848421
vt 0.573103 0.844569
vt 0.583166 0.844569
vt 0.592464 0.848421
vt 0.599580 0.855537
vt 0.603431 0.864834
vt 0.603431 0.874898
vt 0.599580 0.884195
vt 0.821188 0.975209
vt 0.821188 0.983643
vt 0.797104 0.983643
vt 0.797104 0.975209
vt 0.389377 0.947801
vt 0.389377 0.955791
vt 0.365294 0.955791
vt 0.365294 0.947801
vt 0.845271 0.947170
vt 0.845271 0.955271
vt 0.821188 0.955271
vt 0.821188 0.947170
vt 0.389377 0.965515
vt 0.365294 0.965515
vt 0.845271 0.965041
vt 0.821188 0.965041
vt 0.389377 0.975491
vt 0.365294 0.975491
vt 0.845271 0.974991
vt 0.821188 0.974991
vt 0.389377 0.984201
vt 0.365294 0.984201
vt 0.845271 0.983607
vt 0.821188 0.983607
vt 0.821188 0.947170
vt 0.821188 0.955470
vt 0.797104 0.955470
vt 0.797104 0.947170
vt 0.724855 0.983643
vt 0.724855 0.975209
vt 0.748938 0.975209
vt 0.748938 0.983643
vt 0.821188 0.965316
vt 0.797104 0.965316
vt 0.724855 0.965316
vt 0.724855 0.955470
vt 0.748938 0.955470
vt 0.748938 0.965316
vt 0.724855 0.947170
vt 0.748938 0.947170
vt 0.356760 0.489453
vt 0.356735 0.471632
vt 0.392119 0.466517
vt 0.393042 0.485396
vt 0.885404 0.740884
vt 0.885404 0.772636
vt 0.883130 0.772636
vt 0.883130 0.740884
vt 0.885404 0.219123
vt 0.885404 0.283339
vt 0.883130 0.283339
vt 0.883130 0.219123
vt 0.885404 0.574283
vt 0.885404 0.635410
vt 0.883130 0.635410
vt 0.883130 0.574283
vt 0.885404 0.300560
vt 0.885404 0.317781
vt 0.883130 0.317781
vt 0.883130 0.300560
vt 0.885404 0.541203
vt 0.885404 0.557743
vt 0.883130 0.557743
vt 0.883130 0.541203
vt 0.885404 0.352222
vt 0.883130 0.352222
vt 0.885404 0.725008
vt 0.883130 0.725008
vt 0.885404 0.508122
vt 0.883130 0.508122
vt 0.885404 0.125297
vt 0.885404 0.142043
vt 0.883130 0.142043
vt 0.883130 0.125297
vt 0.885404 0.108552
vt 0.883130 0.108552
vt 0.885404 0.709131
vt 0.883130 0.709131
vt 0.000000 0.929793
vt 0.028618 0.846744
vt 0.043933 0.853632
vt 0.015167 0.937563
vt 0.095820 0.963361
vt 0.110758 0.874161
vt 0.117424 0.875278
vt 0.102487 0.964477
vt 0.089153 0.962244
vt 0.104091 0.873045
vt 0.180477 0.965246
vt 0.180626 0.875878
vt 0.197348 0.874361
vt 0.197348 0.962842
vt 0.034202 0.830540
vt 0.049545 0.837256
vt 0.113412 0.858312
vt 0.120079 0.859428
vt 0.106745 0.857195
vt 0.180653 0.859212
vt 0.197348 0.857861
vt 0.063647 0.745091
vt 0.079142 0.750901
vt 0.068285 0.731630
vt 0.083804 0.737298
vt 0.129052 0.764915
vt 0.135719 0.766032
vt 0.122386 0.763799
vt 0.131683 0.749207
vt 0.138350 0.750323
vt 0.125016 0.748090
vt 0.180805 0.768299
vt 0.180829 0.753361
vt 0.197348 0.753060
vt 0.197348 0.767850
vt 0.102801 0.631464
vt 0.118498 0.636070
vt 0.108041 0.616258
vt 0.123765 0.620703
vt 0.149312 0.643937
vt 0.151942 0.628229
vt 0.158609 0.629345
vt 0.155978 0.645053
vt 0.142645 0.642821
vt 0.145275 0.627112
vt 0.181007 0.646358
vt 0.181033 0.630643
vt 0.197348 0.631560
vt 0.197348 0.647119
vt 0.180836 0.496616
vt 0.197290 0.499371
vt 0.167503 0.494383
vt 0.174170 0.495499
vt 0.151249 0.491661
vt 0.305574 0.491661
vt 0.270348 0.487008
vt 0.274158 0.467284
vt 0.308002 0.471310
vt 0.052900 0.377041
vt 0.020846 0.337072
vt 0.034271 0.325353
vt 0.066613 0.361809
vt 0.161682 0.456689
vt 0.106309 0.423921
vt 0.117256 0.407435
vt 0.169752 0.438897
vt 0.173993 0.462274
vt 0.167837 0.459481
vt 0.175908 0.441690
vt 0.182064 0.444482
vt 0.252734 0.484681
vt 0.235121 0.482354
vt 0.240315 0.463258
vt 0.257237 0.465271
vt 0.092957 0.412201
vt 0.079605 0.400481
vt 0.091935 0.384622
vt 0.104595 0.396028
vt 0.280183 0.379567
vt 0.296736 0.382393
vt 0.207115 0.356534
vt 0.213271 0.359326
vt 0.219426 0.362119
vt 0.141294 0.311188
vt 0.154326 0.321775
vt 0.284661 0.362844
vt 0.301142 0.365829
vt 0.213753 0.341899
vt 0.219909 0.344691
vt 0.226065 0.347484
vt 0.150499 0.297493
vt 0.163600 0.307928
vt 0.308270 0.274664
vt 0.324372 0.278486
vt 0.311989 0.260774
vt 0.328031 0.264727
vt 0.252874 0.255661
vt 0.259030 0.258453
vt 0.265186 0.261245
vt 0.259454 0.241156
vt 0.265610 0.243948
vt 0.271765 0.246741
vt 0.214191 0.232391
vt 0.200711 0.222789
vt 0.208962 0.210515
vt 0.222503 0.219980
vt 0.339665 0.157406
vt 0.355262 0.162340
vt 0.343867 0.141714
vt 0.359396 0.146797
vt 0.309703 0.146746
vt 0.303548 0.143954
vt 0.310127 0.129449
vt 0.316283 0.132242
vt 0.315859 0.149539
vt 0.322439 0.135034
vt 0.282048 0.131074
vt 0.268061 0.122590
vt 0.276740 0.109677
vt 0.290792 0.118017
vt 0.350529 0.000000
vt 0.365723 0.006892
vt 0.371878 0.009685
vt 0.378034 0.012477
vt 0.393042 0.019285
vt 0.944013 0.249854
vt 0.944013 0.263866
vt 0.924476 0.263866
vt 0.924476 0.249854
vt 0.944013 0.352819
vt 0.944013 0.369688
vt 0.924476 0.369688
vt 0.924476 0.352819
vt 0.353639 0.946647
vt 0.353639 0.953393
vt 0.334103 0.953393
vt 0.334103 0.946647
vt 0.885404 0.030472
vt 0.883130 0.030472
vt 0.883130 0.000000
vt 0.885404 0.000000
vt 0.353639 0.939902
vt 0.334103 0.939902
vt 0.924476 0.725280
vt 0.924476 0.590712
vt 0.944013 0.590712
vt 0.944013 0.725280
vt 0.944012 0.000000
vt 0.944013 0.129749
vt 0.924476 0.129749
vt 0.924476 0.000000
vt 0.944013 0.145579
vt 0.924476 0.145579
vt 0.490724 0.985598
vt 0.490724 0.895163
vt 0.510260 0.895163
vt 0.510260 0.985598
vt 0.353639 0.969839
vt 0.334103 0.969839
vt 0.963549 0.869549
vt 0.963549 0.774859
vt 0.983085 0.774859
vt 0.983085 0.869549
vt 0.353639 0.923253
vt 0.334103 0.923253
vt 0.944013 0.456144
vt 0.944012 0.590712
vt 0.924476 0.590712
vt 0.924476 0.456144
vt 0.389377 0.491661
vt 0.389377 0.578745
vt 0.369840 0.578745
vt 0.369840 0.491661
vt 0.904940 0.030472
vt 0.904940 0.000000
vt 0.904940 0.283339
vt 0.904940 0.300560
vt 0.904940 0.557743
vt 0.904940 0.574283
vt 0.904940 0.219123
vt 0.904940 0.108552
vt 0.904940 0.125297
vt 0.885404 0.075060
vt 0.904940 0.075060
vt 0.944013 0.961343
vt 0.944013 0.854615
vt 0.963549 0.854615
vt 0.963549 0.961343
vt 0.944013 0.857692
vt 0.944013 0.964420
vt 0.924476 0.964420
vt 0.924476 0.857692
vt 0.885404 0.212371
vt 0.885404 0.205618
vt 0.904940 0.205618
vt 0.904940 0.212371
vt 0.885404 0.398942
vt 0.904940 0.352222
vt 0.904940 0.398942
vt 0.622968 0.895163
vt 0.622967 0.983497
vt 0.603431 0.983497
vt 0.603431 0.895163
vt 0.389377 0.802398
vt 0.389377 0.817710
vt 0.369840 0.817710
vt 0.369840 0.802398
vt 0.389377 0.683574
vt 0.389377 0.698129
vt 0.369840 0.698129
vt 0.369840 0.683574
vt 0.983085 0.680169
vt 0.983085 0.774859
vt 0.963549 0.774859
vt 0.963549 0.680169
vt 0.904940 0.142043
vt 0.980463 0.105771
vt 0.980463 0.211536
vt 0.960927 0.211536
vt 0.960927 0.105771
vt 0.904940 0.317781
vt 0.389377 0.594984
vt 0.369840 0.594984
vt 0.885404 0.648901
vt 0.904940 0.648901
vt 0.904940 0.709131
vt 0.904940 0.740884
vt 0.904940 0.772636
vt 0.572374 0.895163
vt 0.572374 0.985024
vt 0.552838 0.985024
vt 0.552838 0.895163
vt 0.924476 0.989163
vt 0.924476 0.964420
vt 0.944013 0.964420
vt 0.944013 0.989163
vt 0.885404 0.462423
vt 0.904940 0.462423
vt 0.904940 0.508122
vt 0.097682 0.965246
vt 0.097682 0.987375
vt 0.078146 0.987375
vt 0.078146 0.965246
vt 0.883130 0.995868
vt 0.883130 0.951315
vt 0.902666 0.951315
vt 0.902666 0.995868
vt 0.314566 0.923253
vt 0.314566 0.982179
vt 0.295030 0.982179
vt 0.295030 0.923253
vt 0.904940 0.635410
vt 0.885404 0.815781
vt 0.904940 0.815781
vt 0.944013 0.986370
vt 0.963549 0.986370
vt 1.000000 0.361300
vt 1.000000 0.403351
vt 0.980464 0.403351
vt 0.980464 0.361300
vt 0.197348 0.985166
vt 0.197348 0.923253
vt 0.216884 0.923253
vt 0.216884 0.985166
vt 0.904940 0.725008
vt 0.039073 0.965246
vt 0.039073 0.987652
vt 0.019536 0.987652
vt 0.019536 0.965246
vt 0.705318 0.992159
vt 0.705318 0.947170
vt 0.724855 0.947170
vt 0.724855 0.992159
vt 0.255957 0.923253
vt 0.255957 0.983495
vt 0.236421 0.983495
vt 0.236421 0.923253
vt 0.904940 0.541203
vt 0.393042 0.976637
vt 0.393042 0.844569
vt 0.412579 0.844569
vt 0.412579 0.976637
vt 1.000000 0.274300
vt 1.000000 0.316888
vt 0.980464 0.316888
vt 0.980464 0.274300
vt 0.960926 0.585479
vt 0.960926 0.522583
vt 0.980463 0.522583
vt 0.980463 0.585479
vt 0.490724 0.895163
vt 0.490724 0.985598
vt 0.471188 0.985598
vt 0.471188 0.895163
vt 0.944013 0.725280
vt 0.924476 0.725280
vt 0.960927 0.105771
vt 0.960927 0.000000
vt 0.980464 0.000000
vt 0.980464 0.105771
vt 0.510260 0.985393
vt 0.529797 0.895163
vt 0.529797 0.985393
vt 0.980464 0.087697
vt 1.000000 0.000000
vt 1.000000 0.087697
vt 0.389377 0.947801
vt 0.369840 0.947801
vt 0.311189 0.568729
vt 0.330725 0.574925
vt 0.320411 0.607409
vt 0.300874 0.602731
vt 0.311189 0.846185
vt 0.330725 0.839989
vt 0.350564 0.884503
vt 0.334346 0.891887
vt 0.283594 0.714216
vt 0.303130 0.714216
vt 0.310096 0.775021
vt 0.290560 0.778180
vt 0.283594 0.700697
vt 0.303131 0.700697
vt 0.303131 0.707457
vt 0.283594 0.707457
vt 0.295717 0.619732
vt 0.315253 0.623651
vt 0.310096 0.639892
vt 0.290560 0.636734
vt 0.295717 0.795181
vt 0.315253 0.791263
vt 0.320411 0.807505
vt 0.300874 0.812182
vt 0.334346 0.523027
vt 0.350564 0.530411
vt 0.885404 0.642156
vt 0.883130 0.642156
vt 0.883130 0.075060
vt 0.883130 0.648901
vt 0.883130 0.212371
vt 0.883130 0.205618
vt 0.883130 0.462423
vt 0.883130 0.431134
vt 0.885404 0.431134
vt 0.883130 0.398942
vt 0.883130 0.815781
vt 0.097682 0.984782
vt 0.114389 0.984782
vt 0.114389 0.987056
vt 0.097682 0.987056
vt 0.131095 0.984783
vt 0.114389 0.984783
vt 0.114389 0.965246
vt 0.131095 0.965246
vt 0.097682 0.965246
vt 0.131095 0.987056
vt 0.114389 0.987056
vt 0.904940 0.431134
vt 0.353028 0.491661
vt 0.369840 0.500301
vt 0.000000 0.307100
vt 0.014813 0.295360
vt 0.885404 0.844587
vt 0.883130 0.844587
vt 0.369840 0.914613
vt 0.353029 0.923253
vt 0.904940 0.431134
vt 0.904940 0.844587
vt 0.414852 0.299201
vt 0.414852 0.281902
vt 0.685782 0.281902
vt 0.685782 0.299201
vt 0.683509 0.535416
vt 0.683509 0.503441
vt 0.685782 0.503441
vt 0.685782 0.535416
vt 0.395316 0.217623
vt 0.395316 0.281902
vt 0.393042 0.281902
vt 0.393042 0.217623
vt 0.683509 0.702375
vt 0.683509 0.641314
vt 0.685782 0.641314
vt 0.685782 0.702375
vt 0.395316 0.299201
vt 0.395316 0.316499
vt 0.393042 0.316499
vt 0.393042 0.299201
vt 0.683509 0.735299
vt 0.683509 0.718837
vt 0.685782 0.718837
vt 0.685782 0.735299
vt 0.395316 0.351095
vt 0.393042 0.351095
vt 0.683509 0.551403
vt 0.685782 0.551403
vt 0.683509 0.768224
vt 0.685782 0.768224
vt 0.395316 0.124116
vt 0.395316 0.140750
vt 0.393042 0.140750
vt 0.393042 0.124116
vt 0.395316 0.107482
vt 0.393042 0.107482
vt 0.683509 0.567390
vt 0.685782 0.567390
vt 0.685782 0.911718
vt 0.714400 0.828668
vt 0.729715 0.835556
vt 0.700949 0.919487
vt 0.781602 0.945285
vt 0.796540 0.856085
vt 0.803206 0.857202
vt 0.788269 0.946401
vt 0.774935 0.944168
vt 0.789873 0.854969
vt 0.866259 0.947170
vt 0.866408 0.857802
vt 0.883130 0.856285
vt 0.883130 0.944766
vt 0.719984 0.812464
vt 0.735327 0.819180
vt 0.799194 0.840236
vt 0.805861 0.841352
vt 0.792527 0.839119
vt 0.866436 0.841136
vt 0.883130 0.839785
vt 0.749429 0.727015
vt 0.764924 0.732825
vt 0.754067 0.713555
vt 0.769586 0.719222
vt 0.814834 0.746839
vt 0.821501 0.747956
vt 0.808168 0.745723
vt 0.817465 0.731131
vt 0.824132 0.732247
vt 0.810798 0.730014
vt 0.866587 0.750223
vt 0.866611 0.735285
vt 0.883130 0.734984
vt 0.883130 0.749774
vt 0.788584 0.613388
vt 0.804280 0.617994
vt 0.793823 0.598182
vt 0.809547 0.602627
vt 0.835094 0.625861
vt 0.837724 0.610153
vt 0.844391 0.611269
vt 0.841761 0.626977
vt 0.828427 0.624745
vt 0.831058 0.609036
vt 0.866789 0.628282
vt 0.866815 0.612567
vt 0.883130 0.613484
vt 0.883130 0.629043
vt 0.866618 0.478540
vt 0.883072 0.481295
vt 0.853285 0.476307
vt 0.859952 0.477423
vt 0.837031 0.473585
vt 0.663972 0.641314
vt 0.663972 0.702375
vt 0.393042 0.702375
vt 0.393042 0.641314
vt 0.663972 0.768224
vt 0.663972 0.813604
vt 0.393042 0.813604
vt 0.393042 0.768224
vt 0.414852 0.430696
vt 0.414852 0.398193
vt 0.685782 0.398193
vt 0.685782 0.430696
vt 0.663972 0.627809
vt 0.663972 0.634562
vt 0.393042 0.634562
vt 0.393042 0.627809
vt 0.663972 0.844570
vt 0.393042 0.844570
vt 0.663972 0.503441
vt 0.663972 0.535416
vt 0.393042 0.535416
vt 0.393042 0.503441
vt 0.944013 0.021810
vt 0.960927 0.021810
vt 0.960927 0.292740
vt 0.944013 0.292740
vt 0.663972 0.567390
vt 0.393042 0.567390
vt 0.414852 0.316499
vt 0.685782 0.316499
vt 0.944013 0.314549
vt 0.960927 0.314549
vt 0.960927 0.585479
vt 0.944013 0.585479
vt 0.414852 0.030098
vt 0.414852 0.000000
vt 0.685782 0.000000
vt 0.685782 0.030098
vt 0.414852 0.204132
vt 0.414852 0.140750
vt 0.685782 0.140750
vt 0.685782 0.204132
vt 0.685782 0.035452
vt 0.700949 0.027684
vt 0.729715 0.111614
vt 0.714400 0.118502
vt 0.781602 0.001885
vt 0.788269 0.000769
vt 0.803206 0.089968
vt 0.796540 0.091085
vt 0.774935 0.003002
vt 0.789873 0.092201
vt 0.866259 0.000000
vt 0.883130 0.002404
vt 0.883130 0.090885
vt 0.866408 0.089368
vt 0.735327 0.127990
vt 0.719984 0.134706
vt 0.805861 0.105818
vt 0.799194 0.106935
vt 0.792527 0.108051
vt 0.883130 0.107385
vt 0.866436 0.106034
vt 0.764924 0.214345
vt 0.749429 0.220155
vt 0.769586 0.227948
vt 0.754067 0.233616
vt 0.821501 0.199214
vt 0.814834 0.200331
vt 0.808167 0.201447
vt 0.824131 0.214923
vt 0.817465 0.216039
vt 0.810798 0.217156
vt 0.866587 0.196947
vt 0.883130 0.197397
vt 0.883130 0.212186
vt 0.866611 0.211885
vt 0.804280 0.329176
vt 0.788583 0.333782
vt 0.809547 0.344543
vt 0.793823 0.348988
vt 0.835094 0.321309
vt 0.841760 0.320193
vt 0.844391 0.335901
vt 0.837724 0.337018
vt 0.828427 0.322426
vt 0.831057 0.338134
vt 0.866789 0.318888
vt 0.883130 0.318127
vt 0.883130 0.333686
vt 0.866815 0.334603
vt 0.883072 0.465875
vt 0.866618 0.468630
vt 0.859951 0.469747
vt 0.853285 0.470863
vt 0.837031 0.473585
vt 0.904940 0.207122
vt 0.904940 0.193053
vt 0.924476 0.193053
vt 0.924476 0.207122
vt 0.904940 0.103741
vt 0.904940 0.086804
vt 0.924476 0.086804
vt 0.924476 0.103741
vt 0.334103 0.946671
vt 0.334103 0.953424
vt 0.314566 0.953424
vt 0.314566 0.946671
vt 0.395316 0.030098
vt 0.393042 0.030098
vt 0.393042 0.000000
vt 0.395316 0.000000
vt 0.334103 0.939919
vt 0.314566 0.939919
vt 0.963549 0.585479
vt 0.963549 0.720047
vt 0.944013 0.720047
vt 0.944013 0.585479
vt 0.904940 0.457988
vt 0.904940 0.327710
vt 0.924476 0.327710
vt 0.924476 0.457988
vt 0.904940 0.311816
vt 0.924476 0.311816
vt 0.963549 0.959984
vt 0.963549 0.869549
vt 0.983085 0.959984
vt 0.334103 0.969886
vt 0.314566 0.969886
vt 0.960927 0.516923
vt 0.960927 0.422233
vt 0.980464 0.422233
vt 0.980464 0.516923
vt 0.314566 0.923253
vt 0.963549 0.720047
vt 0.963549 0.854615
vt 0.944013 0.854615
vt 0.944013 0.720047
vt 0.904940 0.915968
vt 0.904940 0.828533
vt 0.924476 0.828533
vt 0.924476 0.915968
vt 0.663972 0.718837
vt 0.414852 0.217623
vt 0.414852 0.107482
vt 0.414852 0.124116
vt 0.395316 0.074214
vt 0.414852 0.074214
vt 0.654025 0.951298
vt 0.654025 0.844569
vt 0.673561 0.844569
vt 0.673561 0.951298
vt 0.902666 0.844587
vt 0.902666 0.951315
vt 0.883130 0.951315
vt 0.883130 0.844587
vt 0.395316 0.210878
vt 0.395316 0.204132
vt 0.414852 0.210878
vt 0.395316 0.398193
vt 0.414852 0.351095
vt 0.642504 0.895163
vt 0.642504 0.983146
vt 0.622968 0.983146
vt 0.904940 0.603979
vt 0.904940 0.588605
vt 0.924476 0.588605
vt 0.924476 0.603979
vt 0.904940 0.723282
vt 0.904940 0.708668
vt 0.924476 0.708668
vt 0.924476 0.723282
vt 0.983085 0.585479
vt 0.983085 0.680169
vt 0.924476 0.000000
vt 0.980464 0.316888
vt 0.980464 0.422233
vt 0.960927 0.422233
vt 0.960927 0.316888
vt 0.904940 0.812228
vt 0.924476 0.812228
vt 0.683509 0.627809
vt 0.591911 0.895163
vt 0.591911 0.984667
vt 0.572374 0.984667
vt 0.572374 0.895163
vt 0.000000 0.989912
vt 0.000000 0.965246
vt 0.019536 0.989912
vt 0.683509 0.813604
vt 0.078146 0.965246
vt 0.078146 0.987442
vt 0.058609 0.987442
vt 0.058609 0.965246
vt 1.000000 0.316888
vt 1.000000 0.361300
vt 0.295030 0.982427
vt 0.275493 0.982427
vt 0.275493 0.923253
vt 0.683509 0.459887
vt 0.663972 0.459887
vt 0.963549 0.985034
vt 0.983085 0.985034
vt 1.000000 0.189572
vt 1.000000 0.231740
vt 0.980464 0.231740
vt 0.980464 0.189572
vt 0.216884 0.984922
vt 0.216884 0.923253
vt 0.236421 0.923253
vt 0.236421 0.984922
vt 0.663972 0.551403
vt 0.058609 0.965246
vt 0.058609 0.987624
vt 0.039073 0.987624
vt 0.039073 0.965246
vt 0.685782 0.992216
vt 0.685782 0.947170
vt 0.705318 0.947170
vt 0.705318 0.992216
vt 0.275493 0.983368
vt 0.255957 0.983368
vt 0.255957 0.923253
vt 0.663972 0.735299
vt 0.432115 0.976102
vt 0.432115 0.844569
vt 0.451652 0.844569
vt 0.451652 0.976102
vt 1.000000 0.231740
vt 1.000000 0.274300
vt 0.980464 0.274300
vt 0.980464 0.231740
vt 0.904940 0.978970
vt 0.904940 0.915968
vt 0.924476 0.915968
vt 0.924476 0.978970
vt 0.471188 0.985598
vt 0.451652 0.985598
vt 0.451652 0.895163
vt 0.412579 0.976445
vt 0.412579 0.844570
vt 0.432115 0.844570
vt 0.432115 0.976445
vt 0.960927 0.316888
vt 0.960927 0.211536
vt 0.980464 0.211536
vt 0.529797 0.985035
vt 0.529797 0.895163
vt 0.549333 0.895163
vt 0.549333 0.985035
vt 0.980464 0.175046
vt 1.000000 0.087697
vt 1.000000 0.175046
vt 0.224943 0.568729
vt 0.244479 0.574925
vt 0.234165 0.607409
vt 0.214628 0.602731
vt 0.224943 0.846185
vt 0.244479 0.839989
vt 0.264318 0.884503
vt 0.248100 0.891887
vt 0.197348 0.714216
vt 0.216884 0.714216
vt 0.223850 0.775021
vt 0.204314 0.778180
vt 0.197348 0.700697
vt 0.216885 0.700697
vt 0.216885 0.707457
vt 0.197348 0.707457
vt 0.209471 0.619732
vt 0.229007 0.623651
vt 0.223850 0.639892
vt 0.204314 0.636734
vt 0.209471 0.795181
vt 0.229007 0.791263
vt 0.234165 0.807505
vt 0.214628 0.812182
vt 0.248100 0.523027
vt 0.264318 0.530411
vt 0.683509 0.634562
vt 0.685782 0.634562
vt 0.393042 0.074214
vt 0.685782 0.627809
vt 0.393042 0.210878
vt 0.393042 0.204132
vt 0.685782 0.813604
vt 0.685782 0.844570
vt 0.683509 0.844570
vt 0.393042 0.398193
vt 0.685782 0.459887
vt 0.960927 0.002273
vt 0.944013 0.002273
vt 0.944013 0.000000
vt 0.944013 0.295013
vt 0.960927 0.295013
vt 0.960927 0.292740
vt 0.395316 0.430696
vt 0.266782 0.491661
vt 0.283594 0.500301
vt 0.393042 0.430696
vt 0.685782 0.351095
vt 0.683509 0.430697
vt 0.685782 0.430697
vt 0.283594 0.914613
vt 0.266783 0.923253
vt 0.663972 0.430697
vt 0.393043 0.459887
vt 0.393042 0.718837
vt 0.393042 0.551403
vt 0.393042 0.430697
vt 0.393042 0.735299
vt 0.685782 0.217623
vt 0.685782 0.107482
vt 0.685782 0.124116
vt 0.685782 0.074214
vt 0.685782 0.210878
s 0
usemtl gate
f 4913/10067/344 4912/10068/344 4927/10069/344 4926/10070/344 4925/10071/344 4924/10072/344 4923/10073/344 4922/10074/344 4921/10075/344 4920/10076/344 4919/10077/344 4918/10078/344 4917/10079/344 4916/10080/344 4915/10081/344 4914/10082/344
f 4929/10083/345 4930/10084/345 4931/10085/345 4932/10086/345 4933/10087/345 4934/10088/345 4935/10089/345 4936/10090/345 4937/10091/345 4938/10092/345 4939/10093/345 4940/10094/345 4941/10095/345 4942/10096/345 4943/10097/345 4928/10098/345
f 4921/10099/346 4922/10100/346 4938/10101/346 4937/10102/346
f 4914/10103/347 4915/10104/347 4931/10105/347 4930/10106/347
f 4922/10107/348 4923/10108/348 4939/10109/348 4938/10110/348
f 4915/10104/349 4916/10111/349 4932/10112/349 4931/10105/349
f 4923/10108/350 4924/10113/350 4940/10114/350 4939/10109/350
f 4916/10111/351 4917/10115/351 4933/10116/351 4932/10112/351
f 4924/10113/352 4925/10117/352 4941/10118/352 4940/10114/352
f 4917/10115/353 4918/10119/353 4934/10120/353 4933/10116/353
f 4925/10117/354 4926/10121/354 4942/10122/354 4941/10118/354
f 4918/10123/355 4919/10124/355 4935/10125/355 4934/10126/355
f 4926/10127/356 4927/10128/356 4943/10129/356 4942/10130/356
f 4919/10124/357 4920/10131/357 4936/10132/357 4935/10125/357
f 4912/10133/358 4913/10134/358 4929/10135/358 4928/10136/358
f 4927/10128/359 4912/10133/359 4928/10136/359 4943/10129/359
f 4920/10131/360 4921/10099/360 4937/10102/360 4936/10132/360
f 4913/10134/361 4914/10137/361 4930/10138/361 4929/10135/361
f 4945/10139/344 4944/10140/344 4959/10141/344 4958/10142/344 4957/10143/344 4956/10144/344 4955/10145/344 4954/10146/344 4953/10147/344 4952/10148/344 4951/10149/344 4950/10150/344 4949/10151/344 4948/10152/344 4947/10153/344 4946/10154/344
f 4961/10155/345 4962/10156/345 4963/10157/345 4964/10158/345 4965/10159/345 4966/10160/345 4967/10161/345 4968/10162/345 4969/10163/345 4970/10164/345 4971/10165/345 4972/10166/345 4973/10167/345 4974/10168/345 4975/10169/345 4960/10170/345
f 4953/10171/361 4954/10172/361 4970/10173/361 4969/10174/361
f 4946/10175/348 4947/10176/348 4963/10177/348 4962/10178/348
f 4954/10179/347 4955/10180/347 4971/10181/347 4970/10182/347
f 4947/10176/350 4948/10183/350 4964/10184/350 4963/10177/350
f 4955/10180/349 4956/10185/349 4972/10186/349 4971/10181/349
f 4948/10183/352 4949/10187/352 4965/10188/352 4964/10184/352
f 4956/10185/351 4957/10189/351 4973/10190/351 4972/10186/351
f 4949/10187/354 4950/10191/354 4966/10192/354 4965/10188/354
f 4957/10189/353 4958/10193/353 4974/10194/353 4973/10190/353
f 4950/10195/356 4951/10196/356 4967/10197/356 4966/10198/356
f 4958/10199/355 4959/10200/355 4975/10201/355 4974/10202/355
f 4951/10196/359 4952/10203/359 4968/10204/359 4967/10197/359
f 4944/10205/360 4945/10206/360 4961/10207/360 4960/10208/360
f 4959/10200/357 4944/10205/357 4960/10208/357 4975/10201/357
f 4952/10203/358 4953/10171/358 4969/10174/358 4968/10204/358
f 4945/10206/346 4946/10209/346 4962/10210/346 4961/10207/346
f 5052/10211/344 5343/10212/344 5152/10213/344 5151/10214/344
f 4994/10215/362 4993/10216/362 5134/10217/362 5135/10218/362
f 5000/10219/363 4982/10220/363 5122/10221/363 5121/10222/363
f 4991/10223/364 5003/10224/364 5146/10225/364 5145/10226/364
f 4996/10227/365 4986/10228/365 5132/10229/365 5133/10230/365
f 4995/10231/366 4997/10232/366 5144/10233/366 5143/10234/366
f 4986/10228/365 4983/10235/365 5127/10236/365 5132/10229/365
f 4999/10237/362 4994/10215/362 5135/10218/362 5141/10238/362
f 4992/10239/366 4995/10231/366 5143/10234/366 5138/10240/366
f 4998/10241/367 4981/10242/367 5131/10243/367 5130/10244/367
f 4985/10245/367 4998/10241/367 5130/10244/367 5124/10246/367
f 4990/10247/362 4999/10237/362 5141/10238/362 5142/10248/362
f 4995/10249/345 5005/10250/345 5004/10251/345 4997/10252/345
f 4987/10253/345 5006/10254/345 5007/10255/345 5002/10256/345
f 5003/10257/345 5008/10258/345 5006/10254/345 4987/10253/345
f 4999/10259/345 5010/10260/345 5009/10261/345 4994/10262/345
f 5005/10250/345 5012/10263/345 5011/10264/345 5004/10251/345
f 5006/10254/345 5013/10265/345 5014/10266/345 5007/10255/345
f 5008/10258/345 5015/10267/345 5013/10265/345 5006/10254/345
f 5010/10260/345 5017/10268/345 5016/10269/345 5009/10261/345
f 5017/10268/345 5010/10260/345 5007/10255/345 5014/10266/345
f 5015/10267/345 5008/10258/345 5004/10251/345 5011/10264/345
f 5012/10263/345 5019/10270/345 5018/10271/345 5011/10264/345
f 5019/10270/345 5021/10272/345 5020/10273/345 5018/10271/345
f 5013/10265/345 5022/10274/345 5023/10275/345 5014/10266/345
f 5015/10267/345 5024/10276/345 5022/10274/345 5013/10265/345
f 5022/10274/345 5025/10277/345 5026/10278/345 5023/10275/345
f 5024/10276/345 5027/10279/345 5025/10277/345 5022/10274/345
f 5030/10280/345 5029/10281/345 5028/10282/345 5031/10283/345
f 5017/10268/345 5030/10280/345 5031/10283/345 5016/10269/345
f 5023/10275/345 5026/10278/345 5029/10281/345 5030/10280/345
f 5018/10271/345 5020/10273/345 5027/10279/345 5024/10276/345
f 5021/10272/345 5033/10284/345 5032/10285/345 5020/10273/345
f 5033/10284/345 5035/10286/345 5034/10287/345 5032/10285/345
f 5040/10288/345 5036/10289/345 5037/10290/345 5041/10291/345
f 5039/10292/345 5038/10293/345 5036/10289/345 5040/10288/345
f 5027/10279/345 5039/10292/345 5040/10288/345 5025/10277/345
f 5025/10277/345 5040/10288/345 5041/10291/345 5026/10278/345
f 5044/10294/345 5043/10295/345 5042/10296/345 5045/10297/345
f 5029/10281/345 5044/10294/345 5045/10297/345 5028/10282/345
f 5041/10291/345 5037/10290/345 5043/10295/345 5044/10294/345
f 5032/10285/345 5034/10287/345 5038/10293/345 5039/10292/345
f 5043/10295/345 5049/10298/345 5046/10299/345 5042/10296/345
f 5038/10293/345 5048/10300/345 5050/10301/345 5036/10289/345
f 5035/10286/345 5047/10302/345 5048/10300/345 5034/10287/345
f 5036/10289/345 5050/10301/345 5049/10298/345 5037/10290/345
f 5342/10303/344 5058/10304/344 5065/10305/344 5062/10306/344
f 5056/10307/344 5053/10308/344 5344/10309/344 5063/10310/344
f 5071/10311/344 5054/10312/344 5060/10313/344 5072/10314/344
f 5070/10315/344 5051/10316/344 5059/10317/344 5073/10318/344
f 5066/10319/344 5055/10320/344 5061/10321/344 5067/10322/344
f 5068/10323/344 5057/10324/344 5064/10325/344 5069/10326/344
f 5052/10211/344 5342/10303/344 5062/10306/344 5343/10212/344
f 5057/10324/344 5056/10307/344 5063/10310/344 5064/10325/344
f 5058/10304/344 5066/10319/344 5067/10322/344 5065/10305/344
f 5054/10312/344 5068/10323/344 5069/10326/344 5060/10313/344
f 5055/10320/344 5070/10315/344 5073/10318/344 5061/10321/344
f 5051/10316/344 5071/10311/344 5072/10314/344 5059/10317/344
f 5065/10305/344 5067/10322/344 5074/10327/344 5075/10328/344
f 5059/10317/344 5072/10314/344 5077/10329/344 5076/10330/344
f 5073/10318/344 5059/10317/344 5076/10330/344 5078/10331/344
f 5069/10326/344 5064/10325/344 5079/10332/344 5080/10333/344
f 5075/10328/344 5074/10327/344 5081/10334/344 5082/10335/344
f 5076/10330/344 5077/10329/344 5084/10336/344 5083/10337/344
f 5078/10331/344 5076/10330/344 5083/10337/344 5085/10338/344
f 5080/10333/344 5079/10332/344 5086/10339/344 5087/10340/344
f 5087/10340/344 5084/10336/344 5077/10329/344 5080/10333/344
f 5085/10338/344 5081/10334/344 5074/10327/344 5078/10331/344
f 5082/10335/344 5081/10334/344 5088/10341/344 5089/10342/344
f 5089/10342/344 5088/10341/344 5090/10343/344 5091/10344/344
f 5083/10337/344 5084/10336/344 5093/10345/344 5092/10346/344
f 5085/10338/344 5083/10337/344 5092/10346/344 5094/10347/344
f 5092/10346/344 5093/10345/344 5096/10348/344 5095/10349/344
f 5094/10347/344 5092/10346/344 5095/10349/344 5097/10350/344
f 5100/10351/344 5101/10352/344 5098/10353/344 5099/10354/344
f 5087/10340/344 5086/10339/344 5101/10352/344 5100/10351/344
f 5093/10345/344 5100/10351/344 5099/10354/344 5096/10348/344
f 5088/10341/344 5094/10347/344 5097/10350/344 5090/10343/344
f 5091/10344/344 5090/10343/344 5102/10355/344 5103/10356/344
f 5103/10356/344 5102/10355/344 5104/10357/344 5105/10358/344
f 5110/10359/344 5111/10360/344 5107/10361/344 5106/10362/344
f 5109/10363/344 5110/10359/344 5106/10362/344 5108/10364/344
f 5097/10350/344 5095/10349/344 5110/10359/344 5109/10363/344
f 5095/10349/344 5096/10348/344 5111/10360/344 5110/10359/344
f 5114/10365/344 5115/10366/344 5112/10367/344 5113/10368/344
f 5099/10354/344 5098/10353/344 5115/10366/344 5114/10365/344
f 5111/10360/344 5114/10365/344 5113/10368/344 5107/10361/344
f 5102/10355/344 5109/10363/344 5108/10364/344 5104/10357/344
f 5113/10368/344 5112/10367/344 5116/10369/344 5119/10370/344
f 5108/10364/344 5106/10362/344 5120/10371/344 5118/10372/344
f 5105/10358/344 5104/10357/344 5118/10372/344 5117/10373/344
f 5106/10362/344 5107/10361/344 5119/10370/344 5120/10371/344
f 5021/10374/368 5019/10375/368 5089/10376/368 5091/10377/368
f 5012/10378/369 5005/10379/369 5075/10380/369 5082/10381/369
f 5050/10382/370 5048/10383/370 5118/10384/370 5120/10385/370
f 4980/10386/371 5129/10387/371 5155/10388/371 5148/10389/371
f 5049/10390/370 5050/10382/370 5120/10385/370 5119/10391/370
f 5037/10392/372 5049/10393/372 5119/10394/372 5107/10395/372
f 5047/10396/373 5035/10397/373 5105/10398/373 5117/10399/373
f 5033/10400/368 5021/10374/368 5091/10377/368 5103/10401/368
f 5002/10402/372 5007/10403/372 5077/10404/372 5072/10405/372
f 5048/10383/370 5047/10406/370 5117/10407/370 5118/10384/370
f 5050/10382/370 5047/10406/370 5117/10407/370 5120/10385/370
f 5014/10408/372 5023/10409/372 5093/10410/372 5084/10411/372
f 5046/10412/370 5050/10382/370 5120/10385/370 5116/10413/370
f 5048/10414/374 5038/10415/374 5108/10416/374 5118/10417/374
f 4994/10418/375 5009/10419/375 5079/10420/375 5064/10421/375
f 5053/10422/371 4980/10386/371 5148/10389/371 5345/10423/371
f 4996/10227/365 4982/10220/365 5055/10424/365 5066/10425/365
f 4991/10223/366 4997/10232/366 5067/10426/366 5061/10427/366
f 4982/10220/363 5000/10219/363 5070/10428/363 5055/10424/363
f 5019/10375/368 5012/10378/368 5082/10381/368 5089/10376/368
f 4998/10241/367 4985/10245/367 5057/10429/367 5068/10430/367
f 4985/10245/367 4984/10431/367 5056/10432/367 5057/10429/367
f 5026/10433/372 5041/10434/372 5111/10435/372 5096/10436/372
f 5039/10437/374 5027/10438/374 5097/10439/374 5109/10440/374
f 4978/10441/376 5001/10442/376 5071/10443/376 5051/10444/376
f 4979/10445/377 4983/10235/377 5342/10446/377 5052/10447/377
f 5010/10448/378 4999/10449/378 5069/10450/378 5080/10451/378
f 4984/10431/379 4980/10386/379 5053/10422/379 5056/10432/379
f 5045/10452/375 5042/10453/375 5112/10454/375 5115/10455/375
f 5031/10456/375 5028/10457/375 5098/10458/375 5101/10459/375
f 5024/10460/374 5015/10461/374 5085/10462/374 5094/10463/374
f 5005/10379/368 4995/10414/368 5065/10417/368 5075/10380/368
f 4981/10242/367 4998/10241/367 5068/10430/367 5054/10464/367
f 5044/10465/378 5029/10466/378 5099/10467/378 5114/10468/378
f 5000/10219/380 4978/10441/380 5051/10444/380 5070/10428/380
f 4983/10235/365 4986/10228/365 5058/10469/365 5342/10446/365
f 5001/10442/381 4981/10242/381 5054/10464/381 5071/10443/381
f 4986/10228/365 4996/10227/365 5066/10425/365 5058/10469/365
f 5028/10457/375 5045/10452/375 5115/10455/375 5098/10458/375
f 5009/10419/375 5016/10470/375 5086/10471/375 5079/10420/375
f 4990/10247/382 5002/10472/382 5072/10473/382 5060/10474/382
f 4993/10216/362 4994/10215/362 5064/10475/362 5063/10476/362
f 5016/10470/375 5031/10456/375 5101/10459/375 5086/10471/375
f 5030/10477/378 5017/10478/378 5087/10479/378 5100/10480/378
f 5041/10481/383 5044/10482/383 5114/10483/383 5111/10484/383
f 5046/10412/370 5049/10390/370 5119/10391/370 5116/10413/370
f 4992/10239/384 4988/10485/384 5343/10486/384 5062/10487/384
f 5043/10488/385 5037/10489/385 5107/10490/385 5113/10491/385
f 5023/10492/386 5030/10493/386 5100/10494/386 5093/10495/386
f 5017/10496/387 5014/10497/387 5084/10498/387 5087/10499/387
f 5003/10224/364 4991/10223/364 5061/10427/364 5073/10500/364
f 4989/10501/388 4993/10216/388 5063/10476/388 5344/10502/388
f 5032/10503/389 5039/10433/389 5109/10436/389 5102/10504/389
f 5029/10505/390 5026/10506/390 5096/10507/390 5099/10508/390
f 5007/10509/391 5010/10510/391 5080/10511/391 5077/10512/391
f 4999/10237/362 4990/10247/362 5060/10474/362 5069/10513/362
f 5038/10514/392 5034/10515/392 5104/10516/392 5108/10517/392
f 5018/10518/393 5024/10519/393 5094/10520/393 5088/10521/393
f 5015/10522/394 5011/10523/394 5081/10524/394 5085/10525/394
f 4995/10231/366 4992/10239/366 5062/10487/366 5065/10526/366
f 5034/10527/395 5048/10528/395 5118/10529/395 5104/10530/395
f 5027/10531/396 5020/10532/396 5090/10533/396 5097/10534/396
f 5004/10535/397 5008/10536/397 5078/10537/397 5074/10538/397
f 5008/10539/374 5003/10540/374 5073/10541/374 5078/10542/374
f 5049/10543/398 5043/10437/398 5113/10440/398 5119/10544/398
f 5020/10545/399 5032/10546/399 5102/10547/399 5090/10548/399
f 5011/10549/399 5018/10404/399 5088/10550/399 5081/10551/399
f 4997/10552/399 5004/10547/399 5074/10553/399 5067/10554/399
f 5042/10453/400 5046/10555/400 5116/10556/400 5112/10454/400
f 5035/10397/368 5033/10400/368 5103/10401/368 5105/10398/368
f 5127/10557/345 5138/10558/345 5143/10559/345 5132/10560/345
f 5123/10561/345 5134/10562/345 5140/10563/345 5129/10564/345
f 5125/10565/345 5136/10566/345 5142/10567/345 5131/10568/345
f 5121/10569/345 5146/10570/345 5137/10571/345 5126/10572/345
f 5133/10573/345 5144/10574/345 5145/10575/345 5122/10576/345
f 5130/10577/345 5141/10578/345 5135/10579/345 5124/10580/345
f 5128/10581/345 5139/10582/345 5138/10558/345 5127/10557/345
f 5124/10580/345 5135/10579/345 5134/10562/345 5123/10561/345
f 5132/10560/345 5143/10559/345 5144/10574/345 5133/10573/345
f 5131/10568/345 5142/10567/345 5141/10578/345 5130/10577/345
f 5122/10576/345 5145/10575/345 5146/10570/345 5121/10569/345
f 5126/10572/345 5137/10571/345 5136/10566/345 5125/10565/345
f 5003/10224/370 4987/10583/370 5137/10584/370 5146/10225/370
f 4984/10431/367 4985/10245/367 5124/10246/367 5123/10585/367
f 4987/10583/370 5002/10472/370 5136/10586/370 5137/10584/370
f 4982/10220/365 4996/10227/365 5133/10230/365 5122/10221/365
f 5001/10442/376 4978/10441/376 5126/10587/376 5125/10588/376
f 4988/10485/401 5139/10589/401 5156/10590/401 5149/10591/401
f 4978/10441/380 5000/10219/380 5121/10222/380 5126/10587/380
f 4988/10485/384 4992/10239/384 5138/10240/384 5139/10589/384
f 4997/10232/366 4991/10223/366 5145/10226/366 5144/10233/366
f 4983/10235/377 4979/10445/377 5128/10592/377 5127/10236/377
f 4981/10242/381 5001/10442/381 5125/10588/381 5131/10243/381
f 4993/10216/388 4989/10501/388 5140/10593/388 5134/10217/388
f 4980/10386/379 4984/10431/379 5123/10585/379 5129/10387/379
f 5002/10472/382 4990/10247/382 5142/10248/382 5136/10586/382
f 5147/10594/402 5149/10595/402 5156/10596/402 5154/10597/402
f 5148/10598/403 5150/10599/403 5153/10600/403 5345/10601/403
f 5149/10595/402 5147/10594/402 5151/10602/402 5152/10600/402
f 5150/10599/403 5148/10598/403 5155/10603/403 5157/10604/403
f 4979/10445/404 5052/10447/404 5151/10605/404 5147/10591/404
f 5139/10582/345 5128/10581/345 5154/10606/345 5156/10607/345
f 5128/10592/404 4979/10445/404 5147/10591/404 5154/10590/404
f 5344/10309/344 5053/10308/344 5345/10608/344 5153/10609/344
f 5140/10593/405 4989/10501/405 5150/10610/405 5157/10611/405
f 5129/10564/345 5140/10563/345 5157/10612/345 5155/10613/345
f 5343/10486/401 4988/10485/401 5149/10591/401 5152/10614/401
f 4989/10501/405 5344/10502/405 5153/10615/405 5150/10610/405
f 5249/10616/406 5235/10617/406 5055/10618/406 5066/10619/406
f 5174/10620/407 5173/10621/407 5317/10622/407 5318/10623/407
f 5180/10624/408 5162/10625/408 5305/10626/408 5304/10627/408
f 5171/10628/409 5183/10629/409 5329/10630/409 5328/10631/409
f 5176/10632/406 5166/10633/406 5315/10634/406 5316/10635/406
f 5175/10636/410 5177/10637/410 5327/10638/410 5326/10639/410
f 5166/10633/406 5163/10640/406 5310/10641/406 5315/10634/406
f 5179/10642/407 5174/10620/407 5318/10623/407 5324/10643/407
f 5172/10644/410 5175/10636/410 5326/10639/410 5321/10645/410
f 5178/10646/411 5161/10647/411 5314/10648/411 5313/10649/411
f 5165/10650/411 5178/10646/411 5313/10649/411 5307/10651/411
f 5170/10652/407 5179/10642/407 5324/10643/407 5325/10653/407
f 5175/10654/345 5185/10655/345 5184/10656/345 5177/10657/345
f 5167/10658/345 5186/10659/345 5187/10660/345 5182/10661/345
f 5183/10662/345 5188/10663/345 5186/10659/345 5167/10658/345
f 5179/10664/345 5190/10665/345 5189/10666/345 5174/10667/345
f 5185/10655/345 5192/10668/345 5191/10669/345 5184/10656/345
f 5186/10659/345 5193/10670/345 5194/10671/345 5187/10660/345
f 5188/10663/345 5195/10672/345 5193/10670/345 5186/10659/345
f 5190/10665/345 5197/10673/345 5196/10674/345 5189/10666/345
f 5197/10673/345 5190/10665/345 5187/10660/345 5194/10671/345
f 5195/10672/345 5188/10663/345 5184/10656/345 5191/10669/345
f 5192/10668/345 5199/10675/345 5198/10676/345 5191/10669/345
f 5199/10675/345 5201/10677/345 5200/10678/345 5198/10676/345
f 5193/10670/345 5202/10679/345 5203/10680/345 5194/10671/345
f 5195/10672/345 5204/10681/345 5202/10679/345 5193/10670/345
f 5202/10679/345 5205/10682/345 5206/10683/345 5203/10680/345
f 5204/10681/345 5207/10684/345 5205/10682/345 5202/10679/345
f 5210/10685/345 5209/10686/345 5208/10687/345 5211/10688/345
f 5197/10673/345 5210/10685/345 5211/10688/345 5196/10674/345
f 5203/10680/345 5206/10683/345 5209/10686/345 5210/10685/345
f 5198/10676/345 5200/10678/345 5207/10684/345 5204/10681/345
f 5201/10677/345 5213/10689/345 5212/10690/345 5200/10678/345
f 5213/10689/345 5215/10691/345 5214/10692/345 5212/10690/345
f 5220/10693/345 5216/10694/345 5217/10695/345 5221/10696/345
f 5219/10697/345 5218/10698/345 5216/10694/345 5220/10693/345
f 5207/10684/345 5219/10697/345 5220/10693/345 5205/10682/345
f 5205/10682/345 5220/10693/345 5221/10696/345 5206/10683/345
f 5224/10699/345 5223/10700/345 5222/10701/345 5225/10702/345
f 5209/10686/345 5224/10699/345 5225/10702/345 5208/10687/345
f 5221/10696/345 5217/10695/345 5223/10700/345 5224/10699/345
f 5212/10690/345 5214/10692/345 5218/10698/345 5219/10697/345
f 5223/10700/345 5229/10703/345 5226/10704/345 5222/10701/345
f 5218/10698/345 5228/10705/345 5230/10706/345 5216/10694/345
f 5215/10691/345 5227/10707/345 5228/10705/345 5214/10692/345
f 5216/10694/345 5230/10706/345 5229/10703/345 5217/10695/345
f 5256/10708/409 5244/10709/409 5061/10710/409 5073/10711/409
f 5245/10712/412 5241/10713/412 5343/10714/412 5062/10715/412
f 5334/10716/413 5232/10717/413 5052/10718/413 5151/10719/413
f 5255/10720/376 5240/10721/376 5059/10722/376 5072/10723/376
f 5241/10713/414 5336/10724/414 5152/10725/414 5343/10714/414
f 5246/10726/407 5247/10727/407 5064/10728/407 5063/10729/407
f 5336/10730/415 5334/10731/415 5151/10732/415 5152/10733/415
f 5243/10734/416 5255/10720/416 5072/10723/416 5060/10735/416
f 5239/10736/406 5249/10616/406 5066/10619/406 5058/10737/406
f 5335/10738/417 5337/10739/417 5153/10740/417 5345/10741/417
f 5233/10742/418 5335/10743/418 5345/10744/418 5053/10745/418
f 5254/10746/419 5234/10747/419 5054/10748/419 5071/10749/419
f 5248/10750/344 5250/10751/344 5257/10752/344 5258/10753/344
f 5240/10754/344 5255/10755/344 5260/10756/344 5259/10757/344
f 5256/10758/344 5240/10754/344 5259/10757/344 5261/10759/344
f 5252/10760/344 5247/10761/344 5262/10762/344 5263/10763/344
f 5258/10753/344 5257/10752/344 5264/10764/344 5265/10765/344
f 5259/10757/344 5260/10756/344 5267/10766/344 5266/10767/344
f 5261/10759/344 5259/10757/344 5266/10767/344 5268/10768/344
f 5263/10763/344 5262/10762/344 5269/10769/344 5270/10770/344
f 5270/10770/344 5267/10766/344 5260/10756/344 5263/10763/344
f 5268/10768/344 5264/10764/344 5257/10752/344 5261/10759/344
f 5265/10765/344 5264/10764/344 5271/10771/344 5272/10772/344
f 5272/10772/344 5271/10771/344 5273/10773/344 5274/10774/344
f 5266/10767/344 5267/10766/344 5276/10775/344 5275/10776/344
f 5268/10768/344 5266/10767/344 5275/10776/344 5277/10777/344
f 5275/10776/344 5276/10775/344 5279/10778/344 5278/10779/344
f 5277/10777/344 5275/10776/344 5278/10779/344 5280/10780/344
f 5283/10781/344 5284/10782/344 5281/10783/344 5282/10784/344
f 5270/10770/344 5269/10769/344 5284/10782/344 5283/10781/344
f 5276/10775/344 5283/10781/344 5282/10784/344 5279/10778/344
f 5271/10771/344 5277/10777/344 5280/10780/344 5273/10773/344
f 5274/10774/344 5273/10773/344 5285/10785/344 5286/10786/344
f 5286/10786/344 5285/10785/344 5287/10787/344 5288/10788/344
f 5293/10789/344 5294/10790/344 5290/10791/344 5289/10792/344
f 5292/10793/344 5293/10789/344 5289/10792/344 5291/10794/344
f 5280/10780/344 5278/10779/344 5293/10789/344 5292/10793/344
f 5278/10779/344 5279/10778/344 5294/10790/344 5293/10789/344
f 5297/10795/344 5298/10796/344 5295/10797/344 5296/10798/344
f 5282/10784/344 5281/10783/344 5298/10796/344 5297/10795/344
f 5294/10790/344 5297/10795/344 5296/10798/344 5290/10791/344
f 5285/10785/344 5292/10793/344 5291/10794/344 5287/10787/344
f 5296/10798/344 5295/10797/344 5299/10799/344 5302/10800/344
f 5291/10794/344 5289/10792/344 5303/10801/344 5301/10802/344
f 5288/10788/344 5287/10787/344 5301/10802/344 5300/10803/344
f 5289/10792/344 5290/10791/344 5302/10800/344 5303/10801/344
f 5201/10804/420 5199/10805/420 5272/10806/420 5274/10807/420
f 5192/10808/421 5185/10809/421 5258/10810/421 5265/10811/421
f 5230/10812/376 5228/10813/376 5301/10814/376 5303/10815/376
f 5160/10816/418 5312/10817/418 5339/10818/418 5331/10819/418
f 5229/10820/376 5230/10812/376 5303/10815/376 5302/10821/376
f 5217/10822/374 5229/10823/374 5302/10824/374 5290/10825/374
f 5227/10826/422 5215/10827/422 5288/10828/422 5300/10829/422
f 5213/10830/420 5201/10804/420 5274/10807/420 5286/10831/420
f 5182/10832/374 5187/10833/374 5260/10411/374 5255/10834/374
f 5228/10813/376 5227/10835/376 5300/10836/376 5301/10814/376
f 5230/10812/376 5227/10835/376 5300/10836/376 5303/10815/376
f 5194/10837/374 5203/10838/374 5276/10839/374 5267/10840/374
f 5226/10413/376 5230/10812/376 5303/10815/376 5299/10841/376
f 5228/10842/372 5218/10843/372 5291/10844/372 5301/10845/372
f 5174/10846/423 5189/10847/423 5262/10848/423 5247/10849/423
f 5233/10742/418 5160/10816/418 5331/10819/418 5335/10743/418
f 5176/10632/406 5162/10625/406 5235/10617/406 5249/10616/406
f 5171/10628/410 5177/10637/410 5250/10850/410 5244/10709/410
f 5162/10625/408 5180/10624/408 5253/10851/408 5235/10617/408
f 5199/10805/420 5192/10808/420 5265/10811/420 5272/10806/420
f 5178/10646/411 5165/10650/411 5238/10852/411 5251/10853/411
f 5165/10650/411 5164/10854/411 5237/10855/411 5238/10852/411
f 5206/10856/374 5221/10857/374 5294/10858/374 5279/10859/374
f 5219/10860/372 5207/10861/372 5280/10862/372 5292/10863/372
f 5158/10864/370 5181/10865/370 5254/10746/370 5231/10866/370
f 5159/10867/424 5163/10640/424 5236/10868/424 5232/10717/424
f 5190/10869/425 5179/10870/425 5252/10871/425 5263/10448/425
f 5164/10854/426 5160/10816/426 5233/10742/426 5237/10855/426
f 5225/10872/423 5222/10873/423 5295/10874/423 5298/10875/423
f 5211/10876/423 5208/10877/423 5281/10878/423 5284/10879/423
f 5204/10880/372 5195/10881/372 5268/10463/372 5277/10822/372
f 5185/10809/420 5175/10423/420 5248/10882/420 5258/10810/420
f 5161/10647/411 5178/10646/411 5251/10853/411 5234/10747/411
f 5224/10883/425 5209/10884/425 5282/10885/425 5297/10886/425
f 5180/10624/427 5158/10864/427 5231/10866/427 5253/10851/427
f 5163/10640/406 5166/10633/406 5239/10736/406 5236/10868/406
f 5181/10865/419 5161/10647/419 5234/10747/419 5254/10746/419
f 5166/10633/406 5176/10632/406 5249/10616/406 5239/10736/406
f 5208/10877/423 5225/10872/423 5298/10875/423 5281/10878/423
f 5189/10847/423 5196/10887/423 5269/10888/423 5262/10848/423
f 5170/10652/416 5182/10889/416 5255/10720/416 5243/10734/416
f 5173/10621/407 5174/10620/407 5247/10727/407 5246/10726/407
f 5196/10887/423 5211/10876/423 5284/10879/423 5269/10888/423
f 5210/10890/425 5197/10891/425 5270/10892/425 5283/10893/425
f 5221/10894/428 5224/10895/428 5297/10517/428 5294/10896/428
f 5226/10413/376 5229/10820/376 5302/10821/376 5299/10841/376
f 5172/10644/412 5168/10897/412 5241/10713/412 5245/10712/412
f 5223/10898/429 5217/10899/429 5290/10900/429 5296/10901/429
f 5203/10508/430 5210/10533/430 5283/10902/430 5276/10903/430
f 5197/10499/431 5194/10904/431 5267/10905/431 5270/10906/431
f 5183/10629/409 5171/10628/409 5244/10709/409 5256/10708/409
f 5169/10907/432 5173/10621/432 5246/10726/432 5242/10908/432
f 5212/10909/433 5219/10832/433 5292/10834/433 5285/10910/433
f 5209/10911/434 5206/10912/434 5279/10913/434 5282/10914/434
f 5187/10915/435 5190/10916/435 5263/10917/435 5260/10918/435
f 5179/10642/407 5170/10652/407 5243/10734/407 5252/10919/407
f 5218/10920/436 5214/10921/436 5287/10922/436 5291/10923/436
f 5198/10924/437 5204/10925/437 5277/10926/437 5271/10927/437
f 5195/10906/438 5191/10928/438 5264/10929/438 5268/10930/438
f 5175/10636/410 5172/10644/410 5245/10712/410 5248/10931/410
f 5214/10932/439 5228/10933/439 5301/10934/439 5287/10935/439
f 5207/10936/440 5200/10937/440 5273/10938/440 5280/10939/440
f 5184/10940/441 5188/10941/441 5261/10942/441 5257/10943/441
f 5188/10542/372 5183/10944/372 5256/10945/372 5261/10946/372
f 5229/10947/442 5223/10948/442 5296/10949/442 5302/10950/442
f 5200/10951/443 5212/10952/443 5285/10953/443 5273/10533/443
f 5191/10954/443 5198/10955/443 5271/10956/443 5264/10957/443
f 5177/10958/443 5184/10552/443 5257/10959/443 5250/10960/443
f 5222/10873/444 5226/10826/444 5299/10829/444 5295/10874/444
f 5215/10827/420 5213/10830/420 5286/10831/420 5288/10828/420
f 5310/10961/345 5321/10962/345 5326/10963/345 5315/10964/345
f 5306/10965/345 5317/10966/345 5323/10967/345 5312/10968/345
f 5308/10969/345 5319/10970/345 5325/10971/345 5314/10972/345
f 5304/10973/345 5329/10974/345 5320/10975/345 5309/10976/345
f 5316/10977/345 5327/10978/345 5328/10979/345 5305/10980/345
f 5313/10981/345 5324/10982/345 5318/10983/345 5307/10984/345
f 5311/10985/345 5322/10986/345 5321/10962/345 5310/10961/345
f 5307/10984/345 5318/10983/345 5317/10966/345 5306/10965/345
f 5315/10964/345 5326/10963/345 5327/10978/345 5316/10977/345
f 5314/10972/345 5325/10971/345 5324/10982/345 5313/10981/345
f 5305/10980/345 5328/10979/345 5329/10974/345 5304/10973/345
f 5309/10976/345 5320/10975/345 5319/10970/345 5308/10969/345
f 5183/10629/376 5167/10987/376 5320/10988/376 5329/10630/376
f 5164/10854/411 5165/10650/411 5307/10651/411 5306/10989/411
f 5167/10987/376 5182/10889/376 5319/10990/376 5320/10988/376
f 5162/10625/406 5176/10632/406 5316/10635/406 5305/10626/406
f 5181/10865/370 5158/10864/370 5309/10991/370 5308/10992/370
f 5168/10897/414 5322/10993/414 5340/10994/414 5332/10995/414
f 5158/10864/427 5180/10624/427 5304/10627/427 5309/10991/427
f 5168/10897/412 5172/10644/412 5321/10645/412 5322/10993/412
f 5177/10637/410 5171/10628/410 5328/10631/410 5327/10638/410
f 5163/10640/424 5159/10867/424 5311/10996/424 5310/10641/424
f 5161/10647/419 5181/10865/419 5308/10992/419 5314/10648/419
f 5173/10621/432 5169/10907/432 5323/10997/432 5317/10622/432
f 5160/10816/426 5164/10854/426 5306/10989/426 5312/10817/426
f 5182/10889/416 5170/10652/416 5325/10653/416 5319/10990/416
f 5330/10998/415 5332/10999/415 5340/11000/415 5338/10546/415
f 5331/11001/417 5333/11002/417 5337/10739/417 5335/10738/417
f 5332/10999/415 5330/10998/415 5334/10731/415 5336/10730/415
f 5333/11002/417 5331/11001/417 5339/10733/417 5341/11003/417
f 5159/10867/413 5232/10717/413 5334/10716/413 5330/11004/413
f 5322/10986/345 5311/10985/345 5338/11005/345 5340/11006/345
f 5311/10996/413 5159/10867/413 5330/11004/413 5338/11007/413
f 5236/10868/406 5239/10736/406 5058/10737/406 5342/11008/406
f 5323/10997/445 5169/10907/445 5333/11009/445 5341/11010/445
f 5312/10968/345 5323/10967/345 5341/11011/345 5339/11012/345
f 5241/10713/414 5168/10897/414 5332/10995/414 5336/10724/414
f 5169/10907/445 5242/10908/445 5337/11013/445 5333/11009/445
f 5242/10908/432 5246/10726/432 5063/10729/432 5344/11014/432
f 5240/10721/376 5256/10708/376 5073/10711/376 5059/10722/376
f 5244/10709/410 5250/10850/410 5067/11015/410 5061/10710/410
f 5252/10919/407 5243/10734/407 5060/10735/407 5069/11016/407
f 5337/11013/445 5242/10908/445 5344/11014/445 5153/11017/445
f 5248/10931/410 5245/10712/410 5062/10715/410 5065/11018/410
f 5235/10617/408 5253/10851/408 5070/11019/408 5055/10618/408
f 5251/10853/411 5238/10852/411 5057/11020/411 5068/11021/411
f 5250/10850/410 5248/10931/410 5065/11018/410 5067/11015/410
f 5238/10852/411 5237/10855/411 5056/11022/411 5057/11020/411
f 5247/10727/407 5252/10919/407 5069/11016/407 5064/10728/407
f 5231/10866/370 5254/10746/370 5071/10749/370 5051/11023/370
f 5232/10717/424 5236/10868/424 5342/11008/424 5052/10718/424
f 5237/10855/426 5233/10742/426 5053/10745/426 5056/11022/426
f 5234/10747/411 5251/10853/411 5068/11021/411 5054/10748/411
f 5253/10851/427 5231/10866/427 5051/11023/427 5070/11019/427
o gate-5
v 6.468894 14.322561 1.386904
v 6.468894 14.260234 1.449217
v 6.468894 14.178804 1.482936
v 6.468894 14.090671 1.482926
v 6.468894 14.009249 1.449190
v 6.468894 13.946935 1.386863
v 6.468894 13.913217 1.305434
v 6.468894 13.913226 1.217299
v 6.468894 13.946962 1.135877
v 6.468894 14.009290 1.073564
v 6.468894 14.090719 1.039845
v 6.468894 14.178853 1.039855
v 6.468894 14.260275 1.073591
v 6.468894 14.322589 1.135919
v 6.468894 14.356307 1.217348
v 6.468894 14.356297 1.305482
v 6.257980 14.322561 1.386904
v 6.257980 14.260234 1.449217
v 6.257980 14.178804 1.482936
v 6.257980 14.090671 1.482926
v 6.257980 14.009249 1.449190
v 6.257980 13.946935 1.386863
v 6.257980 13.913217 1.305434
v 6.257980 13.913226 1.217299
v 6.257980 13.946962 1.135877
v 6.257980 14.009290 1.073564
v 6.257980 14.090719 1.039845
v 6.257980 14.178853 1.039855
v 6.257980 14.260275 1.073591
v 6.257980 14.322589 1.135919
v 6.257980 14.356307 1.217348
v 6.257980 14.356297 1.305482
v 3.714162 14.322561 1.386904
v 3.714162 14.260234 1.449217
v 3.714162 14.178804 1.482936
v 3.714162 14.090671 1.482926
v 3.714162 14.009249 1.449190
v 3.714162 13.946935 1.386863
v 3.714162 13.913217 1.305434
v 3.714162 13.913226 1.217299
v 3.714162 13.946962 1.135878
v 3.714162 14.009290 1.073564
v 3.714162 14.090719 1.039845
v 3.714162 14.178853 1.039855
v 3.714162 14.260275 1.073591
v 3.714162 14.322589 1.135919
v 3.714162 14.356307 1.217348
v 3.714162 14.356297 1.305482
v 3.925076 14.322561 1.386904
v 3.925076 14.260234 1.449217
v 3.925076 14.178804 1.482936
v 3.925076 14.090671 1.482926
v 3.925076 14.009249 1.449190
v 3.925076 13.946935 1.386863
v 3.925076 13.913217 1.305434
v 3.925076 13.913226 1.217299
v 3.925076 13.946962 1.135878
v 3.925076 14.009290 1.073564
v 3.925076 14.090719 1.039845
v 3.925076 14.178853 1.039855
v 3.925076 14.260275 1.073591
v 3.925076 14.322589 1.135919
v 3.925076 14.356307 1.217348
v 3.925076 14.356297 1.305482
v 6.257980 14.134762 1.261391
v 5.091528 14.134762 1.261391
v 6.448984 16.581610 -2.399673
v 6.448984 17.677515 -1.132644
v 6.448984 14.991754 -2.927636
v 6.448984 16.032763 -2.693116
v 6.448984 17.062664 -2.004794
v 6.448984 17.457438 -1.523653
v 6.448984 15.437213 -2.873844
v 6.448984 15.734988 -2.783480
v 6.448984 17.260050 -1.764223
v 6.448984 16.486542 -2.257425
v 6.448984 17.544825 -1.050488
v 6.448984 14.966596 -2.773613
v 6.448984 15.960693 -2.535496
v 6.448984 16.944593 -1.877917
v 6.448984 17.317251 -1.411558
v 6.448984 15.387259 -2.701443
v 6.448984 15.673976 -2.618469
v 6.448984 17.130922 -1.644737
v 6.448984 17.161356 -1.884508
v 6.448984 17.037758 -1.761328
v 6.448984 15.883875 -2.738298
v 6.448984 15.817334 -2.576983
v 6.448984 16.630829 -2.366779
v 6.448984 16.532393 -2.432568
v 6.448984 16.437323 -2.290320
v 6.448984 16.535759 -2.224531
v 6.448984 16.506178 -1.194613
v 6.448984 16.603687 -1.084524
v 6.448984 16.046423 -1.598898
v 6.448984 15.997205 -1.631792
v 6.448984 16.095640 -1.566004
v 6.448984 15.355719 -1.911948
v 6.448984 15.494700 -1.863912
v 6.448984 16.402458 -1.084038
v 6.448984 16.500814 -0.975218
v 6.448984 15.968220 -1.481887
v 6.448984 15.919002 -1.514781
v 6.448984 16.017437 -1.448992
v 6.448984 15.296370 -1.780195
v 6.448984 15.434536 -1.730939
v 6.448984 15.855520 -0.500952
v 6.448984 15.958347 -0.398820
v 6.448984 15.769365 -0.409103
v 6.448984 15.872897 -0.308024
v 6.448984 15.507395 -0.792377
v 6.448984 15.458178 -0.825271
v 6.448984 15.556613 -0.759483
v 6.448984 15.429888 -0.676407
v 6.448984 15.380671 -0.709301
v 6.448984 15.479106 -0.643512
v 6.448984 14.919415 -0.943366
v 6.448984 15.052396 -0.886353
v 6.448984 15.106323 -1.005541
v 6.448984 14.972610 -1.061457
v 6.448984 15.128227 0.274410
v 6.448984 15.236998 0.367649
v 6.448984 15.030895 0.378175
v 6.448984 15.140463 0.470222
v 6.448984 14.832972 0.216731
v 6.448984 14.783753 0.183837
v 6.448984 14.882190 0.249625
v 6.448984 14.959696 0.133657
v 6.448984 14.910478 0.100762
v 6.448984 14.861259 0.067868
v 6.448984 14.482391 0.026809
v 6.448984 14.609365 0.092813
v 6.448984 14.666096 -0.032572
v 6.448984 14.538354 -0.097425
v 6.448984 14.007381 1.082541
v 6.448984 14.347288 1.309713
v 6.448984 14.227292 1.229516
v 6.448984 14.128857 1.163728
v 6.448984 14.178075 1.196622
v 6.277890 16.581610 -2.399673
v 6.277890 17.677515 -1.132644
v 6.277890 14.991754 -2.927636
v 6.277890 16.032763 -2.693116
v 6.277890 17.062664 -2.004794
v 6.277890 15.437213 -2.873844
v 6.277890 15.734988 -2.783480
v 6.277890 17.260050 -1.764223
v 6.277890 16.486542 -2.257425
v 6.277890 15.960693 -2.535496
v 6.277890 16.944593 -1.877917
v 6.277890 17.317251 -1.411558
v 6.277890 15.387259 -2.701443
v 6.277890 15.673976 -2.618469
v 6.277890 17.130922 -1.644737
v 6.277890 17.161356 -1.884508
v 6.277890 17.037758 -1.761328
v 6.277890 15.883875 -2.738298
v 6.277890 15.817334 -2.576983
v 6.277890 16.630829 -2.366779
v 6.277890 16.532393 -2.432568
v 6.277890 16.437323 -2.290320
v 6.277890 16.535759 -2.224531
v 6.277890 16.506178 -1.194613
v 6.277890 16.603687 -1.084524
v 6.277890 16.046423 -1.598898
v 6.277890 15.997205 -1.631792
v 6.277890 16.095640 -1.566004
v 6.277890 15.355719 -1.911948
v 6.277890 15.494700 -1.863912
v 6.277890 16.402458 -1.084038
v 6.277890 16.500814 -0.975218
v 6.277890 15.968220 -1.481887
v 6.277890 15.919002 -1.514781
v 6.277890 16.017437 -1.448992
v 6.277890 15.296370 -1.780195
v 6.277890 15.434536 -1.730939
v 6.277890 15.855520 -0.500952
v 6.277890 15.958347 -0.398820
v 6.277890 15.769365 -0.409103
v 6.277890 15.872897 -0.308024
v 6.277890 15.507395 -0.792377
v 6.277890 15.458178 -0.825271
v 6.277890 15.556613 -0.759483
v 6.277890 15.429888 -0.676407
v 6.277890 15.380671 -0.709301
v 6.277890 15.479106 -0.643512
v 6.277890 14.919415 -0.943366
v 6.277890 15.052396 -0.886353
v 6.277890 15.106323 -1.005541
v 6.277890 14.972610 -1.061457
v 6.277891 15.128227 0.274410
v 6.277891 15.236998 0.367649
v 6.277891 15.030895 0.378175
v 6.277891 15.140463 0.470222
v 6.277891 14.832972 0.216731
v 6.277891 14.783753 0.183837
v 6.277891 14.882190 0.249625
v 6.277891 14.959696 0.133657
v 6.277891 14.910478 0.100762
v 6.277891 14.861259 0.067868
v 6.277891 14.482391 0.026809
v 6.277891 14.609365 0.092813
v 6.277891 14.666096 -0.032572
v 6.277891 14.538354 -0.097425
v 6.277891 14.007381 1.082541
v 6.277891 14.347288 1.309713
v 6.277891 14.227292 1.229516
v 6.277891 14.128857 1.163728
v 6.277891 14.178075 1.196622
v 6.468894 16.630829 -2.366779
v 6.468894 17.062664 -2.004794
v 6.468894 15.437213 -2.873844
v 6.468894 15.734988 -2.783480
v 6.468894 16.532393 -2.432568
v 6.468894 16.581610 -2.399673
v 6.468894 17.457438 -1.523653
v 6.468894 17.677515 -1.132644
v 6.468894 14.991754 -2.927636
v 6.468894 15.883875 -2.738298
v 6.468894 16.032763 -2.693116
v 6.468894 17.260050 -1.764223
v 6.468894 17.161356 -1.884508
v 6.468894 15.387259 -2.701443
v 6.468894 15.673976 -2.618469
v 6.468894 16.437323 -2.290320
v 6.468894 16.486542 -2.257425
v 6.468894 17.317251 -1.411558
v 6.468894 17.544825 -1.050488
v 6.468894 14.966596 -2.773613
v 6.468894 15.817334 -2.576983
v 6.468894 15.960693 -2.535496
v 6.468894 17.130922 -1.644737
v 6.468894 17.037758 -1.761328
v 6.468894 16.944593 -1.877917
v 6.468894 16.535759 -2.224531
v 6.448984 17.814980 -0.843975
v 6.448984 14.672456 -2.944239
v 6.448984 17.670259 -0.763608
v 6.448984 14.653554 -2.779784
v 6.277890 17.814980 -0.843975
v 6.277890 17.670259 -0.763608
v 6.277890 14.653554 -2.779784
v 6.468894 17.814980 -0.843975
v 6.468894 14.672456 -2.944239
v 6.468894 17.670259 -0.763608
v 6.468894 14.653554 -2.779784
v 3.734072 16.581610 -2.399673
v 3.734072 17.677515 -1.132644
v 3.734072 14.991754 -2.927636
v 3.734072 16.032763 -2.693116
v 3.734072 17.062664 -2.004794
v 3.734072 17.457438 -1.523653
v 3.734072 15.437213 -2.873844
v 3.734072 15.734988 -2.783480
v 3.734072 17.260050 -1.764223
v 3.734072 16.486542 -2.257425
v 3.734072 17.544825 -1.050488
v 3.734072 14.966596 -2.773613
v 3.734072 15.960693 -2.535496
v 3.734072 16.944593 -1.877917
v 3.734072 17.317251 -1.411558
v 3.734072 15.387259 -2.701443
v 3.734072 15.673976 -2.618469
v 3.734072 17.130922 -1.644737
v 3.734072 17.161356 -1.884508
v 3.734072 17.037758 -1.761328
v 3.734072 15.883875 -2.738298
v 3.734072 15.817334 -2.576983
v 3.734072 16.630829 -2.366779
v 3.734072 16.532393 -2.432568
v 3.734072 16.437323 -2.290320
v 3.734072 16.535759 -2.224531
v 3.734072 16.506178 -1.194613
v 3.734072 16.603687 -1.084524
v 3.734072 16.046423 -1.598898
v 3.734072 15.997205 -1.631792
v 3.734072 16.095640 -1.566004
v 3.734072 15.355719 -1.911948
v 3.734072 15.494700 -1.863912
v 3.734072 16.402458 -1.084038
v 3.734072 16.500814 -0.975218
v 3.734072 15.968220 -1.481887
v 3.734072 15.919002 -1.514781
v 3.734072 16.017437 -1.448992
v 3.734072 15.296370 -1.780195
v 3.734072 15.434536 -1.730939
v 3.734072 15.855520 -0.500952
v 3.734072 15.958347 -0.398820
v 3.734072 15.769365 -0.409103
v 3.734072 15.872897 -0.308024
v 3.734072 15.507395 -0.792377
v 3.734072 15.458178 -0.825271
v 3.734072 15.556613 -0.759483
v 3.734072 15.429888 -0.676407
v 3.734072 15.380671 -0.709301
v 3.734072 15.479106 -0.643512
v 3.734072 14.919415 -0.943366
v 3.734072 15.052396 -0.886353
v 3.734072 15.106323 -1.005541
v 3.734072 14.972610 -1.061457
v 3.734072 15.128227 0.274410
v 3.734072 15.236998 0.367649
v 3.734072 15.030895 0.378175
v 3.734072 15.140463 0.470222
v 3.734072 14.832972 0.216731
v 3.734072 14.783753 0.183837
v 3.734072 14.882190 0.249625
v 3.734072 14.959696 0.133657
v 3.734072 14.910478 0.100762
v 3.734072 14.861259 0.067868
v 3.734072 14.482391 0.026810
v 3.734072 14.609365 0.092813
v 3.734072 14.666096 -0.032572
v 3.734072 14.538354 -0.097424
v 3.734072 14.007381 1.082542
v 3.734072 14.347288 1.309713
v 3.734072 14.227292 1.229516
v 3.734072 14.128857 1.163728
v 3.734072 14.178075 1.196622
v 3.905166 16.581610 -2.399673
v 3.905166 17.677515 -1.132644
v 3.905166 14.991754 -2.927636
v 3.905166 16.032763 -2.693116
v 3.905166 17.062664 -2.004794
v 3.905166 17.457438 -1.523653
v 3.905166 15.437213 -2.873844
v 3.905166 15.734988 -2.783480
v 3.905166 17.260050 -1.764223
v 3.905166 16.486542 -2.257425
v 3.905166 17.544825 -1.050488
v 3.905166 14.966596 -2.773613
v 3.905166 15.960693 -2.535496
v 3.905166 16.944593 -1.877917
v 3.905166 17.317251 -1.411558
v 3.905166 15.387259 -2.701443
v 3.905166 15.673976 -2.618469
v 3.905166 17.130922 -1.644737
v 3.905166 17.161356 -1.884508
v 3.905166 17.037758 -1.761328
v 3.905166 15.883875 -2.738298
v 3.905166 15.817334 -2.576983
v 3.905166 16.630829 -2.366779
v 3.905166 16.532393 -2.432568
v 3.905166 16.437323 -2.290320
v 3.905166 16.535759 -2.224531
v 3.905166 16.506178 -1.194613
v 3.905166 16.603687 -1.084524
v 3.905166 16.046423 -1.598898
v 3.905166 15.997205 -1.631792
v 3.905166 16.095640 -1.566004
v 3.905166 15.355719 -1.911948
v 3.905166 15.494700 -1.863912
v 3.905166 16.402458 -1.084038
v 3.905166 16.500814 -0.975218
v 3.905166 15.968220 -1.481887
v 3.905166 15.919002 -1.514781
v 3.905166 16.017437 -1.448992
v 3.905166 15.296370 -1.780195
v 3.905166 15.434536 -1.730939
v 3.905166 15.855520 -0.500952
v 3.905166 15.958347 -0.398820
v 3.905166 15.769365 -0.409103
v 3.905166 15.872897 -0.308024
v 3.905166 15.507395 -0.792377
v 3.905166 15.458178 -0.825271
v 3.905166 15.556613 -0.759483
v 3.905166 15.429888 -0.676407
v 3.905166 15.380671 -0.709301
v 3.905166 15.479106 -0.643512
v 3.905166 14.919415 -0.943366
v 3.905166 15.052396 -0.886353
v 3.905166 15.106323 -1.005541
v 3.905166 14.972610 -1.061457
v 3.905166 15.128227 0.274410
v 3.905166 15.236998 0.367649
v 3.905166 15.030895 0.378175
v 3.905166 15.140463 0.470222
v 3.905166 14.832972 0.216731
v 3.905166 14.783753 0.183837
v 3.905166 14.882190 0.249625
v 3.905166 14.959696 0.133657
v 3.905166 14.910478 0.100762
v 3.905166 14.861259 0.067868
v 3.905166 14.482391 0.026810
v 3.905166 14.609365 0.092813
v 3.905166 14.666096 -0.032572
v 3.905166 14.538354 -0.097424
v 3.905166 14.007381 1.082542
v 3.905166 14.347288 1.309713
v 3.905166 14.227292 1.229516
v 3.905166 14.128857 1.163728
v 3.905166 14.178075 1.196622
v 3.714162 16.630829 -2.366779
v 3.714162 17.062664 -2.004794
v 3.714162 15.437213 -2.873844
v 3.714162 15.734988 -2.783480
v 3.714162 16.532393 -2.432568
v 3.714162 16.581610 -2.399673
v 3.714162 17.457438 -1.523653
v 3.714162 17.677515 -1.132644
v 3.714162 14.991754 -2.927636
v 3.714162 15.883875 -2.738298
v 3.714162 16.032763 -2.693116
v 3.714162 17.260050 -1.764223
v 3.714162 17.161356 -1.884508
v 3.714162 15.387259 -2.701443
v 3.714162 15.673976 -2.618469
v 3.714162 16.437323 -2.290320
v 3.714162 16.486542 -2.257425
v 3.714162 17.317251 -1.411558
v 3.714162 17.544825 -1.050488
v 3.714162 14.966596 -2.773613
v 3.714162 15.817334 -2.576983
v 3.714162 15.960693 -2.535496
v 3.714162 17.130922 -1.644737
v 3.714162 17.037758 -1.761328
v 3.714162 16.944593 -1.877917
v 3.714162 16.535759 -2.224531
v 3.734072 17.814980 -0.843975
v 3.734072 14.672456 -2.944239
v 3.734072 17.670259 -0.763608
v 3.734072 14.653554 -2.779784
v 3.905166 17.814980 -0.843975
v 3.905166 14.672456 -2.944239
v 3.905166 17.670259 -0.763608
v 3.905166 14.653554 -2.779784
v 3.714162 17.814980 -0.843975
v 3.714162 14.672456 -2.944239
v 3.714162 17.670259 -0.763608
v 3.714162 14.653554 -2.779784
v 6.277890 17.457438 -1.523653
v 6.277890 17.544825 -1.050488
v 6.277890 14.966596 -2.773613
v 6.277890 14.672456 -2.944239
vn -1.0000 -0.0000 -0.0000
vn 1.0000 -0.0000 -0.0000
vn -0.0000 0.3826 0.9239
vn -0.0000 0.0001 -1.0000
vn -0.0000 -0.0001 1.0000
vn -0.0000 0.3828 -0.9238
vn -0.0000 -0.3828 0.9238
vn -0.0000 0.7072 -0.7070
vn -0.0000 -0.7072 0.7070
vn -0.0000 0.9239 -0.3826
vn -0.0000 -0.9239 0.3826
vn -0.0000 1.0000 0.0001
vn -0.0000 -1.0000 -0.0001
vn -0.0000 0.9238 0.3828
vn -0.0000 -0.7070 -0.7072
vn -0.0000 -0.9238 -0.3828
vn -0.0000 0.7070 0.7072
vn -0.0000 -0.3826 -0.9239
vn -0.0000 -0.2780 0.9606
vn -0.0000 0.6424 -0.7664
vn -0.0000 -0.6467 0.7628
vn -0.0000 0.7731 -0.6343
vn -0.0000 -0.7812 0.6243
vn -0.0000 0.2904 -0.9569
vn -0.0000 0.7282 0.6853
vn -0.0000 0.7282 0.6854
vn -0.0000 -0.5557 0.8314
vn -0.0000 0.0519 -0.9987
vn -0.0000 -0.8314 -0.5557
vn -0.0000 0.7269 0.6868
vn -0.0000 0.8314 0.5557
vn -0.0000 -0.9118 -0.4107
vn -0.0000 0.5557 -0.8314
vn -0.0000 0.8714 -0.4905
vn -0.0000 0.9111 0.4122
vn -0.0000 0.1199 -0.9928
vn -0.0000 0.5556 -0.8314
vn -0.0000 0.4624 -0.8867
vn -0.0000 -0.4574 0.8892
vn -0.0000 0.4576 -0.8892
vn -0.0000 -0.8460 0.5332
vn -0.0000 -0.4627 0.8865
vn -0.0000 0.4560 -0.8900
vn -0.0000 -0.4075 0.9132
vn -0.0000 -0.1691 0.9856
vn -0.0000 0.6410 -0.7675
vn -0.0000 -0.4747 0.8801
vn -0.0000 0.4193 -0.9078
vn -0.0000 -0.6540 0.7565
vn -0.0000 0.6542 -0.7563
vn -0.0000 -0.6879 0.7258
vn -0.0000 -0.7272 -0.6864
vn -0.0000 -0.6283 0.7780
vn -0.0000 0.6709 -0.7416
vn -0.0000 0.9124 0.4094
vn -0.0000 -0.7294 -0.6841
vn -0.0000 -0.9119 -0.4103
vn -0.0000 -0.9162 0.4006
vn -0.0000 0.4855 0.8742
vn -0.0000 -0.9935 -0.1142
vn -0.0000 0.9029 -0.4299
vn -0.0000 -0.0197 0.9998
vn -0.0000 -0.7731 0.6343
vn -0.0000 0.2780 -0.9606
vn -0.0000 -0.6424 0.7664
vn -0.0000 0.6467 -0.7628
vn -0.0000 0.7812 -0.6243
vn -0.0000 -0.2904 0.9569
vn -0.0000 0.8460 -0.5332
vn -0.0000 -0.9029 0.4299
vn -0.0000 0.9162 -0.4006
vn -0.0000 -0.4855 -0.8742
vn -0.0000 0.4574 -0.8892
vn -0.0000 0.9935 0.1142
vn -0.0000 -0.0519 0.9987
vn -0.0000 -0.4624 0.8867
vn -0.0000 -0.7282 -0.6853
vn -0.0000 -0.7282 -0.6854
vn -0.0000 -0.7269 -0.6868
vn -0.0000 0.9118 0.4107
vn -0.0000 -0.8714 0.4905
vn -0.0000 -0.9111 -0.4122
vn -0.0000 -0.1199 0.9928
vn -0.0000 -0.5556 0.8314
vn -0.0000 -0.4576 0.8892
vn -0.0000 0.4627 -0.8865
vn -0.0000 -0.4560 0.8900
vn -0.0000 0.4075 -0.9132
vn -0.0000 0.1691 -0.9856
vn -0.0000 -0.6410 0.7675
vn -0.0000 0.4747 -0.8801
vn -0.0000 -0.4193 0.9078
vn -0.0000 0.6540 -0.7565
vn -0.0000 -0.6542 0.7563
vn -0.0000 0.6879 -0.7258
vn -0.0000 0.7272 0.6864
vn -0.0000 0.6283 -0.7780
vn -0.0000 -0.6709 0.7416
vn -0.0000 -0.9124 -0.4094
vn -0.0000 0.7294 0.6841
vn -0.0000 0.9119 0.4103
vn -0.0000 0.0197 -0.9998
vt 0.481980 0.844569
vt 0.491278 0.848421
vt 0.498394 0.855537
vt 0.502245 0.864834
vt 0.502245 0.874898
vt 0.498394 0.884195
vt 0.491278 0.891311
vt 0.481980 0.895163
vt 0.471916 0.895163
vt 0.462619 0.891311
vt 0.455503 0.884195
vt 0.451652 0.874898
vt 0.451652 0.864834
vt 0.455503 0.855537
vt 0.462619 0.848421
vt 0.471916 0.844569
vt 0.513212 0.891312
vt 0.506096 0.884196
vt 0.502245 0.874898
vt 0.502245 0.864834
vt 0.506096 0.855537
vt 0.513212 0.848421
vt 0.522510 0.844569
vt 0.532573 0.844569
vt 0.541871 0.848421
vt 0.548987 0.855537
vt 0.552838 0.864834
vt 0.552838 0.874898
vt 0.548987 0.884196
vt 0.541871 0.891312
vt 0.532573 0.895163
vt 0.522510 0.895163
vt 0.773021 0.975343
vt 0.773021 0.983643
vt 0.748938 0.983643
vt 0.748938 0.975343
vt 0.845271 0.983607
vt 0.845271 0.975506
vt 0.869354 0.975506
vt 0.869354 0.983607
vt 0.678108 0.951298
vt 0.678108 0.959288
vt 0.654024 0.959288
vt 0.654024 0.951298
vt 0.845271 0.965737
vt 0.869354 0.965737
vt 0.678108 0.969011
vt 0.654024 0.969011
vt 0.845271 0.955786
vt 0.869354 0.955786
vt 0.678108 0.978987
vt 0.654024 0.978987
vt 0.845271 0.947170
vt 0.869354 0.947170
vt 0.678108 0.987698
vt 0.654024 0.987698
vt 0.773021 0.947170
vt 0.773021 0.955604
vt 0.748938 0.955604
vt 0.748938 0.947170
vt 0.773021 0.983643
vt 0.773021 0.975344
vt 0.797104 0.975344
vt 0.797104 0.983643
vt 0.773021 0.965497
vt 0.748938 0.965497
vt 0.773021 0.965498
vt 0.773021 0.955604
vt 0.797104 0.955604
vt 0.797104 0.965498
vt 0.773021 0.947170
vt 0.797104 0.947170
vt 0.607282 0.855537
vt 0.614398 0.848421
vt 0.623696 0.844570
vt 0.633760 0.844570
vt 0.643057 0.848421
vt 0.650173 0.855537
vt 0.654024 0.864834
vt 0.654024 0.874898
vt 0.650173 0.884196
vt 0.643057 0.891312
vt 0.633760 0.895163
vt 0.623696 0.895163
vt 0.614398 0.891312
vt 0.607282 0.884196
vt 0.603431 0.874898
vt 0.603431 0.864834
vt 0.592464 0.891311
vt 0.583166 0.895163
vt 0.573103 0.895163
vt 0.563805 0.891311
vt 0.556689 0.884195
vt 0.552838 0.874898
vt 0.552838 0.864834
vt 0.556689 0.855537
vt 0.563805 0.848421
vt 0.573103 0.844569
vt 0.583166 0.844569
vt 0.592464 0.848421
vt 0.599580 0.855537
vt 0.603431 0.864834
vt 0.603431 0.874898
vt 0.599580 0.884195
vt 0.821188 0.975209
vt 0.821188 0.983643
vt 0.797104 0.983643
vt 0.797104 0.975209
vt 0.389377 0.947801
vt 0.389377 0.955791
vt 0.365294 0.955791
vt 0.365294 0.947801
vt 0.845271 0.947170
vt 0.845271 0.955271
vt 0.821188 0.955271
vt 0.821188 0.947170
vt 0.389377 0.965515
vt 0.365294 0.965515
vt 0.845271 0.965041
vt 0.821188 0.965041
vt 0.389377 0.975491
vt 0.365294 0.975491
vt 0.845271 0.974991
vt 0.821188 0.974991
vt 0.389377 0.984201
vt 0.365294 0.984201
vt 0.845271 0.983607
vt 0.821188 0.983607
vt 0.821188 0.947170
vt 0.821188 0.955470
vt 0.797104 0.955470
vt 0.797104 0.947170
vt 0.724855 0.983643
vt 0.724855 0.975209
vt 0.748938 0.975209
vt 0.748938 0.983643
vt 0.821188 0.965316
vt 0.797104 0.965316
vt 0.724855 0.965316
vt 0.724855 0.955470
vt 0.748938 0.955470
vt 0.748938 0.965316
vt 0.724855 0.947170
vt 0.748938 0.947170
vt 0.356760 0.489453
vt 0.356735 0.471632
vt 0.392119 0.466517
vt 0.393042 0.485396
vt 0.885404 0.740884
vt 0.885404 0.772636
vt 0.883130 0.772636
vt 0.883130 0.740884
vt 0.885404 0.219123
vt 0.885404 0.283339
vt 0.883130 0.283339
vt 0.883130 0.219123
vt 0.885404 0.574283
vt 0.885404 0.635410
vt 0.883130 0.635410
vt 0.883130 0.574283
vt 0.885404 0.300560
vt 0.885404 0.317781
vt 0.883130 0.317781
vt 0.883130 0.300560
vt 0.885404 0.541203
vt 0.885404 0.557743
vt 0.883130 0.557743
vt 0.883130 0.541203
vt 0.885404 0.352222
vt 0.883130 0.352222
vt 0.885404 0.725008
vt 0.883130 0.725008
vt 0.885404 0.508122
vt 0.883130 0.508122
vt 0.885404 0.125297
vt 0.885404 0.142043
vt 0.883130 0.142043
vt 0.883130 0.125297
vt 0.885404 0.108552
vt 0.883130 0.108552
vt 0.885404 0.709131
vt 0.883130 0.709131
vt 0.000000 0.929793
vt 0.028618 0.846744
vt 0.043933 0.853632
vt 0.015167 0.937563
vt 0.095820 0.963361
vt 0.110758 0.874161
vt 0.117424 0.875278
vt 0.102487 0.964477
vt 0.089153 0.962244
vt 0.104091 0.873045
vt 0.180477 0.965246
vt 0.180626 0.875878
vt 0.197348 0.874361
vt 0.197348 0.962842
vt 0.034202 0.830540
vt 0.049545 0.837256
vt 0.113412 0.858312
vt 0.120079 0.859428
vt 0.106745 0.857195
vt 0.180653 0.859212
vt 0.197348 0.857861
vt 0.063647 0.745091
vt 0.079142 0.750901
vt 0.068285 0.731630
vt 0.083804 0.737298
vt 0.129052 0.764915
vt 0.135719 0.766032
vt 0.122386 0.763799
vt 0.131683 0.749207
vt 0.138350 0.750323
vt 0.125016 0.748090
vt 0.180805 0.768299
vt 0.180829 0.753361
vt 0.197348 0.753060
vt 0.197348 0.767850
vt 0.102801 0.631464
vt 0.118498 0.636070
vt 0.108041 0.616258
vt 0.123765 0.620703
vt 0.149312 0.643937
vt 0.151942 0.628229
vt 0.158609 0.629345
vt 0.155978 0.645053
vt 0.142645 0.642821
vt 0.145275 0.627112
vt 0.181007 0.646358
vt 0.181033 0.630643
vt 0.197348 0.631560
vt 0.197348 0.647119
vt 0.180836 0.496616
vt 0.197290 0.499371
vt 0.167503 0.494383
vt 0.174170 0.495499
vt 0.151249 0.491661
vt 0.305574 0.491661
vt 0.270348 0.487008
vt 0.274158 0.467284
vt 0.308002 0.471310
vt 0.052900 0.377041
vt 0.020846 0.337072
vt 0.034271 0.325353
vt 0.066613 0.361809
vt 0.161682 0.456689
vt 0.106309 0.423921
vt 0.117256 0.407435
vt 0.169752 0.438897
vt 0.173993 0.462274
vt 0.167837 0.459481
vt 0.175908 0.441690
vt 0.182064 0.444482
vt 0.252734 0.484681
vt 0.235121 0.482354
vt 0.240315 0.463258
vt 0.257237 0.465271
vt 0.092957 0.412201
vt 0.079605 0.400481
vt 0.091935 0.384622
vt 0.104595 0.396028
vt 0.280183 0.379567
vt 0.296736 0.382393
vt 0.207115 0.356534
vt 0.213271 0.359326
vt 0.219426 0.362119
vt 0.141294 0.311188
vt 0.154326 0.321775
vt 0.284661 0.362844
vt 0.301142 0.365829
vt 0.213753 0.341899
vt 0.219909 0.344691
vt 0.226065 0.347484
vt 0.150499 0.297493
vt 0.163600 0.307928
vt 0.308270 0.274664
vt 0.324372 0.278486
vt 0.311989 0.260774
vt 0.328031 0.264727
vt 0.252874 0.255661
vt 0.259030 0.258453
vt 0.265186 0.261245
vt 0.259454 0.241156
vt 0.265610 0.243948
vt 0.271765 0.246741
vt 0.214191 0.232391
vt 0.200711 0.222789
vt 0.208962 0.210515
vt 0.222503 0.219980
vt 0.339665 0.157406
vt 0.355262 0.162340
vt 0.343867 0.141714
vt 0.359396 0.146797
vt 0.309703 0.146746
vt 0.303548 0.143954
vt 0.310127 0.129449
vt 0.316283 0.132242
vt 0.315859 0.149539
vt 0.322439 0.135034
vt 0.282048 0.131074
vt 0.268061 0.122590
vt 0.276740 0.109677
vt 0.290792 0.118017
vt 0.350529 0.000000
vt 0.365723 0.006892
vt 0.371878 0.009685
vt 0.378034 0.012477
vt 0.393042 0.019285
vt 0.944013 0.249854
vt 0.944013 0.263866
vt 0.924476 0.263866
vt 0.924476 0.249854
vt 0.944013 0.352819
vt 0.944013 0.369688
vt 0.924476 0.369688
vt 0.924476 0.352819
vt 0.353639 0.946647
vt 0.353639 0.953393
vt 0.334103 0.953393
vt 0.334103 0.946647
vt 0.885404 0.030472
vt 0.883130 0.030472
vt 0.883130 0.000000
vt 0.885404 0.000000
vt 0.353639 0.939902
vt 0.334103 0.939902
vt 0.924476 0.725280
vt 0.924476 0.590712
vt 0.944013 0.590712
vt 0.944013 0.725280
vt 0.944012 0.000000
vt 0.944013 0.129749
vt 0.924476 0.129749
vt 0.924476 0.000000
vt 0.944013 0.145579
vt 0.924476 0.145579
vt 0.490724 0.985598
vt 0.490724 0.895163
vt 0.510260 0.895163
vt 0.510260 0.985598
vt 0.353639 0.969839
vt 0.334103 0.969839
vt 0.963549 0.869549
vt 0.963549 0.774859
vt 0.983085 0.774859
vt 0.983085 0.869549
vt 0.353639 0.923253
vt 0.334103 0.923253
vt 0.944013 0.456144
vt 0.944012 0.590712
vt 0.924476 0.590712
vt 0.924476 0.456144
vt 0.389377 0.491661
vt 0.389377 0.578745
vt 0.369840 0.578745
vt 0.369840 0.491661
vt 0.904940 0.030472
vt 0.904940 0.000000
vt 0.904940 0.283339
vt 0.904940 0.300560
vt 0.904940 0.557743
vt 0.904940 0.574283
vt 0.904940 0.219123
vt 0.904940 0.108552
vt 0.904940 0.125297
vt 0.885404 0.075060
vt 0.904940 0.075060
vt 0.944013 0.961343
vt 0.944013 0.854615
vt 0.963549 0.854615
vt 0.963549 0.961343
vt 0.944013 0.857692
vt 0.944013 0.964420
vt 0.924476 0.964420
vt 0.924476 0.857692
vt 0.885404 0.212371
vt 0.885404 0.205618
vt 0.904940 0.205618
vt 0.904940 0.212371
vt 0.885404 0.398942
vt 0.904940 0.352222
vt 0.904940 0.398942
vt 0.622968 0.895163
vt 0.622967 0.983497
vt 0.603431 0.983497
vt 0.603431 0.895163
vt 0.389377 0.802398
vt 0.389377 0.817710
vt 0.369840 0.817710
vt 0.369840 0.802398
vt 0.389377 0.683574
vt 0.389377 0.698129
vt 0.369840 0.698129
vt 0.369840 0.683574
vt 0.983085 0.680169
vt 0.983085 0.774859
vt 0.963549 0.774859
vt 0.963549 0.680169
vt 0.904940 0.142043
vt 0.980463 0.105771
vt 0.980463 0.211536
vt 0.960927 0.211536
vt 0.960927 0.105771
vt 0.904940 0.317781
vt 0.389377 0.594984
vt 0.369840 0.594984
vt 0.885404 0.648901
vt 0.904940 0.648901
vt 0.904940 0.709131
vt 0.904940 0.740884
vt 0.904940 0.772636
vt 0.572374 0.895163
vt 0.572374 0.985024
vt 0.552838 0.985024
vt 0.552838 0.895163
vt 0.924476 0.989163
vt 0.924476 0.964420
vt 0.944013 0.964420
vt 0.944013 0.989163
vt 0.885404 0.462423
vt 0.904940 0.462423
vt 0.904940 0.508122
vt 0.097682 0.965246
vt 0.097682 0.987375
vt 0.078146 0.987375
vt 0.078146 0.965246
vt 0.883130 0.995868
vt 0.883130 0.951315
vt 0.902666 0.951315
vt 0.902666 0.995868
vt 0.314566 0.923253
vt 0.314566 0.982179
vt 0.295030 0.982179
vt 0.295030 0.923253
vt 0.904940 0.635410
vt 0.885404 0.815781
vt 0.904940 0.815781
vt 0.944013 0.986370
vt 0.963549 0.986370
vt 1.000000 0.361300
vt 1.000000 0.403351
vt 0.980464 0.403351
vt 0.980464 0.361300
vt 0.197348 0.985166
vt 0.197348 0.923253
vt 0.216884 0.923253
vt 0.216884 0.985166
vt 0.904940 0.725008
vt 0.039073 0.965246
vt 0.039073 0.987652
vt 0.019536 0.987652
vt 0.019536 0.965246
vt 0.705318 0.992159
vt 0.705318 0.947170
vt 0.724855 0.947170
vt 0.724855 0.992159
vt 0.255957 0.923253
vt 0.255957 0.983495
vt 0.236421 0.983495
vt 0.236421 0.923253
vt 0.904940 0.541203
vt 0.393042 0.976637
vt 0.393042 0.844569
vt 0.412579 0.844569
vt 0.412579 0.976637
vt 1.000000 0.274300
vt 1.000000 0.316888
vt 0.980464 0.316888
vt 0.980464 0.274300
vt 0.960926 0.585479
vt 0.960926 0.522583
vt 0.980463 0.522583
vt 0.980463 0.585479
vt 0.490724 0.895163
vt 0.490724 0.985598
vt 0.471188 0.985598
vt 0.471188 0.895163
vt 0.944013 0.725280
vt 0.924476 0.725280
vt 0.960927 0.105771
vt 0.960927 0.000000
vt 0.980464 0.000000
vt 0.980464 0.105771
vt 0.510260 0.985393
vt 0.529797 0.895163
vt 0.529797 0.985393
vt 0.980464 0.087697
vt 1.000000 0.000000
vt 1.000000 0.087697
vt 0.389377 0.947801
vt 0.369840 0.947801
vt 0.311189 0.568729
vt 0.330725 0.574925
vt 0.320411 0.607409
vt 0.300874 0.602731
vt 0.311189 0.846185
vt 0.330725 0.839989
vt 0.350564 0.884503
vt 0.334346 0.891887
vt 0.283594 0.714216
vt 0.303130 0.714216
vt 0.310096 0.775021
vt 0.290560 0.778180
vt 0.283594 0.700697
vt 0.303131 0.700697
vt 0.303131 0.707457
vt 0.283594 0.707457
vt 0.295717 0.619732
vt 0.315253 0.623651
vt 0.310096 0.639892
vt 0.290560 0.636734
vt 0.295717 0.795181
vt 0.315253 0.791263
vt 0.320411 0.807505
vt 0.300874 0.812182
vt 0.334346 0.523027
vt 0.350564 0.530411
vt 0.885404 0.642156
vt 0.883130 0.642156
vt 0.883130 0.075060
vt 0.883130 0.648901
vt 0.883130 0.212371
vt 0.883130 0.205618
vt 0.883130 0.462423
vt 0.883130 0.431134
vt 0.885404 0.431134
vt 0.883130 0.398942
vt 0.883130 0.815781
vt 0.097682 0.984782
vt 0.114389 0.984782
vt 0.114389 0.987056
vt 0.097682 0.987056
vt 0.131095 0.984783
vt 0.114389 0.984783
vt 0.114389 0.965246
vt 0.131095 0.965246
vt 0.097682 0.965246
vt 0.131095 0.987056
vt 0.114389 0.987056
vt 0.904940 0.431134
vt 0.353028 0.491661
vt 0.369840 0.500301
vt 0.000000 0.307100
vt 0.014813 0.295360
vt 0.885404 0.844587
vt 0.883130 0.844587
vt 0.369840 0.914613
vt 0.353029 0.923253
vt 0.904940 0.431134
vt 0.904940 0.844587
vt 0.414852 0.299201
vt 0.414852 0.281902
vt 0.685782 0.281902
vt 0.685782 0.299201
vt 0.683509 0.535416
vt 0.683509 0.503441
vt 0.685782 0.503441
vt 0.685782 0.535416
vt 0.395316 0.217623
vt 0.395316 0.281902
vt 0.393042 0.281902
vt 0.393042 0.217623
vt 0.683509 0.702375
vt 0.683509 0.641314
vt 0.685782 0.641314
vt 0.685782 0.702375
vt 0.395316 0.299201
vt 0.395316 0.316499
vt 0.393042 0.316499
vt 0.393042 0.299201
vt 0.683509 0.735299
vt 0.683509 0.718837
vt 0.685782 0.718837
vt 0.685782 0.735299
vt 0.395316 0.351095
vt 0.393042 0.351095
vt 0.683509 0.551403
vt 0.685782 0.551403
vt 0.683509 0.768224
vt 0.685782 0.768224
vt 0.395316 0.124116
vt 0.395316 0.140750
vt 0.393042 0.140750
vt 0.393042 0.124116
vt 0.395316 0.107482
vt 0.393042 0.107482
vt 0.683509 0.567390
vt 0.685782 0.567390
vt 0.685782 0.911718
vt 0.714400 0.828668
vt 0.729715 0.835556
vt 0.700949 0.919487
vt 0.781602 0.945285
vt 0.796540 0.856085
vt 0.803206 0.857202
vt 0.788269 0.946401
vt 0.774935 0.944168
vt 0.789873 0.854969
vt 0.866259 0.947170
vt 0.866408 0.857802
vt 0.883130 0.856285
vt 0.883130 0.944766
vt 0.719984 0.812464
vt 0.735327 0.819180
vt 0.799194 0.840236
vt 0.805861 0.841352
vt 0.792527 0.839119
vt 0.866436 0.841136
vt 0.883130 0.839785
vt 0.749429 0.727015
vt 0.764924 0.732825
vt 0.754067 0.713555
vt 0.769586 0.719222
vt 0.814834 0.746839
vt 0.821501 0.747956
vt 0.808168 0.745723
vt 0.817465 0.731131
vt 0.824132 0.732247
vt 0.810798 0.730014
vt 0.866587 0.750223
vt 0.866611 0.735285
vt 0.883130 0.734984
vt 0.883130 0.749774
vt 0.788584 0.613388
vt 0.804280 0.617994
vt 0.793823 0.598182
vt 0.809547 0.602627
vt 0.835094 0.625861
vt 0.837724 0.610153
vt 0.844391 0.611269
vt 0.841761 0.626977
vt 0.828427 0.624745
vt 0.831058 0.609036
vt 0.866789 0.628282
vt 0.866815 0.612567
vt 0.883130 0.613484
vt 0.883130 0.629043
vt 0.866618 0.478540
vt 0.883072 0.481295
vt 0.853285 0.476307
vt 0.859952 0.477423
vt 0.837031 0.473585
vt 0.663972 0.641314
vt 0.663972 0.702375
vt 0.393042 0.702375
vt 0.393042 0.641314
vt 0.663972 0.768224
vt 0.663972 0.813604
vt 0.393042 0.813604
vt 0.393042 0.768224
vt 0.414852 0.430696
vt 0.414852 0.398193
vt 0.685782 0.398193
vt 0.685782 0.430696
vt 0.663972 0.627809
vt 0.663972 0.634562
vt 0.393042 0.634562
vt 0.393042 0.627809
vt 0.663972 0.844570
vt 0.393042 0.844570
vt 0.663972 0.503441
vt 0.663972 0.535416
vt 0.393042 0.535416
vt 0.393042 0.503441
vt 0.944013 0.021810
vt 0.960927 0.021810
vt 0.960927 0.292740
vt 0.944013 0.292740
vt 0.663972 0.567390
vt 0.393042 0.567390
vt 0.414852 0.316499
vt 0.685782 0.316499
vt 0.944013 0.314549
vt 0.960927 0.314549
vt 0.960927 0.585479
vt 0.944013 0.585479
vt 0.414852 0.030098
vt 0.414852 0.000000
vt 0.685782 0.000000
vt 0.685782 0.030098
vt 0.414852 0.204132
vt 0.414852 0.140750
vt 0.685782 0.140750
vt 0.685782 0.204132
vt 0.685782 0.035452
vt 0.700949 0.027684
vt 0.729715 0.111614
vt 0.714400 0.118502
vt 0.781602 0.001885
vt 0.788269 0.000769
vt 0.803206 0.089968
vt 0.796540 0.091085
vt 0.774935 0.003002
vt 0.789873 0.092201
vt 0.866259 0.000000
vt 0.883130 0.002404
vt 0.883130 0.090885
vt 0.866408 0.089368
vt 0.735327 0.127990
vt 0.719984 0.134706
vt 0.805861 0.105818
vt 0.799194 0.106935
vt 0.792527 0.108051
vt 0.883130 0.107385
vt 0.866436 0.106034
vt 0.764924 0.214345
vt 0.749429 0.220155
vt 0.769586 0.227948
vt 0.754067 0.233616
vt 0.821501 0.199214
vt 0.814834 0.200331
vt 0.808167 0.201447
vt 0.824131 0.214923
vt 0.817465 0.216039
vt 0.810798 0.217156
vt 0.866587 0.196947
vt 0.883130 0.197397
vt 0.883130 0.212186
vt 0.866611 0.211885
vt 0.804280 0.329176
vt 0.788583 0.333782
vt 0.809547 0.344543
vt 0.793823 0.348988
vt 0.835094 0.321309
vt 0.841760 0.320193
vt 0.844391 0.335901
vt 0.837724 0.337018
vt 0.828427 0.322426
vt 0.831057 0.338134
vt 0.866789 0.318888
vt 0.883130 0.318127
vt 0.883130 0.333686
vt 0.866815 0.334603
vt 0.883072 0.465875
vt 0.866618 0.468630
vt 0.859951 0.469747
vt 0.853285 0.470863
vt 0.837031 0.473585
vt 0.904940 0.207122
vt 0.904940 0.193053
vt 0.924476 0.193053
vt 0.924476 0.207122
vt 0.904940 0.103741
vt 0.904940 0.086804
vt 0.924476 0.086804
vt 0.924476 0.103741
vt 0.334103 0.946671
vt 0.334103 0.953424
vt 0.314566 0.953424
vt 0.314566 0.946671
vt 0.395316 0.030098
vt 0.393042 0.030098
vt 0.393042 0.000000
vt 0.395316 0.000000
vt 0.334103 0.939919
vt 0.314566 0.939919
vt 0.963549 0.585479
vt 0.963549 0.720047
vt 0.944013 0.720047
vt 0.944013 0.585479
vt 0.904940 0.457988
vt 0.904940 0.327710
vt 0.924476 0.327710
vt 0.924476 0.457988
vt 0.904940 0.311816
vt 0.924476 0.311816
vt 0.963549 0.959984
vt 0.963549 0.869549
vt 0.983085 0.959984
vt 0.334103 0.969886
vt 0.314566 0.969886
vt 0.960927 0.516923
vt 0.960927 0.422233
vt 0.980464 0.422233
vt 0.980464 0.516923
vt 0.314566 0.923253
vt 0.963549 0.720047
vt 0.963549 0.854615
vt 0.944013 0.854615
vt 0.944013 0.720047
vt 0.904940 0.915968
vt 0.904940 0.828533
vt 0.924476 0.828533
vt 0.924476 0.915968
vt 0.663972 0.718837
vt 0.414852 0.217623
vt 0.414852 0.107482
vt 0.414852 0.124116
vt 0.395316 0.074214
vt 0.414852 0.074214
vt 0.654025 0.951298
vt 0.654025 0.844569
vt 0.673561 0.844569
vt 0.673561 0.951298
vt 0.902666 0.844587
vt 0.902666 0.951315
vt 0.883130 0.951315
vt 0.883130 0.844587
vt 0.395316 0.210878
vt 0.395316 0.204132
vt 0.414852 0.210878
vt 0.395316 0.398193
vt 0.414852 0.351095
vt 0.642504 0.895163
vt 0.642504 0.983146
vt 0.622968 0.983146
vt 0.904940 0.603979
vt 0.904940 0.588605
vt 0.924476 0.588605
vt 0.924476 0.603979
vt 0.904940 0.723282
vt 0.904940 0.708668
vt 0.924476 0.708668
vt 0.924476 0.723282
vt 0.983085 0.585479
vt 0.983085 0.680169
vt 0.924476 0.000000
vt 0.980464 0.316888
vt 0.980464 0.422233
vt 0.960927 0.422233
vt 0.960927 0.316888
vt 0.904940 0.812228
vt 0.924476 0.812228
vt 0.683509 0.627809
vt 0.591911 0.895163
vt 0.591911 0.984667
vt 0.572374 0.984667
vt 0.572374 0.895163
vt 0.000000 0.989912
vt 0.000000 0.965246
vt 0.019536 0.989912
vt 0.683509 0.813604
vt 0.078146 0.965246
vt 0.078146 0.987442
vt 0.058609 0.987442
vt 0.058609 0.965246
vt 1.000000 0.316888
vt 1.000000 0.361300
vt 0.295030 0.982427
vt 0.275493 0.982427
vt 0.275493 0.923253
vt 0.683509 0.459887
vt 0.663972 0.459887
vt 0.963549 0.985034
vt 0.983085 0.985034
vt 1.000000 0.189572
vt 1.000000 0.231740
vt 0.980464 0.231740
vt 0.980464 0.189572
vt 0.216884 0.984922
vt 0.216884 0.923253
vt 0.236421 0.923253
vt 0.236421 0.984922
vt 0.663972 0.551403
vt 0.058609 0.965246
vt 0.058609 0.987624
vt 0.039073 0.987624
vt 0.039073 0.965246
vt 0.685782 0.992216
vt 0.685782 0.947170
vt 0.705318 0.947170
vt 0.705318 0.992216
vt 0.275493 0.983368
vt 0.255957 0.983368
vt 0.255957 0.923253
vt 0.663972 0.735299
vt 0.432115 0.976102
vt 0.432115 0.844569
vt 0.451652 0.844569
vt 0.451652 0.976102
vt 1.000000 0.231740
vt 1.000000 0.274300
vt 0.980464 0.274300
vt 0.980464 0.231740
vt 0.904940 0.978970
vt 0.904940 0.915968
vt 0.924476 0.915968
vt 0.924476 0.978970
vt 0.471188 0.985598
vt 0.451652 0.985598
vt 0.451652 0.895163
vt 0.412579 0.976445
vt 0.412579 0.844570
vt 0.432115 0.844570
vt 0.432115 0.976445
vt 0.960927 0.316888
vt 0.960927 0.211536
vt 0.980464 0.211536
vt 0.529797 0.985035
vt 0.529797 0.895163
vt 0.549333 0.895163
vt 0.549333 0.985035
vt 0.980464 0.175046
vt 1.000000 0.087697
vt 1.000000 0.175046
vt 0.224943 0.568729
vt 0.244479 0.574925
vt 0.234165 0.607409
vt 0.214628 0.602731
vt 0.224943 0.846185
vt 0.244479 0.839989
vt 0.264318 0.884503
vt 0.248100 0.891887
vt 0.197348 0.714216
vt 0.216884 0.714216
vt 0.223850 0.775021
vt 0.204314 0.778180
vt 0.197348 0.700697
vt 0.216885 0.700697
vt 0.216885 0.707457
vt 0.197348 0.707457
vt 0.209471 0.619732
vt 0.229007 0.623651
vt 0.223850 0.639892
vt 0.204314 0.636734
vt 0.209471 0.795181
vt 0.229007 0.791263
vt 0.234165 0.807505
vt 0.214628 0.812182
vt 0.248100 0.523027
vt 0.264318 0.530411
vt 0.683509 0.634562
vt 0.685782 0.634562
vt 0.393042 0.074214
vt 0.685782 0.627809
vt 0.393042 0.210878
vt 0.393042 0.204132
vt 0.685782 0.813604
vt 0.685782 0.844570
vt 0.683509 0.844570
vt 0.393042 0.398193
vt 0.685782 0.459887
vt 0.960927 0.002273
vt 0.944013 0.002273
vt 0.944013 0.000000
vt 0.944013 0.295013
vt 0.960927 0.295013
vt 0.960927 0.292740
vt 0.395316 0.430696
vt 0.266782 0.491661
vt 0.283594 0.500301
vt 0.393042 0.430696
vt 0.685782 0.351095
vt 0.683509 0.430697
vt 0.685782 0.430697
vt 0.283594 0.914613
vt 0.266783 0.923253
vt 0.663972 0.430697
vt 0.393043 0.459887
vt 0.393042 0.718837
vt 0.393042 0.551403
vt 0.393042 0.430697
vt 0.393042 0.735299
vt 0.685782 0.217623
vt 0.685782 0.107482
vt 0.685782 0.124116
vt 0.685782 0.074214
vt 0.685782 0.210878
s 0
usemtl gate
f 5347/11024/446 5346/11025/446 5361/11026/446 5360/11027/446 5359/11028/446 5358/11029/446 5357/11030/446 5356/11031/446 5355/11032/446 5354/11033/446 5353/11034/446 5352/11035/446 5351/11036/446 5350/11037/446 5349/11038/446 5348/11039/446
f 5363/11040/447 5364/11041/447 5365/11042/447 5366/11043/447 5367/11044/447 5368/11045/447 5369/11046/447 5370/11047/447 5371/11048/447 5372/11049/447 5373/11050/447 5374/11051/447 5375/11052/447 5376/11053/447 5377/11054/447 5362/11055/447
f 5355/11056/448 5356/11057/448 5372/11058/448 5371/11059/448
f 5348/11060/449 5349/11061/449 5365/11062/449 5364/11063/449
f 5356/11064/450 5357/11065/450 5373/11066/450 5372/11067/450
f 5349/11061/451 5350/11068/451 5366/11069/451 5365/11062/451
f 5357/11065/452 5358/11070/452 5374/11071/452 5373/11066/452
f 5350/11068/453 5351/11072/453 5367/11073/453 5366/11069/453
f 5358/11070/454 5359/11074/454 5375/11075/454 5374/11071/454
f 5351/11072/455 5352/11076/455 5368/11077/455 5367/11073/455
f 5359/11074/456 5360/11078/456 5376/11079/456 5375/11075/456
f 5352/11080/457 5353/11081/457 5369/11082/457 5368/11083/457
f 5360/11084/458 5361/11085/458 5377/11086/458 5376/11087/458
f 5353/11081/459 5354/11088/459 5370/11089/459 5369/11082/459
f 5346/11090/460 5347/11091/460 5363/11092/460 5362/11093/460
f 5361/11085/461 5346/11090/461 5362/11093/461 5377/11086/461
f 5354/11088/462 5355/11056/462 5371/11059/462 5370/11089/462
f 5347/11091/463 5348/11094/463 5364/11095/463 5363/11092/463
f 5379/11096/446 5378/11097/446 5393/11098/446 5392/11099/446 5391/11100/446 5390/11101/446 5389/11102/446 5388/11103/446 5387/11104/446 5386/11105/446 5385/11106/446 5384/11107/446 5383/11108/446 5382/11109/446 5381/11110/446 5380/11111/446
f 5395/11112/447 5396/11113/447 5397/11114/447 5398/11115/447 5399/11116/447 5400/11117/447 5401/11118/447 5402/11119/447 5403/11120/447 5404/11121/447 5405/11122/447 5406/11123/447 5407/11124/447 5408/11125/447 5409/11126/447 5394/11127/447
f 5387/11128/463 5388/11129/463 5404/11130/463 5403/11131/463
f 5380/11132/450 5381/11133/450 5397/11134/450 5396/11135/450
f 5388/11136/449 5389/11137/449 5405/11138/449 5404/11139/449
f 5381/11133/452 5382/11140/452 5398/11141/452 5397/11134/452
f 5389/11137/451 5390/11142/451 5406/11143/451 5405/11138/451
f 5382/11140/454 5383/11144/454 5399/11145/454 5398/11141/454
f 5390/11142/453 5391/11146/453 5407/11147/453 5406/11143/453
f 5383/11144/456 5384/11148/456 5400/11149/456 5399/11145/456
f 5391/11146/455 5392/11150/455 5408/11151/455 5407/11147/455
f 5384/11152/458 5385/11153/458 5401/11154/458 5400/11155/458
f 5392/11156/457 5393/11157/457 5409/11158/457 5408/11159/457
f 5385/11153/461 5386/11160/461 5402/11161/461 5401/11154/461
f 5378/11162/462 5379/11163/462 5395/11164/462 5394/11165/462
f 5393/11157/459 5378/11162/459 5394/11165/459 5409/11158/459
f 5386/11160/460 5387/11128/460 5403/11131/460 5402/11161/460
f 5379/11163/448 5380/11166/448 5396/11167/448 5395/11164/448
f 5486/11168/446 5777/11169/446 5586/11170/446 5585/11171/446
f 5428/11172/464 5427/11173/464 5568/11174/464 5569/11175/464
f 5434/11176/465 5416/11177/465 5556/11178/465 5555/11179/465
f 5425/11180/466 5437/11181/466 5580/11182/466 5579/11183/466
f 5430/11184/467 5420/11185/467 5566/11186/467 5567/11187/467
f 5429/11188/468 5431/11189/468 5578/11190/468 5577/11191/468
f 5420/11185/467 5417/11192/467 5561/11193/467 5566/11186/467
f 5433/11194/464 5428/11172/464 5569/11175/464 5575/11195/464
f 5426/11196/468 5429/11188/468 5577/11191/468 5572/11197/468
f 5432/11198/469 5415/11199/469 5565/11200/469 5564/11201/469
f 5419/11202/469 5432/11198/469 5564/11201/469 5558/11203/469
f 5424/11204/464 5433/11194/464 5575/11195/464 5576/11205/464
f 5429/11206/447 5439/11207/447 5438/11208/447 5431/11209/447
f 5421/11210/447 5440/11211/447 5441/11212/447 5436/11213/447
f 5437/11214/447 5442/11215/447 5440/11211/447 5421/11210/447
f 5433/11216/447 5444/11217/447 5443/11218/447 5428/11219/447
f 5439/11207/447 5446/11220/447 5445/11221/447 5438/11208/447
f 5440/11211/447 5447/11222/447 5448/11223/447 5441/11212/447
f 5442/11215/447 5449/11224/447 5447/11222/447 5440/11211/447
f 5444/11217/447 5451/11225/447 5450/11226/447 5443/11218/447
f 5451/11225/447 5444/11217/447 5441/11212/447 5448/11223/447
f 5449/11224/447 5442/11215/447 5438/11208/447 5445/11221/447
f 5446/11220/447 5453/11227/447 5452/11228/447 5445/11221/447
f 5453/11227/447 5455/11229/447 5454/11230/447 5452/11228/447
f 5447/11222/447 5456/11231/447 5457/11232/447 5448/11223/447
f 5449/11224/447 5458/11233/447 5456/11231/447 5447/11222/447
f 5456/11231/447 5459/11234/447 5460/11235/447 5457/11232/447
f 5458/11233/447 5461/11236/447 5459/11234/447 5456/11231/447
f 5464/11237/447 5463/11238/447 5462/11239/447 5465/11240/447
f 5451/11225/447 5464/11237/447 5465/11240/447 5450/11226/447
f 5457/11232/447 5460/11235/447 5463/11238/447 5464/11237/447
f 5452/11228/447 5454/11230/447 5461/11236/447 5458/11233/447
f 5455/11229/447 5467/11241/447 5466/11242/447 5454/11230/447
f 5467/11241/447 5469/11243/447 5468/11244/447 5466/11242/447
f 5474/11245/447 5470/11246/447 5471/11247/447 5475/11248/447
f 5473/11249/447 5472/11250/447 5470/11246/447 5474/11245/447
f 5461/11236/447 5473/11249/447 5474/11245/447 5459/11234/447
f 5459/11234/447 5474/11245/447 5475/11248/447 5460/11235/447
f 5478/11251/447 5477/11252/447 5476/11253/447 5479/11254/447
f 5463/11238/447 5478/11251/447 5479/11254/447 5462/11239/447
f 5475/11248/447 5471/11247/447 5477/11252/447 5478/11251/447
f 5466/11242/447 5468/11244/447 5472/11250/447 5473/11249/447
f 5477/11252/447 5483/11255/447 5480/11256/447 5476/11253/447
f 5472/11250/447 5482/11257/447 5484/11258/447 5470/11246/447
f 5469/11243/447 5481/11259/447 5482/11257/447 5468/11244/447
f 5470/11246/447 5484/11258/447 5483/11255/447 5471/11247/447
f 5776/11260/446 5492/11261/446 5499/11262/446 5496/11263/446
f 5490/11264/446 5487/11265/446 5778/11266/446 5497/11267/446
f 5505/11268/446 5488/11269/446 5494/11270/446 5506/11271/446
f 5504/11272/446 5485/11273/446 5493/11274/446 5507/11275/446
f 5500/11276/446 5489/11277/446 5495/11278/446 5501/11279/446
f 5502/11280/446 5491/11281/446 5498/11282/446 5503/11283/446
f 5486/11168/446 5776/11260/446 5496/11263/446 5777/11169/446
f 5491/11281/446 5490/11264/446 5497/11267/446 5498/11282/446
f 5492/11261/446 5500/11276/446 5501/11279/446 5499/11262/446
f 5488/11269/446 5502/11280/446 5503/11283/446 5494/11270/446
f 5489/11277/446 5504/11272/446 5507/11275/446 5495/11278/446
f 5485/11273/446 5505/11268/446 5506/11271/446 5493/11274/446
f 5499/11262/446 5501/11279/446 5508/11284/446 5509/11285/446
f 5493/11274/446 5506/11271/446 5511/11286/446 5510/11287/446
f 5507/11275/446 5493/11274/446 5510/11287/446 5512/11288/446
f 5503/11283/446 5498/11282/446 5513/11289/446 5514/11290/446
f 5509/11285/446 5508/11284/446 5515/11291/446 5516/11292/446
f 5510/11287/446 5511/11286/446 5518/11293/446 5517/11294/446
f 5512/11288/446 5510/11287/446 5517/11294/446 5519/11295/446
f 5514/11290/446 5513/11289/446 5520/11296/446 5521/11297/446
f 5521/11297/446 5518/11293/446 5511/11286/446 5514/11290/446
f 5519/11295/446 5515/11291/446 5508/11284/446 5512/11288/446
f 5516/11292/446 5515/11291/446 5522/11298/446 5523/11299/446
f 5523/11299/446 5522/11298/446 5524/11300/446 5525/11301/446
f 5517/11294/446 5518/11293/446 5527/11302/446 5526/11303/446
f 5519/11295/446 5517/11294/446 5526/11303/446 5528/11304/446
f 5526/11303/446 5527/11302/446 5530/11305/446 5529/11306/446
f 5528/11304/446 5526/11303/446 5529/11306/446 5531/11307/446
f 5534/11308/446 5535/11309/446 5532/11310/446 5533/11311/446
f 5521/11297/446 5520/11296/446 5535/11309/446 5534/11308/446
f 5527/11302/446 5534/11308/446 5533/11311/446 5530/11305/446
f 5522/11298/446 5528/11304/446 5531/11307/446 5524/11300/446
f 5525/11301/446 5524/11300/446 5536/11312/446 5537/11313/446
f 5537/11313/446 5536/11312/446 5538/11314/446 5539/11315/446
f 5544/11316/446 5545/11317/446 5541/11318/446 5540/11319/446
f 5543/11320/446 5544/11316/446 5540/11319/446 5542/11321/446
f 5531/11307/446 5529/11306/446 5544/11316/446 5543/11320/446
f 5529/11306/446 5530/11305/446 5545/11317/446 5544/11316/446
f 5548/11322/446 5549/11323/446 5546/11324/446 5547/11325/446
f 5533/11311/446 5532/11310/446 5549/11323/446 5548/11322/446
f 5545/11317/446 5548/11322/446 5547/11325/446 5541/11318/446
f 5536/11312/446 5543/11320/446 5542/11321/446 5538/11314/446
f 5547/11325/446 5546/11324/446 5550/11326/446 5553/11327/446
f 5542/11321/446 5540/11319/446 5554/11328/446 5552/11329/446
f 5539/11315/446 5538/11314/446 5552/11329/446 5551/11330/446
f 5540/11319/446 5541/11318/446 5553/11327/446 5554/11328/446
f 5455/11331/470 5453/11332/470 5523/11333/470 5525/11334/470
f 5446/11335/471 5439/11336/471 5509/11337/471 5516/11338/471
f 5484/11339/472 5482/11340/472 5552/11341/472 5554/11342/472
f 5414/11343/473 5563/11344/473 5589/11345/473 5582/11346/473
f 5483/11347/472 5484/11339/472 5554/11342/472 5553/11348/472
f 5471/11349/474 5483/11350/474 5553/11351/474 5541/11352/474
f 5481/11353/475 5469/11354/475 5539/11355/475 5551/11356/475
f 5467/11357/470 5455/11331/470 5525/11334/470 5537/11358/470
f 5436/11359/474 5441/11360/474 5511/11361/474 5506/11362/474
f 5482/11340/472 5481/11363/472 5551/11364/472 5552/11341/472
f 5484/11339/472 5481/11363/472 5551/11364/472 5554/11342/472
f 5448/11365/474 5457/11366/474 5527/11367/474 5518/11368/474
f 5480/11369/472 5484/11339/472 5554/11342/472 5550/11370/472
f 5482/11371/476 5472/11372/476 5542/11373/476 5552/11374/476
f 5428/11375/477 5443/11376/477 5513/11377/477 5498/11378/477
f 5487/11379/473 5414/11343/473 5582/11346/473 5779/11380/473
f 5430/11184/467 5416/11177/467 5489/11381/467 5500/11382/467
f 5425/11180/468 5431/11189/468 5501/11383/468 5495/11384/468
f 5416/11177/465 5434/11176/465 5504/11385/465 5489/11381/465
f 5453/11332/470 5446/11335/470 5516/11338/470 5523/11333/470
f 5432/11198/469 5419/11202/469 5491/11386/469 5502/11387/469
f 5419/11202/469 5418/11388/469 5490/11389/469 5491/11386/469
f 5460/11390/474 5475/11391/474 5545/11392/474 5530/11393/474
f 5473/11394/476 5461/11395/476 5531/11396/476 5543/11397/476
f 5412/11398/478 5435/11399/478 5505/11400/478 5485/11401/478
f 5413/11402/479 5417/11192/479 5776/11403/479 5486/11404/479
f 5444/11405/480 5433/11406/480 5503/11407/480 5514/11408/480
f 5418/11388/481 5414/11343/481 5487/11379/481 5490/11389/481
f 5479/11409/477 5476/11410/477 5546/11411/477 5549/11412/477
f 5465/11413/477 5462/11414/477 5532/11415/477 5535/11416/477
f 5458/11417/476 5449/11418/476 5519/11419/476 5528/11420/476
f 5439/11336/470 5429/11371/470 5499/11374/470 5509/11337/470
f 5415/11199/469 5432/11198/469 5502/11387/469 5488/11421/469
f 5478/11422/480 5463/11423/480 5533/11424/480 5548/11425/480
f 5434/11176/482 5412/11398/482 5485/11401/482 5504/11385/482
f 5417/11192/467 5420/11185/467 5492/11426/467 5776/11403/467
f 5435/11399/483 5415/11199/483 5488/11421/483 5505/11400/483
f 5420/11185/467 5430/11184/467 5500/11382/467 5492/11426/467
f 5462/11414/477 5479/11409/477 5549/11412/477 5532/11415/477
f 5443/11376/477 5450/11427/477 5520/11428/477 5513/11377/477
f 5424/11204/484 5436/11429/484 5506/11430/484 5494/11431/484
f 5427/11173/464 5428/11172/464 5498/11432/464 5497/11433/464
f 5450/11427/477 5465/11413/477 5535/11416/477 5520/11428/477
f 5464/11434/480 5451/11435/480 5521/11436/480 5534/11437/480
f 5475/11438/485 5478/11439/485 5548/11440/485 5545/11441/485
f 5480/11369/472 5483/11347/472 5553/11348/472 5550/11370/472
f 5426/11196/486 5422/11442/486 5777/11443/486 5496/11444/486
f 5477/11445/487 5471/11446/487 5541/11447/487 5547/11448/487
f 5457/11449/488 5464/11450/488 5534/11451/488 5527/11452/488
f 5451/11453/489 5448/11454/489 5518/11455/489 5521/11456/489
f 5437/11181/466 5425/11180/466 5495/11384/466 5507/11457/466
f 5423/11458/490 5427/11173/490 5497/11433/490 5778/11459/490
f 5466/11460/491 5473/11390/491 5543/11393/491 5536/11461/491
f 5463/11462/492 5460/11463/492 5530/11464/492 5533/11465/492
f 5441/11466/493 5444/11467/493 5514/11468/493 5511/11469/493
f 5433/11194/464 5424/11204/464 5494/11431/464 5503/11470/464
f 5472/11471/494 5468/11472/494 5538/11473/494 5542/11474/494
f 5452/11475/495 5458/11476/495 5528/11477/495 5522/11478/495
f 5449/11479/496 5445/11480/496 5515/11481/496 5519/11482/496
f 5429/11188/468 5426/11196/468 5496/11444/468 5499/11483/468
f 5468/11484/497 5482/11485/497 5552/11486/497 5538/11487/497
f 5461/11488/498 5454/11489/498 5524/11490/498 5531/11491/498
f 5438/11492/499 5442/11493/499 5512/11494/499 5508/11495/499
f 5442/11496/476 5437/11497/476 5507/11498/476 5512/11499/476
f 5483/11500/500 5477/11394/500 5547/11397/500 5553/11501/500
f 5454/11502/501 5466/11503/501 5536/11504/501 5524/11505/501
f 5445/11506/501 5452/11361/501 5522/11507/501 5515/11508/501
f 5431/11509/501 5438/11504/501 5508/11510/501 5501/11511/501
f 5476/11410/502 5480/11512/502 5550/11513/502 5546/11411/502
f 5469/11354/470 5467/11357/470 5537/11358/470 5539/11355/470
f 5561/11514/447 5572/11515/447 5577/11516/447 5566/11517/447
f 5557/11518/447 5568/11519/447 5574/11520/447 5563/11521/447
f 5559/11522/447 5570/11523/447 5576/11524/447 5565/11525/447
f 5555/11526/447 5580/11527/447 5571/11528/447 5560/11529/447
f 5567/11530/447 5578/11531/447 5579/11532/447 5556/11533/447
f 5564/11534/447 5575/11535/447 5569/11536/447 5558/11537/447
f 5562/11538/447 5573/11539/447 5572/11515/447 5561/11514/447
f 5558/11537/447 5569/11536/447 5568/11519/447 5557/11518/447
f 5566/11517/447 5577/11516/447 5578/11531/447 5567/11530/447
f 5565/11525/447 5576/11524/447 5575/11535/447 5564/11534/447
f 5556/11533/447 5579/11532/447 5580/11527/447 5555/11526/447
f 5560/11529/447 5571/11528/447 5570/11523/447 5559/11522/447
f 5437/11181/472 5421/11540/472 5571/11541/472 5580/11182/472
f 5418/11388/469 5419/11202/469 5558/11203/469 5557/11542/469
f 5421/11540/472 5436/11429/472 5570/11543/472 5571/11541/472
f 5416/11177/467 5430/11184/467 5567/11187/467 5556/11178/467
f 5435/11399/478 5412/11398/478 5560/11544/478 5559/11545/478
f 5422/11442/503 5573/11546/503 5590/11547/503 5583/11548/503
f 5412/11398/478 5434/11176/478 5555/11179/478 5560/11544/478
f 5422/11442/486 5426/11196/486 5572/11197/486 5573/11546/486
f 5431/11189/468 5425/11180/468 5579/11183/468 5578/11190/468
f 5417/11192/479 5413/11402/479 5562/11549/479 5561/11193/479
f 5415/11199/483 5435/11399/483 5559/11545/483 5565/11200/483
f 5427/11173/490 5423/11458/490 5574/11550/490 5568/11174/490
f 5414/11343/481 5418/11388/481 5557/11542/481 5563/11344/481
f 5436/11429/484 5424/11204/484 5576/11205/484 5570/11543/484
f 5581/11551/504 5583/11552/504 5590/11553/504 5588/11554/504
f 5582/11555/505 5584/11556/505 5587/11557/505 5779/11558/505
f 5583/11552/504 5581/11551/504 5585/11559/504 5586/11557/504
f 5584/11556/505 5582/11555/505 5589/11560/505 5591/11561/505
f 5413/11402/506 5486/11404/506 5585/11562/506 5581/11548/506
f 5573/11539/447 5562/11538/447 5588/11563/447 5590/11564/447
f 5562/11549/506 5413/11402/506 5581/11548/506 5588/11547/506
f 5778/11266/446 5487/11265/446 5779/11565/446 5587/11566/446
f 5574/11550/507 5423/11458/507 5584/11567/507 5591/11568/507
f 5563/11521/447 5574/11520/447 5591/11569/447 5589/11570/447
f 5777/11443/503 5422/11442/503 5583/11548/503 5586/11571/503
f 5423/11458/507 5778/11459/507 5587/11572/507 5584/11567/507
f 5683/11573/508 5669/11574/508 5489/11575/508 5500/11576/508
f 5608/11577/509 5607/11578/509 5751/11579/509 5752/11580/509
f 5614/11581/510 5596/11582/510 5739/11583/510 5738/11584/510
f 5605/11585/511 5617/11586/511 5763/11587/511 5762/11588/511
f 5610/11589/508 5600/11590/508 5749/11591/508 5750/11592/508
f 5609/11593/512 5611/11594/512 5761/11595/512 5760/11596/512
f 5600/11590/508 5597/11597/508 5744/11598/508 5749/11591/508
f 5613/11599/509 5608/11577/509 5752/11580/509 5758/11600/509
f 5606/11601/512 5609/11593/512 5760/11596/512 5755/11602/512
f 5612/11603/513 5595/11604/513 5748/11605/513 5747/11606/513
f 5599/11607/513 5612/11603/513 5747/11606/513 5741/11608/513
f 5604/11609/509 5613/11599/509 5758/11600/509 5759/11610/509
f 5609/11611/447 5619/11612/447 5618/11613/447 5611/11614/447
f 5601/11615/447 5620/11616/447 5621/11617/447 5616/11618/447
f 5617/11619/447 5622/11620/447 5620/11616/447 5601/11615/447
f 5613/11621/447 5624/11622/447 5623/11623/447 5608/11624/447
f 5619/11612/447 5626/11625/447 5625/11626/447 5618/11613/447
f 5620/11616/447 5627/11627/447 5628/11628/447 5621/11617/447
f 5622/11620/447 5629/11629/447 5627/11627/447 5620/11616/447
f 5624/11622/447 5631/11630/447 5630/11631/447 5623/11623/447
f 5631/11630/447 5624/11622/447 5621/11617/447 5628/11628/447
f 5629/11629/447 5622/11620/447 5618/11613/447 5625/11626/447
f 5626/11625/447 5633/11632/447 5632/11633/447 5625/11626/447
f 5633/11632/447 5635/11634/447 5634/11635/447 5632/11633/447
f 5627/11627/447 5636/11636/447 5637/11637/447 5628/11628/447
f 5629/11629/447 5638/11638/447 5636/11636/447 5627/11627/447
f 5636/11636/447 5639/11639/447 5640/11640/447 5637/11637/447
f 5638/11638/447 5641/11641/447 5639/11639/447 5636/11636/447
f 5644/11642/447 5643/11643/447 5642/11644/447 5645/11645/447
f 5631/11630/447 5644/11642/447 5645/11645/447 5630/11631/447
f 5637/11637/447 5640/11640/447 5643/11643/447 5644/11642/447
f 5632/11633/447 5634/11635/447 5641/11641/447 5638/11638/447
f 5635/11634/447 5647/11646/447 5646/11647/447 5634/11635/447
f 5647/11646/447 5649/11648/447 5648/11649/447 5646/11647/447
f 5654/11650/447 5650/11651/447 5651/11652/447 5655/11653/447
f 5653/11654/447 5652/11655/447 5650/11651/447 5654/11650/447
f 5641/11641/447 5653/11654/447 5654/11650/447 5639/11639/447
f 5639/11639/447 5654/11650/447 5655/11653/447 5640/11640/447
f 5658/11656/447 5657/11657/447 5656/11658/447 5659/11659/447
f 5643/11643/447 5658/11656/447 5659/11659/447 5642/11644/447
f 5655/11653/447 5651/11652/447 5657/11657/447 5658/11656/447
f 5646/11647/447 5648/11649/447 5652/11655/447 5653/11654/447
f 5657/11657/447 5663/11660/447 5660/11661/447 5656/11658/447
f 5652/11655/447 5662/11662/447 5664/11663/447 5650/11651/447
f 5649/11648/447 5661/11664/447 5662/11662/447 5648/11649/447
f 5650/11651/447 5664/11663/447 5663/11660/447 5651/11652/447
f 5690/11665/511 5678/11666/511 5495/11667/511 5507/11668/511
f 5679/11669/514 5675/11670/514 5777/11671/514 5496/11672/514
f 5768/11673/515 5666/11674/515 5486/11675/515 5585/11676/515
f 5689/11677/478 5674/11678/478 5493/11679/478 5506/11680/478
f 5675/11670/516 5770/11681/516 5586/11682/516 5777/11671/516
f 5680/11683/509 5681/11684/509 5498/11685/509 5497/11686/509
f 5770/11687/517 5768/11688/517 5585/11689/517 5586/11690/517
f 5677/11691/518 5689/11677/518 5506/11680/518 5494/11692/518
f 5673/11693/508 5683/11573/508 5500/11576/508 5492/11694/508
f 5769/11695/519 5771/11696/519 5587/11697/519 5779/11698/519
f 5667/11699/520 5769/11700/520 5779/11701/520 5487/11702/520
f 5688/11703/521 5668/11704/521 5488/11705/521 5505/11706/521
f 5682/11707/446 5684/11708/446 5691/11709/446 5692/11710/446
f 5674/11711/446 5689/11712/446 5694/11713/446 5693/11714/446
f 5690/11715/446 5674/11711/446 5693/11714/446 5695/11716/446
f 5686/11717/446 5681/11718/446 5696/11719/446 5697/11720/446
f 5692/11710/446 5691/11709/446 5698/11721/446 5699/11722/446
f 5693/11714/446 5694/11713/446 5701/11723/446 5700/11724/446
f 5695/11716/446 5693/11714/446 5700/11724/446 5702/11725/446
f 5697/11720/446 5696/11719/446 5703/11726/446 5704/11727/446
f 5704/11727/446 5701/11723/446 5694/11713/446 5697/11720/446
f 5702/11725/446 5698/11721/446 5691/11709/446 5695/11716/446
f 5699/11722/446 5698/11721/446 5705/11728/446 5706/11729/446
f 5706/11729/446 5705/11728/446 5707/11730/446 5708/11731/446
f 5700/11724/446 5701/11723/446 5710/11732/446 5709/11733/446
f 5702/11725/446 5700/11724/446 5709/11733/446 5711/11734/446
f 5709/11733/446 5710/11732/446 5713/11735/446 5712/11736/446
f 5711/11734/446 5709/11733/446 5712/11736/446 5714/11737/446
f 5717/11738/446 5718/11739/446 5715/11740/446 5716/11741/446
f 5704/11727/446 5703/11726/446 5718/11739/446 5717/11738/446
f 5710/11732/446 5717/11738/446 5716/11741/446 5713/11735/446
f 5705/11728/446 5711/11734/446 5714/11737/446 5707/11730/446
f 5708/11731/446 5707/11730/446 5719/11742/446 5720/11743/446
f 5720/11743/446 5719/11742/446 5721/11744/446 5722/11745/446
f 5727/11746/446 5728/11747/446 5724/11748/446 5723/11749/446
f 5726/11750/446 5727/11746/446 5723/11749/446 5725/11751/446
f 5714/11737/446 5712/11736/446 5727/11746/446 5726/11750/446
f 5712/11736/446 5713/11735/446 5728/11747/446 5727/11746/446
f 5731/11752/446 5732/11753/446 5729/11754/446 5730/11755/446
f 5716/11741/446 5715/11740/446 5732/11753/446 5731/11752/446
f 5728/11747/446 5731/11752/446 5730/11755/446 5724/11748/446
f 5719/11742/446 5726/11750/446 5725/11751/446 5721/11744/446
f 5730/11755/446 5729/11754/446 5733/11756/446 5736/11757/446
f 5725/11751/446 5723/11749/446 5737/11758/446 5735/11759/446
f 5722/11745/446 5721/11744/446 5735/11759/446 5734/11760/446
f 5723/11749/446 5724/11748/446 5736/11757/446 5737/11758/446
f 5635/11761/522 5633/11762/522 5706/11763/522 5708/11764/522
f 5626/11765/523 5619/11766/523 5692/11767/523 5699/11768/523
f 5664/11769/478 5662/11770/478 5735/11771/478 5737/11772/478
f 5594/11773/520 5746/11774/520 5773/11775/520 5765/11776/520
f 5663/11777/478 5664/11769/478 5737/11772/478 5736/11778/478
f 5651/11779/476 5663/11780/476 5736/11781/476 5724/11782/476
f 5661/11783/524 5649/11784/524 5722/11785/524 5734/11786/524
f 5647/11787/522 5635/11761/522 5708/11764/522 5720/11788/522
f 5616/11789/476 5621/11790/476 5694/11368/476 5689/11791/476
f 5662/11770/478 5661/11792/478 5734/11793/478 5735/11771/478
f 5664/11769/478 5661/11792/478 5734/11793/478 5737/11772/478
f 5628/11794/476 5637/11795/476 5710/11796/476 5701/11797/476
f 5660/11370/478 5664/11769/478 5737/11772/478 5733/11798/478
f 5662/11799/474 5652/11800/474 5725/11801/474 5735/11802/474
f 5608/11803/525 5623/11804/525 5696/11805/525 5681/11806/525
f 5667/11699/520 5594/11773/520 5765/11776/520 5769/11700/520
f 5610/11589/508 5596/11582/508 5669/11574/508 5683/11573/508
f 5605/11585/512 5611/11594/512 5684/11807/512 5678/11666/512
f 5596/11582/510 5614/11581/510 5687/11808/510 5669/11574/510
f 5633/11762/522 5626/11765/522 5699/11768/522 5706/11763/522
f 5612/11603/513 5599/11607/513 5672/11809/513 5685/11810/513
f 5599/11607/513 5598/11811/513 5671/11812/513 5672/11809/513
f 5640/11813/476 5655/11814/476 5728/11815/476 5713/11816/476
f 5653/11817/474 5641/11818/474 5714/11819/474 5726/11820/474
f 5592/11821/472 5615/11822/472 5688/11703/472 5665/11823/472
f 5593/11824/526 5597/11597/526 5670/11825/526 5666/11674/526
f 5624/11826/527 5613/11827/527 5686/11828/527 5697/11405/527
f 5598/11811/528 5594/11773/528 5667/11699/528 5671/11812/528
f 5659/11829/525 5656/11830/525 5729/11831/525 5732/11832/525
f 5645/11833/525 5642/11834/525 5715/11835/525 5718/11836/525
f 5638/11837/474 5629/11838/474 5702/11420/474 5711/11779/474
f 5619/11766/522 5609/11380/522 5682/11839/522 5692/11767/522
f 5595/11604/513 5612/11603/513 5685/11810/513 5668/11704/513
f 5658/11840/527 5643/11841/527 5716/11842/527 5731/11843/527
f 5614/11581/529 5592/11821/529 5665/11823/529 5687/11808/529
f 5597/11597/508 5600/11590/508 5673/11693/508 5670/11825/508
f 5615/11822/521 5595/11604/521 5668/11704/521 5688/11703/521
f 5600/11590/508 5610/11589/508 5683/11573/508 5673/11693/508
f 5642/11834/525 5659/11829/525 5732/11832/525 5715/11835/525
f 5623/11804/525 5630/11844/525 5703/11845/525 5696/11805/525
f 5604/11609/518 5616/11846/518 5689/11677/518 5677/11691/518
f 5607/11578/509 5608/11577/509 5681/11684/509 5680/11683/509
f 5630/11844/525 5645/11833/525 5718/11836/525 5703/11845/525
f 5644/11847/527 5631/11848/527 5704/11849/527 5717/11850/527
f 5655/11851/530 5658/11852/530 5731/11474/530 5728/11853/530
f 5660/11370/478 5663/11777/478 5736/11778/478 5733/11798/478
f 5606/11601/514 5602/11854/514 5675/11670/514 5679/11669/514
f 5657/11855/531 5651/11856/531 5724/11857/531 5730/11858/531
f 5637/11465/532 5644/11490/532 5717/11859/532 5710/11860/532
f 5631/11456/533 5628/11861/533 5701/11862/533 5704/11863/533
f 5617/11586/511 5605/11585/511 5678/11666/511 5690/11665/511
f 5603/11864/534 5607/11578/534 5680/11683/534 5676/11865/534
f 5646/11866/535 5653/11789/535 5726/11791/535 5719/11867/535
f 5643/11868/536 5640/11869/536 5713/11870/536 5716/11871/536
f 5621/11872/537 5624/11873/537 5697/11874/537 5694/11875/537
f 5613/11599/509 5604/11609/509 5677/11691/509 5686/11876/509
f 5652/11877/538 5648/11878/538 5721/11879/538 5725/11880/538
f 5632/11881/539 5638/11882/539 5711/11883/539 5705/11884/539
f 5629/11863/540 5625/11885/540 5698/11886/540 5702/11887/540
f 5609/11593/512 5606/11601/512 5679/11669/512 5682/11888/512
f 5648/11889/541 5662/11890/541 5735/11891/541 5721/11892/541
f 5641/11893/542 5634/11894/542 5707/11895/542 5714/11896/542
f 5618/11897/543 5622/11898/543 5695/11899/543 5691/11900/543
f 5622/11499/474 5617/11901/474 5690/11902/474 5695/11903/474
f 5663/11904/544 5657/11905/544 5730/11906/544 5736/11907/544
f 5634/11908/545 5646/11909/545 5719/11910/545 5707/11490/545
f 5625/11911/545 5632/11912/545 5705/11913/545 5698/11914/545
f 5611/11915/545 5618/11509/545 5691/11916/545 5684/11917/545
f 5656/11830/546 5660/11783/546 5733/11786/546 5729/11831/546
f 5649/11784/522 5647/11787/522 5720/11788/522 5722/11785/522
f 5744/11918/447 5755/11919/447 5760/11920/447 5749/11921/447
f 5740/11922/447 5751/11923/447 5757/11924/447 5746/11925/447
f 5742/11926/447 5753/11927/447 5759/11928/447 5748/11929/447
f 5738/11930/447 5763/11931/447 5754/11932/447 5743/11933/447
f 5750/11934/447 5761/11935/447 5762/11936/447 5739/11937/447
f 5747/11938/447 5758/11939/447 5752/11940/447 5741/11941/447
f 5745/11942/447 5756/11943/447 5755/11919/447 5744/11918/447
f 5741/11941/447 5752/11940/447 5751/11923/447 5740/11922/447
f 5749/11921/447 5760/11920/447 5761/11935/447 5750/11934/447
f 5748/11929/447 5759/11928/447 5758/11939/447 5747/11938/447
f 5739/11937/447 5762/11936/447 5763/11931/447 5738/11930/447
f 5743/11933/447 5754/11932/447 5753/11927/447 5742/11926/447
f 5617/11586/478 5601/11944/478 5754/11945/478 5763/11587/478
f 5598/11811/513 5599/11607/513 5741/11608/513 5740/11946/513
f 5601/11944/478 5616/11846/478 5753/11947/478 5754/11945/478
f 5596/11582/508 5610/11589/508 5750/11592/508 5739/11583/508
f 5615/11822/472 5592/11821/472 5743/11948/472 5742/11949/472
f 5602/11854/516 5756/11950/516 5774/11951/516 5766/11952/516
f 5592/11821/529 5614/11581/529 5738/11584/529 5743/11948/529
f 5602/11854/514 5606/11601/514 5755/11602/514 5756/11950/514
f 5611/11594/512 5605/11585/512 5762/11588/512 5761/11595/512
f 5597/11597/526 5593/11824/526 5745/11953/526 5744/11598/526
f 5595/11604/521 5615/11822/521 5742/11949/521 5748/11605/521
f 5607/11578/534 5603/11864/534 5757/11954/534 5751/11579/534
f 5594/11773/528 5598/11811/528 5740/11946/528 5746/11774/528
f 5616/11846/518 5604/11609/518 5759/11610/518 5753/11947/518
f 5764/11955/517 5766/11956/517 5774/11957/517 5772/11503/517
f 5765/11958/519 5767/11959/519 5771/11696/519 5769/11695/519
f 5766/11956/517 5764/11955/517 5768/11688/517 5770/11687/517
f 5767/11959/519 5765/11958/519 5773/11690/519 5775/11960/519
f 5593/11824/515 5666/11674/515 5768/11673/515 5764/11961/515
f 5756/11943/447 5745/11942/447 5772/11962/447 5774/11963/447
f 5745/11953/515 5593/11824/515 5764/11961/515 5772/11964/515
f 5670/11825/508 5673/11693/508 5492/11694/508 5776/11965/508
f 5757/11954/547 5603/11864/547 5767/11966/547 5775/11967/547
f 5746/11925/447 5757/11924/447 5775/11968/447 5773/11969/447
f 5675/11670/516 5602/11854/516 5766/11952/516 5770/11681/516
f 5603/11864/547 5676/11865/547 5771/11970/547 5767/11966/547
f 5676/11865/534 5680/11683/534 5497/11686/534 5778/11971/534
f 5674/11678/478 5690/11665/478 5507/11668/478 5493/11679/478
f 5678/11666/512 5684/11807/512 5501/11972/512 5495/11667/512
f 5686/11876/509 5677/11691/509 5494/11692/509 5503/11973/509
f 5771/11970/547 5676/11865/547 5778/11971/547 5587/11974/547
f 5682/11888/512 5679/11669/512 5496/11672/512 5499/11975/512
f 5669/11574/510 5687/11808/510 5504/11976/510 5489/11575/510
f 5685/11810/513 5672/11809/513 5491/11977/513 5502/11978/513
f 5684/11807/512 5682/11888/512 5499/11975/512 5501/11972/512
f 5672/11809/513 5671/11812/513 5490/11979/513 5491/11977/513
f 5681/11684/509 5686/11876/509 5503/11973/509 5498/11685/509
f 5665/11823/472 5688/11703/472 5505/11706/472 5485/11980/472
f 5666/11674/526 5670/11825/526 5776/11965/526 5486/11675/526
f 5671/11812/528 5667/11699/528 5487/11702/528 5490/11979/528
f 5668/11704/513 5685/11810/513 5502/11978/513 5488/11705/513
f 5687/11808/529 5665/11823/529 5485/11980/529 5504/11976/529
